client,model,emotion,definition,activity,arousal,dominance,evaluation,pleasure,potency,unpredictability,valence,activity_mean,arousal_mean,dominance_mean,evaluation_mean,pleasure_mean,potency_mean,unpredictability_mean,valence_mean
unknown,groq_llama-4-maverick-17b-128e-instruct,acceptance,cambridge,"[0.4, 0.4, 0.4, 0.4, 0.4, 0.4, 0.4, 0.5, 0.4, 0.4, 0.4, 0.4, 0.4, 0.4, 0.4, 0.4, 0.4, 0.4, 0.4, 0.4, 0.4, 0.4, 0.4, 0.4, 0.4, 0.4, 0.4, 0.4, 0.4, 0.4, 0.4, 0.4, 0.4, 0.4, 0.4, 0.4, 0.4, 0.4, 0.4, 0.4]","[0.4, 0.4, 0.4, 0.4, 0.4, 0.4, 0.4, 0.4, 0.4, 0.4, 0.4, 0.4, 0.4, 0.4, 0.4, 0.4, 0.4, 0.4, 0.4, 0.4, 0.4, 0.4, 0.4, 0.4, 0.4, 0.4, 0.4, 0.4, 0.4, 0.4, 0.4, 0.4, 0.4, 0.4, 0.4, 0.4, 0.4, 0.4, 0.4, 0.4]","[0.2, 0.2, 0.2, 0.2, 0.2, 0.2, 0.2, 0.2, 0.2, 0.2, 0.2, 0.2, 0.2, 0.2, 0.2, 0.2, 0.2, 0.2, 0.2, 0.2]","[0.5, 0.5, 0.5, 0.5, 0.5, 0.5, 0.5, 0.5, 0.5, 0.5, 0.5, 0.5, 0.5, 0.5, 0.5, 0.5, 0.5, 0.5, 0.5, 0.5, 0.5, 0.5, 0.5, 0.5, 0.5, 0.5, 0.5, 0.5, 0.5, 0.5, 0.5, 0.5, 0.5, 0.5, 0.5, 0.5, 0.5, 0.5, 0.5, 0.5]","[0.5, 0.5, 0.5, 0.5, 0.5, 0.5, 0.5, 0.5, 0.5, 0.5, 0.5, 0.5, 0.5, 0.5, 0.5, 0.5, 0.5, 0.5, 0.5, 0.5]","[0.4, 0.4, 0.4, 0.4, 0.4, 0.4, 0.4, 0.35, 0.4, 0.4, 0.4, 0.4, 0.4, 0.4, 0.4, 0.4, 0.4, 0.4, 0.4, 0.4, 0.4, 0.4, 0.4, 0.4, 0.4, 0.4, 0.4, 0.42, 0.4, 0.4, 0.4, 0.4, 0.4, 0.4, 0.4, 0.4, 0.4, 0.4, 0.4, 0.4]","[0.5, 0.4, 0.5, 0.42, 0.5, 0.42, 0.42, 0.5, 0.5, 0.5, 0.5, 0.5, 0.42, 0.5, 0.42, 0.5, 0.42, 0.42, 0.5, 0.5]","[0.5, 0.5, 0.5, 0.5, 0.5, 0.5, 0.5, 0.5, 0.5, 0.5, 0.5, 0.5, 0.5, 0.5, 0.5, 0.5, 0.5, 0.5, 0.5, 0.5]",0.4025,0.4,0.2,0.5,0.5,0.3993,0.467,0.5
unknown,groq_llama-4-maverick-17b-128e-instruct,acceptance,sentiwordnet,"[0.3, 0.3, 0.3, 0.4, 0.3, 0.3, 0.3, 0.3, 0.3, 0.3, 0.4, 0.4, 0.3, 0.4, 0.3, 0.3, 0.3, 0.3, 0.4, 0.4, 0.4, 0.3, 0.3, 0.3, 0.4, 0.3, 0.3, 0.3, 0.3, 0.3, 0.4, 0.4, 0.3, 0.3, 0.4, 0.3, 0.3, 0.3, 0.4, 0.3]","[0.2, 0.2, 0.2, 0.3, 0.3, 0.2, 0.2, 0.2, 0.2, 0.3, 0.3, 0.3, 0.3, 0.3, 0.3, 0.2, 0.2, 0.2, 0.3, 0.3, 0.2, 0.2, 0.2, 0.2, 0.2, 0.3, 0.3, 0.2, 0.3, 0.3, 0.2, 0.3, 0.2, 0.3, 0.3, 0.2, 0.3, 0.2, 0.2, 0.3]","[0.2, 0.2, 0.2, 0.2, 0.2, 0.2, 0.2, 0.2, 0.2, 0.2, 0.2, 0.2, 0.2, 0.2, 0.2, 0.2, 0.2, 0.2, 0.2, 0.2]","[0.7, 0.8, 0.8, 0.7, 0.8, 0.8, 0.7, 0.8, 0.8, 0.8, 0.8, 0.7, 0.8, 0.7, 0.7, 0.8, 0.8, 0.8, 0.8, 0.7, 0.7, 0.8, 0.7, 0.7, 0.8, 0.8, 0.8, 0.8, 0.8, 0.7, 0.7, 0.7, 0.8, 0.7, 0.7, 0.7, 0.8, 0.8, 0.7, 0.7]","[0.7, 0.7, 0.7, 0.7, 0.7, 0.7, 0.7, 0.5, 0.7, 0.5, 0.7, 0.7, 0.7, 0.7, 0.7, 0.7, 0.7, 0.7, 0.7, 0.7]","[0.4, 0.4, 0.4, 0.4, 0.4, 0.4, 0.4, 0.42, 0.4, 0.4, 0.4, 0.4, 0.4, 0.4, 0.4, 0.4, 0.4, 0.4, 0.4, 0.4, 0.4, 0.4, 0.4, 0.4, 0.4, 0.4, 0.4, 0.4, 0.4, 0.4, 0.4, 0.4, 0.4, 0.4, 0.4, 0.4, 0.4, 0.4, 0.4, 0.4]","[0.4, 0.4, 0.4, 0.4, 0.4, 0.4, 0.4, 0.4, 0.4, 0.4, 0.4, 0.4, 0.4, 0.4, 0.4, 0.4, 0.4, 0.4, 0.4, 0.4]","[0.7, 0.7, 0.7, 0.7, 0.7, 0.7, 0.7, 0.7, 0.8, 0.7, 0.7, 0.7, 0.7, 0.8, 0.7, 0.7, 0.8, 0.7, 0.7, 0.7]",0.33,0.2475,0.2,0.755,0.68,0.4005,0.4,0.715
unknown,groq_llama-4-maverick-17b-128e-instruct,admiration,cambridge,"[0.7, 0.6, 0.7, 0.7, 0.7, 0.7, 0.7, 0.7, 0.7, 0.7, 0.7, 0.6, 0.7, 0.7, 0.6, 0.7, 0.7, 0.7, 0.6, 0.7, 0.7, 0.7, 0.7, 0.7, 0.7, 0.7, 0.7, 0.6, 0.7, 0.7, 0.7, 0.7, 0.7, 0.7, 0.7, 0.7, 0.7, 0.7, 0.7, 0.6]","[0.6, 0.6, 0.6, 0.6, 0.6, 0.6, 0.6, 0.6, 0.6, 0.6, 0.6, 0.6, 0.6, 0.6, 0.6, 0.6, 0.6, 0.6, 0.6, 0.6, 0.6, 0.6, 0.6, 0.6, 0.6, 0.6, 0.6, 0.6, 0.6, 0.6, 0.6, 0.6, 0.6, 0.6, 0.6, 0.6, 0.6, 0.6, 0.6, 0.6]","[0.2, 0.2, 0.2, 0.2, 0.2, 0.2, 0.2, 0.2, 0.2, 0.2, 0.2, 0.2, 0.2, 0.2, 0.2, 0.2, 0.2, 0.2, 0.2, 0.2]","[0.7, 0.7, 0.8, 0.7, 0.7, 0.7, 0.7, 0.7, 0.7, 0.7, 0.7, 0.7, 0.7, 0.7, 0.7, 0.7, 0.7, 0.7, 0.7, 0.7, 0.7, 0.7, 0.7, 0.7, 0.7, 0.7, 0.7, 0.7, 0.7, 0.7, 0.7, 0.7, 0.7, 0.7, 0.7, 0.7, 0.7, 0.7, 0.7, 0.7]","[0.7, 0.7, 0.7, 0.8, 0.8, 0.7, 0.7, 0.8, 0.7, 0.8, 0.7, 0.7, 0.7, 0.7, 0.7, 0.7, 0.7, 0.7, 0.8, 0.7]","[0.6, 0.6, 0.6, 0.6, 0.6, 0.6, 0.6, 0.6, 0.4, 0.6, 0.6, 0.6, 0.6, 0.6, 0.6, 0.6, 0.6, 0.6, 0.7, 0.6, 0.6, 0.6, 0.6, 0.6, 0.6, 0.6, 0.6, 0.6, 0.6, 0.6, 0.6, 0.6, 0.6, 0.7, 0.6, 0.6, 0.6, 0.6, 0.4, 0.6]","[0.4, 0.4, 0.4, 0.4, 0.4, 0.4, 0.4, 0.4, 0.4, 0.4, 0.4, 0.4, 0.4, 0.4, 0.4, 0.4, 0.4, 0.4, 0.4, 0.4]","[0.8, 0.8, 0.8, 0.8, 0.8, 0.8, 0.8, 0.8, 0.8, 0.7, 0.8, 0.8, 0.8, 0.8, 0.8, 0.7, 0.7, 0.7, 0.8, 0.8]",0.685,0.6,0.2,0.7025,0.725,0.595,0.4,0.78
unknown,groq_llama-4-maverick-17b-128e-instruct,admiration,sentiwordnet,"[0.7, 0.7, 0.7, 0.7, 0.7, 0.7, 0.7, 0.7, 0.7, 0.7, 0.7, 0.7, 0.7, 0.7, 0.7, 0.7, 0.7, 0.7, 0.7, 0.7, 0.7, 0.7, 0.7, 0.7, 0.7, 0.7, 0.7, 0.7, 0.7, 0.7, 0.7, 0.7, 0.7, 0.7, 0.7, 0.7, 0.7, 0.7, 0.7, 0.7]","[0.7, 0.7, 0.7, 0.7, 0.7, 0.7, 0.7, 0.7, 0.7, 0.7, 0.7, 0.7, 0.7, 0.7, 0.7, 0.7, 0.7, 0.7, 0.7, 0.7, 0.7, 0.7, 0.7, 0.7, 0.7, 0.7, 0.7, 0.7, 0.7, 0.7, 0.7, 0.6, 0.7, 0.7, 0.7, 0.7, 0.7, 0.7, 0.6, 0.7]","[0.2, 0.2, 0.2, 0.2, 0.2, 0.2, 0.2, 0.2, 0.2, 0.2, 0.2, 0.2, 0.2, 0.2, 0.2, 0.2, 0.2, 0.2, 0.2, 0.2]","[0.8, 0.8, 0.8, 0.8, 0.8, 0.8, 0.8, 0.8, 0.75, 0.8, 0.8, 0.8, 0.8, 0.8, 0.8, 0.8, 0.8, 0.8, 0.8, 0.8, 0.8, 0.8, 0.8, 0.8, 0.8, 0.8, 0.8, 0.8, 0.8, 0.8, 0.8, 0.8, 0.8, 0.8, 0.8, 0.8, 0.8, 0.8, 0.8, 0.8]","[0.8, 0.8, 0.8, 0.8, 0.8, 0.8, 0.8, 0.8, 0.8, 0.8, 0.8, 0.8, 0.8, 0.8, 0.8, 0.8, 0.8, 0.8, 0.8, 0.8]","[0.6, 0.6, 0.6, 0.6, 0.6, 0.6, 0.6, 0.6, 0.7, 0.6, 0.6, 0.6, 0.6, 0.6, 0.6, 0.6, 0.6, 0.6, 0.6, 0.6, 0.6, 0.6, 0.6, 0.7, 0.6, 0.6, 0.6, 0.6, 0.6, 0.6, 0.7, 0.6, 0.6, 0.6, 0.6, 0.6, 0.6, 0.6, 0.6, 0.6]","[0.4, 0.4, 0.4, 0.4, 0.4, 0.4, 0.4, 0.4, 0.4, 0.4, 0.4, 0.4, 0.4, 0.4, 0.4, 0.4, 0.4, 0.4, 0.4, 0.4]","[0.8, 0.8, 0.8, 0.8, 0.8, 0.8, 0.8, 0.8, 0.8, 0.8, 0.8, 0.8, 0.8, 0.8, 0.8, 0.8, 0.8, 0.8, 0.8, 0.8]",0.7,0.695,0.2,0.7988,0.8,0.6075,0.4,0.8
unknown,groq_llama-4-maverick-17b-128e-instruct,aggressiveness,cambridge,"[0.7, 0.8, 0.8, 0.8, 0.7, 0.8, 0.8, 0.8, 0.8, 0.8, 0.8, 0.8, 0.8, 0.8, 0.8, 0.8, 0.8, 0.8, 0.8, 0.7, 0.8, 0.8, 0.7, 0.8, 0.8, 0.8, 0.8, 0.8, 0.8, 0.7, 0.8, 0.8, 0.8, 0.7, 0.8, 0.7, 0.8, 0.8, 0.8, 0.8]","[0.8, 0.8, 0.8, 0.7, 0.8, 0.8, 0.8, 0.7, 0.8, 0.8, 0.8, 0.8, 0.8, 0.8, 0.8, 0.8, 0.8, 0.8, 0.8, 0.8, 0.8, 0.7, 0.8, 0.8, 0.8, 0.8, 0.8, 0.8, 0.8, 0.8, 0.8, 0.8, 0.8, 0.8, 0.8, 0.8, 0.8, 0.8, 0.8, 0.8]","[0.7, 0.7, 0.7, 0.7, 0.7, 0.7, 0.7, 0.7, 0.7, 0.7, 0.7, 0.7, 0.7, 0.7, 0.7, 0.7, 0.7, 0.7, 0.7, 0.7]","[-0.8, -0.8, -0.8, -0.8, -0.8, -0.8, -0.8, -0.8, -0.8, -0.8, -0.8, -0.8, -0.8, -0.8, -0.8, -0.8, -0.8, -0.8, -0.8, -0.8, -0.8, -0.8, -0.8, -0.8, -0.8, -0.8, -0.8, -0.8, -0.8, -0.8, -0.8, -0.8, -0.8, -0.8, -0.8, -0.8, -0.8, -0.8, -0.8, -0.8]","[-0.7, -0.8, -0.7, -0.7, -0.8, -0.7, -0.8, -0.7, -0.7, -0.7, -0.8, -0.7, -0.7, -0.8, -0.7, -0.7, -0.8, -0.7, -0.7, -0.8]","[0.8, 0.8, 0.8, 0.8, 0.8, 0.8, 0.8, 0.8, 0.8, 0.8, 0.8, 0.8, 0.8, 0.8, 0.8, 0.8, 0.8, 0.8, 0.8, 0.8, 0.8, 0.8, 0.8, 0.8, 0.8, 0.8, 0.8, 0.8, 0.8, 0.8, 0.8, 0.8, 0.8, 0.8, 0.8, 0.8, 0.8, 0.8, 0.8, 0.8]","[0.7, 0.7, 0.7, 0.7, 0.7, 0.7, 0.7, 0.7, 0.7, 0.7, 0.7, 0.7, 0.7, 0.7, 0.7, 0.7, 0.7, 0.7, 0.7, 0.7]","[-0.8, -0.8, -0.8, -0.8, -0.8, -0.8, -0.8, -0.8, -0.8, -0.8, -0.8, -0.8, -0.8, -0.8, -0.8, -0.8, -0.8, -0.8, -0.8, -0.8]",0.7825,0.7925,0.7,-0.8,-0.735,0.8,0.7,-0.8
unknown,groq_llama-4-maverick-17b-128e-instruct,aggressiveness,sentiwordnet,"[0.8, 0.8, 0.8, 0.8, 0.8, 0.8, 0.8, 0.8, 0.8, 0.8, 0.8, 0.8, 0.8, 0.8, 0.8, 0.8, 0.8, 0.8, 0.8, 0.8, 0.8, 0.8, 0.8, 0.8, 0.8, 0.8, 0.8, 0.8, 0.8, 0.8, 0.8, 0.8, 0.8, 0.8, 0.8, 0.8, 0.8, 0.8, 0.8, 0.8]","[0.8, 0.8, 0.8, 0.8, 0.8, 0.8, 0.8, 0.8, 0.8, 0.8, 0.8, 0.8, 0.8, 0.8, 0.8, 0.8, 0.8, 0.8, 0.8, 0.8, 0.8, 0.8, 0.8, 0.8, 0.8, 0.8, 0.8, 0.8, 0.8, 0.8, 0.8, 0.8, 0.8, 0.8, 0.8, 0.8, 0.8, 0.8, 0.8, 0.8]","[0.8, 0.7, 0.8, 0.8, 0.8, 0.8, 0.7, 0.8, 0.8, 0.7, 0.7, 0.8, 0.7, 0.8, 0.7, 0.8, 0.8, 0.8, 0.8, 0.7]","[-0.8, -0.8, -0.8, -0.8, -0.8, -0.8, -0.8, -0.8, -0.8, -0.8, -0.8, -0.8, -0.8, -0.8, -0.8, -0.8, -0.8, -0.8, -0.8, -0.8, -0.8, -0.8, -0.8, -0.8, -0.8, -0.8, -0.8, -0.8, -0.8, -0.8, -0.8, -0.8, -0.8, -0.8, -0.8, -0.8, -0.8, -0.8, -0.8, -0.8]","[-0.8, -0.8, -0.8, -0.8, -0.8, -0.7, -0.7, -0.7, -0.8, -0.8, -0.8, -0.8, -0.8, -0.8, -0.8, -0.8, -0.8, -0.8, -0.7, -0.7]","[0.8, 0.8, 0.8, 0.8, 0.8, 0.8, 0.8, 0.8, 0.8, 0.8, 0.8, 0.8, 0.8, 0.8, 0.8, 0.8, 0.8, 0.8, 0.8, 0.8, 0.8, 0.8, 0.8, 0.8, 0.8, 0.8, 0.8, 0.8, 0.8, 0.8, 0.8, 0.8, 0.8, 0.8, 0.8, 0.8, 0.8, 0.8, 0.8, 0.8]","[0.7, 0.7, 0.7, 0.7, 0.7, 0.7, 0.7, 0.7, 0.7, 0.7, 0.7, 0.7, 0.7, 0.7, 0.7, 0.7, 0.7, 0.7, 0.7, 0.7]","[-0.8, -0.8, -0.8, -0.8, -0.8, -0.8, -0.8, -0.8, -0.8, -0.8, -0.8, -0.8, -0.8, -0.8, -0.8, -0.8, -0.8, -0.8, -0.8, -0.8]",0.8,0.8,0.765,-0.8,-0.775,0.8,0.7,-0.8
unknown,groq_llama-4-maverick-17b-128e-instruct,amazement,cambridge,"[0.8, 0.8, 0.8, 0.8, 0.8, 0.8, 0.8, 0.8, 0.8, 0.8, 0.8, 0.8, 0.8, 0.8, 0.8, 0.8, 0.8, 0.8, 0.8, 0.8, 0.8, 0.8, 0.8, 0.8, 0.8, 0.8, 0.8, 0.8, 0.8, 0.8, 0.8, 0.8, 0.8, 0.8, 0.8, 0.8, 0.8, 0.8, 0.8, 0.8]","[0.8, 0.8, 0.8, 0.8, 0.8, 0.8, 0.8, 0.8, 0.8, 0.8, 0.8, 0.8, 0.8, 0.8, 0.8, 0.8, 0.8, 0.8, 0.8, 0.8, 0.8, 0.8, 0.8, 0.8, 0.8, 0.8, 0.8, 0.8, 0.8, 0.8, 0.8, 0.8, 0.8, 0.8, 0.8, 0.8, 0.8, 0.8, 0.8, 0.8]","[-0.5, -0.5, -0.5, -0.5, -0.5, -0.5, -0.5, -0.5, -0.5, -0.5, -0.5, -0.5, -0.5, -0.5, -0.5, -0.5, -0.5, -0.5, -0.5, -0.5]","[0.7, 0.7, 0.7, 0.8, 0.7, 0.7, 0.7, 0.7, 0.7, 0.7, 0.7, 0.7, 0.8, 0.7, 0.7, 0.7, 0.7, 0.7, 0.7, 0.7, 0.7, 0.7, 0.7, 0.7, 0.7, 0.7, 0.7, 0.7, 0.7, 0.7, 0.7, 0.7, 0.7, 0.7, 0.7, 0.7, 0.8, 0.5, 0.7, 0.7]","[0.8, 0.8, 0.8, 0.8, 0.8, 0.8, 0.8, 0.8, 0.8, 0.8, 0.8, 0.8, 0.8, 0.8, 0.8, 0.8, 0.8, 0.8, 0.8, 0.8]","[0.8, 0.8, 0.8, 0.8, 0.8, 0.8, 0.8, 0.8, 0.8, 0.8, 0.8, 0.8, 0.8, 0.8, 0.8, 0.8, 0.8, 0.8, 0.8, 0.8, 0.8, 0.8, 0.8, 0.8, 0.8, 0.8, 0.8, 0.8, 0.8, 0.8, 0.8, 0.8, 0.8, 0.8, 0.8, 0.8, 0.8, 0.8, 0.8, 0.8]","[0.8, 0.8, 0.8, 0.8, 0.8, 0.8, 0.8, 0.8, 0.8, 0.8, 0.8, 0.8, 0.8, 0.8, 0.8, 0.8, 0.8, 0.8, 0.8, 0.8]","[0.8, 0.8, 0.8, 0.7, 0.7, 0.7, 0.7, 0.7, 0.7, 0.8, 0.7, 0.7, 0.7, 0.7, 0.7, 0.7, 0.7, 0.7, 0.8, 0.7]",0.8,0.8,-0.5,0.7025,0.8,0.8,0.8,0.725
unknown,groq_llama-4-maverick-17b-128e-instruct,amazement,sentiwordnet,"[0.8, 0.8, 0.8, 0.8, 0.8, 0.8, 0.8, 0.8, 0.8, 0.8, 0.8, 0.8, 0.8, 0.8, 0.8, 0.8, 0.8, 0.8, 0.8, 0.8, 0.8, 0.8, 0.8, 0.8, 0.8, 0.8, 0.8, 0.8, 0.8, 0.8, 0.8, 0.8, 0.8, 0.8, 0.8, 0.8, 0.8, 0.8, 0.8, 0.8]","[0.8, 0.8, 0.8, 0.8, 0.8, 0.8, 0.8, 0.8, 0.8, 0.8, 0.8, 0.8, 0.8, 0.8, 0.8, 0.8, 0.8, 0.8, 0.8, 0.8, 0.8, 0.8, 0.8, 0.8, 0.8, 0.8, 0.8, 0.8, 0.8, 0.8, 0.8, 0.8, 0.8, 0.8, 0.8, 0.8, 0.8, 0.8, 0.8, 0.8]","[-0.5, -0.5, -0.3, -0.5, -0.3, -0.5, -0.2, -0.3, -0.2, -0.5, -0.5, -0.3, -0.2, -0.5, -0.2, -0.3, -0.5, -0.5, -0.3, -0.5]","[0.7, 0.8, 0.7, 0.5, 0.7, 0.5, 0.7, 0.7, 0.8, 0.7, 0.7, 0.7, 0.7, 0.8, 0.7, 0.7, 0.7, 0.8, 0.7, 0.7, 0.7, 0.7, 0.7, 0.7, 0.8, 0.7, 0.7, 0.7, 0.7, 0.7, 0.7, 0.7, 0.8, 0.7, 0.7, 0.7, 0.7, 0.7, 0.7, 0.7]","[0.7, 0.8, 0.8, 0.8, 0.7, 0.8, 0.8, 0.8, 0.8, 0.7, 0.8, 0.8, 0.8, 0.7, 0.8, 0.8, 0.8, 0.8, 0.7, 0.7]","[0.8, 0.8, 0.8, 0.8, 0.8, 0.8, 0.8, 0.8, 0.8, 0.8, 0.8, 0.8, 0.8, 0.8, 0.8, 0.8, 0.8, 0.8, 0.8, 0.8, 0.8, 0.8, 0.8, 0.8, 0.8, 0.8, 0.8, 0.8, 0.8, 0.8, 0.8, 0.8, 0.8, 0.8, 0.8, 0.8, 0.8, 0.8, 0.8, 0.8]","[0.8, 0.8, 0.8, 0.8, 0.8, 0.8, 0.8, 0.8, 0.8, 0.8, 0.8, 0.8, 0.8, 0.8, 0.8, 0.8, 0.8, 0.8, 0.8, 0.8]","[0.7, 0.7, 0.7, 0.7, 0.7, 0.7, 0.7, 0.7, 0.7, 0.7, 0.7, 0.7, 0.7, 0.7, 0.7, 0.7, 0.7, 0.7, 0.7, 0.7]",0.8,0.8,-0.38,0.705,0.77,0.8,0.8,0.7
unknown,groq_llama-4-maverick-17b-128e-instruct,anger,cambridge,"[0.8, 0.8, 0.8, 0.8, 0.8, 0.8, 0.8, 0.8, 0.8, 0.8, 0.8, 0.8, 0.8, 0.8, 0.8, 0.8, 0.8, 0.8, 0.8, 0.8, 0.8, 0.8, 0.8, 0.8, 0.8, 0.8, 0.8, 0.8, 0.8, 0.8, 0.8, 0.8, 0.8, 0.8, 0.8, 0.8, 0.8, 0.8, 0.8, 0.8]","[0.8, 0.8, 0.8, 0.8, 0.8, 0.8, 0.8, 0.8, 0.8, 0.8, 0.8, 0.8, 0.8, 0.8, 0.8, 0.8, 0.8, 0.8, 0.8, 0.8, 0.8, 0.8, 0.8, 0.8, 0.8, 0.8, 0.8, 0.8, 0.8, 0.8, 0.8, 0.8, 0.8, 0.8, 0.8, 0.8, 0.8, 0.8, 0.8, 0.8]","[0.2, 0.2, 0.2, -0.2, 0.2, 0.2, 0.2, 0.2, 0.2, 0.3, 0.2, 0.2, -0.3, 0.2, 0.3, 0.2, 0.2, 0.3, 0.2, 0.3]","[-0.8, -0.8, -0.8, -0.8, -0.8, -0.8, -0.8, -0.8, -0.8, -0.8, -0.8, -0.8, -0.8, -0.8, -0.8, -0.8, -0.8, -0.8, -0.8, -0.8, -0.8, -0.8, -0.8, -0.8, -0.8, -0.8, -0.8, -0.8, -0.8, -0.8, -0.8, -0.8, -0.8, -0.8, -0.8, -0.8, -0.8, -0.8, -0.8, -0.8]","[-0.8, -0.8, -0.8, -0.8, -0.8, -0.8, -0.8, -0.8, -0.8, -0.8, -0.8, -0.8, -0.8, -0.8, -0.8, -0.8, -0.8, -0.8, -0.8, -0.8]","[0.8, 0.8, 0.8, 0.8, 0.8, 0.8, 0.8, 0.7, 0.8, 0.8, 0.8, 0.8, 0.8, 0.8, 0.8, 0.7, 0.8, 0.8, 0.8, 0.7, 0.8, 0.8, 0.8, 0.8, 0.8, 0.7, 0.8, 0.8, 0.8, 0.8, 0.8, 0.8, 0.8, 0.8, 0.8, 0.8, 0.7, 0.8, 0.8, 0.8]","[0.7, 0.7, 0.7, 0.7, 0.7, 0.7, 0.7, 0.7, 0.7, 0.7, 0.7, 0.7, 0.7, 0.7, 0.7, 0.7, 0.7, 0.7, 0.7, 0.7]","[-0.8, -0.8, -0.8, -0.8, -0.8, -0.8, -0.8, -0.8, -0.8, -0.8, -0.8, -0.8, -0.8, -0.8, -0.8, -0.8, -0.8, -0.8, -0.8, -0.8]",0.8,0.8,0.175,-0.8,-0.8,0.7875,0.7,-0.8
unknown,groq_llama-4-maverick-17b-128e-instruct,anger,sentiwordnet,"[0.8, 0.8, 0.8, 0.8, 0.8, 0.8, 0.8, 0.8, 0.8, 0.8, 0.8, 0.8, 0.8, 0.8, 0.8, 0.8, 0.8, 0.8, 0.8, 0.8, 0.8, 0.8, 0.8, 0.8, 0.8, 0.8, 0.8, 0.8, 0.8, 0.8, 0.8, 0.8, 0.8, 0.8, 0.8, 0.8, 0.8, 0.8, 0.8, 0.8]","[0.8, 0.8, 0.8, 0.8, 0.8, 0.8, 0.8, 0.8, 0.8, 0.8, 0.8, 0.8, 0.8, 0.8, 0.8, 0.8, 0.8, 0.8, 0.8, 0.8, 0.8, 0.8, 0.8, 0.8, 0.8, 0.8, 0.8, 0.8, 0.8, 0.8, 0.8, 0.8, 0.8, 0.8, 0.8, 0.8, 0.8, 0.8, 0.8, 0.8]","[-0.3, -0.5, -0.6, -0.5, -0.3, -0.5, -0.3, -0.3, -0.3, -0.5, -0.5, -0.5, -0.5, -0.2, -0.5, -0.3, -0.5, -0.5, -0.5, -0.5]","[-0.8, -0.8, -0.8, -0.8, -0.8, -0.8, -0.8, -0.8, -0.8, -0.8, -0.8, -0.8, -0.8, -0.8, -0.8, -0.8, -0.8, -0.8, -0.8, -0.8, -0.8, -0.8, -0.8, -0.8, -0.8, -0.8, -0.8, -0.8, -0.8, -0.8, -0.8, -0.8, -0.8, -0.8, -0.8, -0.8, -0.8, -0.8, -0.8, -0.8]","[-0.8, -0.8, -0.8, -0.8, -0.8, -0.8, -0.8, -0.8, -0.8, -0.8, -0.8, -0.8, -0.8, -0.8, -0.8, -0.8, -0.8, -0.8, -0.8, -0.8]","[0.8, 0.8, 0.8, 0.8, 0.8, 0.8, 0.8, 0.8, 0.8, 0.8, 0.8, 0.8, 0.8, 0.8, 0.8, 0.8, 0.8, 0.8, 0.8, 0.8, 0.8, 0.8, 0.8, 0.8, 0.8, 0.8, 0.8, 0.8, 0.8, 0.8, 0.8, 0.8, 0.8, 0.8, 0.8, 0.8, 0.8, 0.8, 0.8, 0.8]","[0.7, 0.7, 0.7, 0.7, 0.7, 0.7, 0.7, 0.7, 0.7, 0.7, 0.7, 0.7, 0.7, 0.7, 0.7, 0.7, 0.7, 0.7, 0.7, 0.7]","[-0.8, -0.8, -0.8, -0.8, -0.8, -0.8, -0.8, -0.8, -0.8, -0.8, -0.8, -0.8, -0.8, -0.8, -0.8, -0.8, -0.8, -0.8, -0.8, -0.8]",0.8,0.8,-0.43,-0.8,-0.8,0.8,0.7,-0.8
unknown,groq_llama-4-maverick-17b-128e-instruct,annoyance,cambridge,"[0.7, 0.7, 0.7, 0.6, 0.7, 0.7, 0.7, 0.7, 0.7, 0.7, 0.7, 0.6, 0.6, 0.7, 0.7, 0.7, 0.6, 0.7, 0.6, 0.6, 0.7, 0.6, 0.7, 0.7, 0.7, 0.7, 0.6, 0.7, 0.7, 0.7, 0.7, 0.7, 0.7, 0.6, 0.7, 0.6, 0.7, 0.7, 0.7, 0.7]","[0.6, 0.6, 0.6, 0.6, 0.6, 0.6, 0.6, 0.6, 0.6, 0.6, 0.6, 0.7, 0.6, 0.6, 0.6, 0.6, 0.6, 0.6, 0.6, 0.6, 0.6, 0.6, 0.6, 0.7, 0.6, 0.6, 0.6, 0.6, 0.6, 0.6, 0.6, 0.6, 0.6, 0.6, 0.6, 0.6, 0.7, 0.6, 0.6, 0.6]","[-0.5, -0.5, -0.5, -0.5, -0.5, -0.5, -0.5, -0.5, -0.5, -0.5, -0.5, -0.5, -0.5, -0.5, -0.5, -0.5, -0.5, -0.3, -0.5, -0.5]","[-0.7, -0.7, -0.7, -0.8, -0.7, -0.8, -0.7, -0.7, -0.7, -0.7, -0.7, -0.7, -0.7, -0.7, -0.8, -0.7, -0.7, -0.7, -0.7, -0.7, -0.7, -0.7, -0.7, -0.7, -0.7, -0.8, -0.7, -0.7, -0.7, -0.8, -0.7, -0.8, -0.7, -0.8, -0.7, -0.7, -0.7, -0.7, -0.7, -0.7]","[-0.7, -0.7, -0.7, -0.7, -0.7, -0.7, -0.7, -0.7, -0.7, -0.7, -0.7, -0.7, -0.7, -0.7, -0.7, -0.7, -0.7, -0.7, -0.7, -0.7]","[0.7, 0.7, 0.7, 0.7, 0.7, 0.7, 0.7, 0.7, 0.7, 0.7, 0.6, 0.7, 0.67, 0.7, 0.7, 0.7, 0.6, 0.6, 0.7, 0.6, 0.7, 0.7, 0.7, 0.6, 0.7, 0.7, 0.7, 0.7, 0.7, 0.7, 0.7, 0.7, 0.6, 0.7, 0.7, 0.7, 0.6, 0.7, 0.7, 0.7]","[0.6, 0.6, 0.7, 0.5, 0.7, 0.7, 0.7, 0.7, 0.7, 0.7, 0.7, 0.7, 0.7, 0.67, 0.7, 0.7, 0.7, 0.7, 0.7, 0.6]","[-0.7, -0.8, -0.8, -0.8, -0.7, -0.7, -0.7, -0.7, -0.7, -0.7, -0.7, -0.7, -0.7, -0.8, -0.7, -0.8, -0.7, -0.8, -0.7, -0.7]",0.675,0.6075,-0.49,-0.7175,-0.7,0.6817,0.6735,-0.73
unknown,groq_llama-4-maverick-17b-128e-instruct,annoyance,sentiwordnet,"[0.6, 0.6, 0.6, 0.6, 0.6, 0.6, 0.6, 0.6, 0.6, 0.6, 0.6, 0.6, 0.6, 0.7, 0.6, 0.6, 0.6, 0.6, 0.6, 0.7, 0.7, 0.6, 0.6, 0.6, 0.6, 0.6, 0.6, 0.7, 0.6, 0.7, 0.6, 0.6, 0.6, 0.6, 0.6, 0.6, 0.6, 0.6, 0.6, 0.6]","[0.7, 0.6, 0.7, 0.7, 0.6, 0.6, 0.7, 0.6, 0.7, 0.7, 0.7, 0.7, 0.7, 0.6, 0.7, 0.6, 0.7, 0.7, 0.7, 0.6, 0.7, 0.6, 0.7, 0.6, 0.7, 0.7, 0.6, 0.7, 0.7, 0.7, 0.7, 0.6, 0.6, 0.7, 0.7, 0.6, 0.7, 0.7, 0.7, 0.7]","[-0.5, -0.5, -0.5, -0.3, -0.4, -0.5, -0.4, -0.5, -0.3, -0.5, -0.5, -0.5, -0.5, -0.5, -0.5, -0.5, -0.5, -0.3, -0.3, -0.5]","[-0.7, -0.7, -0.7, -0.7, -0.7, -0.7, -0.7, -0.7, -0.7, -0.7, -0.7, -0.7, -0.7, -0.7, -0.8, -0.7, -0.7, -0.7, -0.7, -0.7, -0.7, -0.7, -0.7, -0.7, -0.7, -0.7, -0.7, -0.7, -0.8, -0.7, -0.7, -0.7, -0.7, -0.7, -0.7, -0.7, -0.7, -0.7, -0.7, -0.7]","[-0.7, -0.7, -0.7, -0.7, -0.7, -0.7, -0.7, -0.7, -0.7, -0.7, -0.7, -0.7, -0.7, -0.7, -0.7, -0.7, -0.7, -0.7, -0.7, -0.7]","[0.4, 0.6, 0.4, 0.4, 0.6, 0.6, 0.4, 0.6, 0.6, 0.6, 0.4, 0.4, 0.4, 0.6, 0.6, 0.6, 0.4, 0.6, 0.6, 0.4, 0.6, 0.4, 0.4, 0.6, 0.6, 0.4, 0.4, 0.4, 0.6, 0.6, 0.6, 0.6, 0.6, 0.6, 0.6, 0.6, 0.6, 0.6, 0.4, 0.4]","[0.7, 0.5, 0.7, 0.7, 0.6, 0.7, 0.6, 0.7, 0.7, 0.5, 0.5, 0.6, 0.7, 0.6, 0.6, 0.6, 0.6, 0.6, 0.6, 0.7]","[-0.8, -0.8, -0.8, -0.8, -0.7, -0.7, -0.7, -0.7, -0.7, -0.8, -0.7, -0.8, -0.8, -0.8, -0.8, -0.8, -0.7, -0.8, -0.7, -0.8]",0.6125,0.6675,-0.45,-0.705,-0.7,0.52,0.625,-0.76
unknown,groq_llama-4-maverick-17b-128e-instruct,anticipation,cambridge,"[0.7, 0.7, 0.7, 0.7, 0.7, 0.7, 0.7, 0.7, 0.7, 0.7, 0.7, 0.7, 0.7, 0.7, 0.7, 0.7, 0.7, 0.7, 0.7, 0.7, 0.7, 0.7, 0.7, 0.7, 0.7, 0.7, 0.7, 0.7, 0.7, 0.7, 0.7, 0.7, 0.7, 0.7, 0.7, 0.7, 0.7, 0.7, 0.7, 0.7]","[0.7, 0.7, 0.7, 0.7, 0.7, 0.7, 0.7, 0.7, 0.7, 0.7, 0.7, 0.7, 0.7, 0.7, 0.7, 0.7, 0.7, 0.7, 0.7, 0.7, 0.7, 0.7, 0.7, 0.7, 0.7, 0.7, 0.7, 0.7, 0.7, 0.7, 0.7, 0.7, 0.7, 0.7, 0.7, 0.7, 0.7, 0.7, 0.7, 0.7]","[0.2, 0.2, 0.2, 0.2, 0.2, 0.2, 0.2, 0.2, 0.2, 0.2, 0.2, 0.2, 0.2, 0.2, 0.2, 0.2, 0.2, 0.2, 0.2, 0.2]","[0.7, 0.7, 0.7, 0.7, 0.7, 0.7, 0.7, 0.7, 0.7, 0.7, 0.7, 0.7, 0.7, 0.5, 0.7, 0.7, 0.7, 0.7, 0.7, 0.7, 0.7, 0.7, 0.7, 0.7, 0.7, 0.7, 0.7, 0.7, 0.7, 0.7, 0.7, 0.7, 0.7, 0.7, 0.7, 0.7, 0.7, 0.7, 0.7, 0.7]","[0.7, 0.7, 0.7, 0.7, 0.7, 0.7, 0.7, 0.7, 0.7, 0.7, 0.7, 0.7, 0.7, 0.7, 0.7, 0.7, 0.7, 0.7, 0.7, 0.7]","[0.7, 0.7, 0.7, 0.7, 0.7, 0.7, 0.7, 0.7, 0.7, 0.7, 0.7, 0.7, 0.7, 0.7, 0.7, 0.7, 0.7, 0.7, 0.7, 0.7, 0.7, 0.7, 0.7, 0.7, 0.7, 0.7, 0.7, 0.7, 0.7, 0.7, 0.7, 0.7, 0.7, 0.7, 0.7, 0.7, 0.7, 0.7, 0.7, 0.7]","[0.4, 0.4, 0.4, 0.4, 0.4, 0.4, 0.4, 0.4, 0.4, 0.4, 0.4, 0.4, 0.4, 0.4, 0.4, 0.4, 0.4, 0.4, 0.4, 0.4]","[0.7, 0.7, 0.7, 0.7, 0.7, 0.7, 0.7, 0.7, 0.7, 0.7, 0.7, 0.7, 0.7, 0.7, 0.7, 0.7, 0.7, 0.7, 0.7, 0.7]",0.7,0.7,0.2,0.695,0.7,0.7,0.4,0.7
unknown,groq_llama-4-maverick-17b-128e-instruct,anticipation,sentiwordnet,"[0.7, 0.7, 0.7, 0.7, 0.7, 0.7, 0.7, 0.7, 0.7, 0.7, 0.7, 0.7, 0.7, 0.7, 0.7, 0.7, 0.7, 0.7, 0.7, 0.7, 0.7, 0.7, 0.7, 0.7, 0.7, 0.7, 0.7, 0.7, 0.7, 0.7, 0.7, 0.7, 0.7, 0.7, 0.7, 0.7, 0.7, 0.7, 0.7, 0.7]","[0.7, 0.7, 0.7, 0.7, 0.7, 0.7, 0.7, 0.7, 0.7, 0.7, 0.7, 0.7, 0.7, 0.7, 0.7, 0.7, 0.7, 0.7, 0.7, 0.7, 0.7, 0.7, 0.7, 0.7, 0.7, 0.7, 0.7, 0.7, 0.7, 0.7, 0.7, 0.7, 0.7, 0.7, 0.7, 0.7, 0.7, 0.7, 0.7, 0.7]","[0.5, 0.5, 0.5, 0.5, 0.5, 0.5, 0.5, 0.5, 0.5, 0.5, 0.5, 0.5, 0.5, 0.5, 0.5, 0.5, 0.7, 0.5, 0.5, 0.7]","[0.7, 0.7, 0.7, 0.7, 0.7, 0.7, 0.7, 0.7, 0.7, 0.7, 0.7, 0.7, 0.7, 0.7, 0.7, 0.7, 0.7, 0.7, 0.7, 0.7, 0.7, 0.7, 0.7, 0.7, 0.7, 0.7, 0.7, 0.7, 0.7, 0.7, 0.7, 0.7, 0.7, 0.7, 0.7, 0.7, 0.7, 0.7, 0.7, 0.7]","[0.7, 0.7, 0.7, 0.7, 0.7, 0.7, 0.7, 0.7, 0.7, 0.7, 0.7, 0.7, 0.7, 0.7, 0.7, 0.7, 0.7, 0.7, 0.7, 0.7]","[0.7, 0.7, 0.7, 0.7, 0.7, 0.7, 0.7, 0.7, 0.7, 0.7, 0.7, 0.7, 0.7, 0.7, 0.7, 0.7, 0.7, 0.7, 0.7, 0.7, 0.7, 0.7, 0.7, 0.7, 0.7, 0.7, 0.7, 0.7, 0.7, 0.7, 0.7, 0.7, 0.7, 0.7, 0.7, 0.7, 0.7, 0.7, 0.7, 0.7]","[0.3, 0.3, 0.3, 0.43, 0.3, 0.35, 0.3, 0.4, 0.3, 0.4, 0.3, 0.3, 0.3, 0.4, 0.4, 0.4, 0.3, 0.3, 0.3, 0.3]","[0.7, 0.7, 0.5, 0.5, 0.5, 0.7, 0.7, 0.5, 0.5, 0.7, 0.7, 0.7, 0.5, 0.5, 0.5, 0.7, 0.7, 0.7, 0.7, 0.5]",0.7,0.7,0.52,0.7,0.7,0.7,0.334,0.61
unknown,groq_llama-4-maverick-17b-128e-instruct,apprehension,cambridge,"[0.7, 0.7, 0.7, 0.7, 0.7, 0.7, 0.7, 0.7, 0.7, 0.7, 0.7, 0.7, 0.7, 0.7, 0.7, 0.7, 0.7, 0.7, 0.7, 0.7, 0.7, 0.7, 0.7, 0.7, 0.6, 0.7, 0.7, 0.7, 0.7, 0.7, 0.7, 0.7, 0.7, 0.7, 0.7, 0.7, 0.7, 0.7, 0.7, 0.7]","[0.7, 0.7, 0.7, 0.7, 0.7, 0.7, 0.7, 0.7, 0.7, 0.7, 0.7, 0.7, 0.7, 0.7, 0.7, 0.7, 0.7, 0.7, 0.7, 0.7, 0.7, 0.7, 0.7, 0.7, 0.7, 0.7, 0.7, 0.7, 0.7, 0.7, 0.7, 0.7, 0.7, 0.7, 0.7, 0.7, 0.7, 0.7, 0.7, 0.7]","[-0.5, -0.5, -0.5, -0.5, -0.5, -0.5, -0.5, -0.5, -0.5, -0.5, -0.5, -0.5, -0.5, -0.5, -0.5, -0.5, -0.5, -0.5, -0.5, -0.5]","[-0.7, -0.7, -0.8, -0.7, -0.7, -0.7, -0.7, -0.7, -0.7, -0.7, -0.7, -0.7, -0.7, -0.8, -0.7, -0.7, -0.7, -0.7, -0.8, -0.8, -0.8, -0.7, -0.7, -0.7, -0.7, -0.7, -0.7, -0.7, -0.8, -0.7, -0.8, -0.7, -0.8, -0.8, -0.7, -0.7, -0.7, -0.7, -0.7, -0.8]","[-0.7, -0.7, -0.7, -0.7, -0.7, -0.7, -0.7, -0.7, -0.7, -0.7, -0.7, -0.7, -0.7, -0.7, -0.7, -0.7, -0.7, -0.7, -0.7, -0.7]","[0.7, 0.67, 0.67, 0.67, 0.7, 0.6, 0.7, 0.6, 0.67, 0.6, 0.6, 0.6, 0.7, 0.67, 0.6, 0.6, 0.6, 0.7, 0.6, 0.6, 0.67, 0.67, 0.7, 0.7, 0.7, 0.67, 0.7, 0.6, 0.67, 0.6, 0.6, 0.7, 0.6, 0.6, 0.67, 0.7, 0.67, 0.6, 0.7, 0.6]","[0.7, 0.7, 0.7, 0.7, 0.7, 0.7, 0.7, 0.7, 0.7, 0.7, 0.7, 0.7, 0.7, 0.7, 0.7, 0.7, 0.7, 0.7, 0.7, 0.67]","[-0.7, -0.8, -0.8, -0.8, -0.8, -0.8, -0.8, -0.8, -0.8, -0.8, -0.8, -0.8, -0.7, -0.8, -0.7, -0.8, -0.8, -0.8, -0.8, -0.7]",0.6975,0.7,-0.5,-0.725,-0.7,0.6493,0.6985,-0.78
unknown,groq_llama-4-maverick-17b-128e-instruct,apprehension,sentiwordnet,"[0.7, 0.7, 0.7, 0.7, 0.7, 0.7, 0.8, 0.7, 0.7, 0.7, 0.7, 0.8, 0.8, 0.7, 0.8, 0.7, 0.7, 0.7, 0.7, 0.8, 0.7, 0.7, 0.7, 0.7, 0.7, 0.7, 0.8, 0.7, 0.8, 0.7, 0.7, 0.7, 0.8, 0.8, 0.7, 0.7, 0.7, 0.7, 0.7, 0.7]","[0.7, 0.7, 0.7, 0.7, 0.7, 0.7, 0.7, 0.7, 0.7, 0.7, 0.7, 0.7, 0.7, 0.7, 0.7, 0.7, 0.7, 0.7, 0.7, 0.7, 0.7, 0.7, 0.7, 0.7, 0.7, 0.7, 0.7, 0.7, 0.7, 0.7, 0.7, 0.7, 0.7, 0.7, 0.7, 0.7, 0.7, 0.7, 0.7, 0.7]","[-0.7, -0.7, -0.7, -0.7, -0.7, -0.7, -0.7, -0.7, -0.7, -0.7, -0.7, -0.7, -0.7, -0.7, -0.7, -0.7, -0.7, -0.7, -0.7, -0.7]","[-0.8, -0.8, -0.8, -0.8, -0.8, -0.8, -0.8, -0.8, -0.8, -0.8, -0.8, -0.8, -0.8, -0.8, -0.8, -0.8, -0.8, -0.8, -0.8, -0.8, -0.8, -0.8, -0.8, -0.8, -0.8, -0.8, -0.8, -0.8, -0.8, -0.8, -0.8, -0.8, -0.8, -0.8, -0.8, -0.8, -0.8, -0.8, -0.8, -0.8]","[-0.8, -0.8, -0.8, -0.8, -0.8, -0.8, -0.8, -0.8, -0.8, -0.8, -0.8, -0.8, -0.8, -0.8, -0.8, -0.8, -0.8, -0.8, -0.8, -0.8]","[0.6, 0.7, 0.6, 0.6, 0.6, 0.6, 0.6, 0.7, 0.6, 0.6, 0.6, 0.7, 0.6, 0.6, 0.6, 0.7, 0.6, 0.6, 0.6, 0.6, 0.6, 0.7, 0.7, 0.6, 0.6, 0.7, 0.6, 0.6, 0.6, 0.6, 0.7, 0.7, 0.6, 0.6, 0.6, 0.6, 0.6, 0.6, 0.7, 0.7]","[0.7, 0.7, 0.7, 0.7, 0.6, 0.7, 0.7, 0.7, 0.7, 0.7, 0.7, 0.7, 0.7, 0.7, 0.7, 0.7, 0.7, 0.7, 0.7, 0.7]","[-0.8, -0.7, -0.7, -0.8, -0.8, -0.8, -0.8, -0.7, -0.8, -0.8, -0.7, -0.7, -0.8, -0.7, -0.7, -0.8, -0.7, -0.8, -0.7, -0.7]",0.7225,0.7,-0.7,-0.8,-0.8,0.6275,0.695,-0.75
unknown,groq_llama-4-maverick-17b-128e-instruct,awe,cambridge,"[0.8, 0.8, 0.8, 0.8, 0.8, 0.8, 0.8, 0.8, 0.8, 0.8, 0.8, 0.8, 0.7, 0.8, 0.8, 0.8, 0.8, 0.8, 0.8, 0.8, 0.8, 0.8, 0.8, 0.8, 0.8, 0.8, 0.8, 0.8, 0.8, 0.8, 0.8, 0.8, 0.8, 0.8, 0.8, 0.8, 0.8, 0.8, 0.8, 0.8]","[0.8, 0.8, 0.8, 0.8, 0.8, 0.8, 0.8, 0.8, 0.8, 0.8, 0.8, 0.8, 0.8, 0.8, 0.8, 0.8, 0.8, 0.8, 0.8, 0.8, 0.8, 0.8, 0.8, 0.8, 0.8, 0.8, 0.8, 0.8, 0.7, 0.8, 0.8, 0.8, 0.8, 0.8, 0.8, 0.8, 0.8, 0.8, 0.8, 0.8]","[-0.2, -0.3, -0.2, -0.2, -0.2, -0.2, -0.2, -0.2, -0.2, -0.2, -0.2, -0.2, -0.5, -0.2, -0.5, -0.5, -0.2, -0.2, -0.2, -0.2]","[0.7, 0.7, 0.7, 0.7, 0.7, 0.7, 0.7, 0.7, 0.7, 0.7, 0.7, 0.7, 0.7, 0.7, 0.7, 0.7, 0.7, 0.7, 0.7, 0.7, 0.7, 0.7, 0.7, 0.7, 0.7, 0.7, 0.7, 0.7, 0.7, 0.7, 0.7, 0.7, 0.7, 0.7, 0.7, 0.7, 0.7, 0.7, 0.7, 0.7]","[0.7, 0.7, 0.7, 0.7, 0.7, 0.7, 0.7, 0.7, 0.7, 0.7, 0.7, 0.7, 0.7, 0.7, 0.7, 0.7, 0.7, 0.7, 0.7, 0.7]","[0.8, 0.8, 0.8, 0.8, 0.8, 0.8, 0.8, 0.8, 0.8, 0.8, 0.8, 0.8, 0.8, 0.8, 0.8, 0.8, 0.8, 0.8, 0.8, 0.8, 0.8, 0.8, 0.8, 0.8, 0.8, 0.8, 0.8, 0.8, 0.8, 0.8, 0.8, 0.8, 0.8, 0.8, 0.8, 0.8, 0.8, 0.8, 0.8, 0.8]","[0.7, 0.7, 0.7, 0.7, 0.7, 0.7, 0.7, 0.7, 0.7, 0.7, 0.7, 0.7, 0.7, 0.7, 0.7, 0.7, 0.7, 0.7, 0.8, 0.7]","[0.5, 0.5, 0.5, 0.5, 0.5, 0.5, 0.5, 0.5, 0.5, 0.5, 0.5, 0.5, 0.7, 0.5, 0.5, 0.5, 0.5, 0.5, 0.5, 0.5]",0.7975,0.7975,-0.25,0.7,0.7,0.8,0.705,0.51
unknown,groq_llama-4-maverick-17b-128e-instruct,awe,sentiwordnet,"[0.8, 0.8, 0.8, 0.8, 0.8, 0.8, 0.8, 0.8, 0.8, 0.8, 0.8, 0.8, 0.8, 0.8, 0.8, 0.8, 0.8, 0.8, 0.8, 0.8, 0.8, 0.8, 0.8, 0.8, 0.8, 0.8, 0.8, 0.8, 0.8, 0.8, 0.8, 0.8, 0.8, 0.8, 0.8, 0.8, 0.8, 0.8, 0.8, 0.8]","[0.8, 0.8, 0.8, 0.8, 0.8, 0.8, 0.8, 0.8, 0.8, 0.8, 0.8, 0.8, 0.8, 0.8, 0.8, 0.8, 0.8, 0.8, 0.8, 0.8, 0.8, 0.8, 0.8, 0.8, 0.8, 0.8, 0.8, 0.8, 0.8, 0.8, 0.8, 0.8, 0.8, 0.8, 0.8, 0.8, 0.8, 0.8, 0.8, 0.8]","[-0.5, -0.7, -0.5, -0.5, -0.5, -0.5, -0.5, -0.5, -0.5, -0.5, -0.5, -0.5, -0.5, -0.5, -0.5, -0.5, -0.5, -0.5, -0.5, -0.5]","[0.8, 0.8, 0.8, 0.8, 0.8, 0.8, 0.8, 0.8, 0.8, 0.8, 0.7, 0.8, 0.8, 0.8, 0.8, 0.8, 0.8, 0.8, 0.8, 0.8, 0.8, 0.8, 0.8, 0.8, 0.8, 0.8, 0.8, 0.8, 0.8, 0.8, 0.8, 0.8, 0.8, 0.8, 0.8, 0.8, 0.8, 0.8, 0.8, 0.8]","[0.8, 0.8, 0.8, 0.8, 0.8, 0.8, 0.8, 0.8, 0.8, 0.8, 0.8, 0.8, 0.8, 0.8, 0.8, 0.8, 0.8, 0.8, 0.8, 0.8]","[0.8, 0.8, 0.8, 0.8, 0.8, 0.8, 0.8, 0.8, 0.8, 0.8, 0.8, 0.8, 0.8, 0.8, 0.8, 0.8, 0.8, 0.8, 0.8, 0.8, 0.8, 0.8, 0.8, 0.8, 0.8, 0.8, 0.8, 0.8, 0.8, 0.8, 0.8, 0.8, 0.8, 0.8, 0.8, 0.8, 0.8, 0.8, 0.8, 0.8]","[0.7, 0.7, 0.7, 0.7, 0.7, 0.7, 0.7, 0.7, 0.7, 0.7, 0.7, 0.7, 0.8, 0.7, 0.7, 0.7, 0.7, 0.7, 0.7, 0.7]","[0.7, 0.8, 0.8, 0.7, 0.7, 0.8, 0.7, 0.8, 0.8, 0.8, 0.7, 0.8, 0.8, 0.8, 0.7, 0.7, 0.8, 0.8, 0.8, 0.8]",0.8,0.8,-0.51,0.7975,0.8,0.8,0.705,0.765
unknown,groq_llama-4-maverick-17b-128e-instruct,boredom,cambridge,"[0.2, 0.2, 0.2, 0.2, 0.2, 0.2, 0.2, 0.2, 0.2, 0.2, 0.2, 0.2, 0.2, 0.2, 0.2, 0.2, 0.2, 0.2, 0.2, 0.2, 0.2, 0.2, 0.2, 0.2, 0.2, 0.2, 0.2, 0.2, 0.2, 0.2, 0.2, 0.2, 0.2, 0.2, 0.2, 0.2, 0.2, 0.2, 0.2, 0.2]","[0.2, 0.2, 0.2, 0.2, 0.2, 0.2, 0.2, 0.2, 0.2, 0.2, 0.2, 0.2, 0.2, 0.2, 0.2, 0.2, 0.2, 0.2, 0.2, 0.2, 0.2, 0.2, 0.2, 0.2, 0.2, 0.2, 0.2, 0.2, 0.2, 0.2, 0.2, 0.3, 0.3, 0.2, 0.2, 0.2, 0.2, 0.2, 0.2, 0.2]","[-0.5, -0.5, -0.5, -0.5, -0.5, -0.5, -0.5, -0.5, -0.5, -0.5, -0.5, -0.5, -0.5, -0.5, -0.5, -0.5, -0.5, -0.5, -0.5, -0.5]","[-0.7, -0.7, -0.8, -0.7, -0.7, -0.7, -0.7, -0.7, -0.7, -0.7, -0.7, -0.7, -0.7, -0.7, -0.7, -0.7, -0.7, -0.7, -0.7, -0.7, -0.7, -0.7, -0.7, -0.7, -0.7, -0.7, -0.7, -0.7, -0.7, -0.7, -0.7, -0.7, -0.7, -0.8, -0.7, -0.7, -0.8, -0.7, -0.7, -0.8]","[-0.7, -0.7, -0.7, -0.7, -0.7, -0.7, -0.7, -0.7, -0.7, -0.7, -0.7, -0.7, -0.7, -0.7, -0.7, -0.7, -0.7, -0.7, -0.7, -0.7]","[0.2, 0.2, 0.2, 0.2, 0.2, 0.2, 0.2, 0.2, 0.2, 0.2, 0.2, 0.2, 0.2, 0.2, 0.2, 0.2, 0.2, 0.2, 0.2, 0.2, 0.2, 0.2, 0.2, 0.2, 0.2, 0.2, 0.2, 0.2, 0.2, 0.2, 0.2, 0.2, 0.2, 0.2, 0.2, 0.2, 0.2, 0.2, 0.2, 0.2]","[0.4, 0.4, 0.5, 0.4, 0.4, 0.4, 0.4, 0.4, 0.4, 0.4, 0.5, 0.4, 0.4, 0.4, 0.4, 0.4, 0.4, 0.4, 0.4, 0.4]","[-0.5, -0.7, -0.7, -0.5, -0.7, -0.7, -0.7, -0.7, -0.7, -0.7, -0.5, -0.7, -0.7, -0.7, -0.7, -0.5, -0.7, -0.7, -0.7, -0.7]",0.2,0.205,-0.5,-0.71,-0.7,0.2,0.41,-0.66
unknown,groq_llama-4-maverick-17b-128e-instruct,boredom,sentiwordnet,"[0.2, 0.2, 0.2, 0.2, 0.2, 0.2, 0.2, 0.2, 0.2, 0.2, 0.2, 0.2, 0.2, 0.2, 0.2, 0.2, 0.2, 0.2, 0.2, 0.2, 0.2, 0.2, 0.2, 0.2, 0.2, 0.2, 0.2, 0.2, 0.2, 0.2, 0.2, 0.2, 0.2, 0.2, 0.2, 0.2, 0.2, 0.2, 0.2, 0.2]","[0.2, 0.2, 0.2, 0.2, 0.2, 0.2, 0.2, 0.2, 0.2, 0.2, 0.2, 0.2, 0.2, 0.2, 0.2, 0.2, 0.2, 0.2, 0.2, 0.2, 0.2, 0.2, 0.2, 0.2, 0.2, 0.2, 0.2, 0.2, 0.2, 0.2, 0.2, 0.2, 0.2, 0.2, 0.2, 0.2, 0.2, 0.2, 0.2, 0.2]","[-0.5, -0.5, -0.5, -0.5, -0.5, -0.5, -0.5, -0.5, -0.5, -0.5, -0.5, -0.5, -0.5, -0.5, -0.5, -0.5, -0.5, -0.5, -0.5, -0.5]","[-0.7, -0.7, -0.7, -0.7, -0.7, -0.7, -0.8, -0.7, -0.7, -0.7, -0.7, -0.7, -0.7, -0.7, -0.7, -0.7, -0.7, -0.7, -0.7, -0.7, -0.7, -0.7, -0.7, -0.7, -0.7, -0.8, -0.7, -0.7, -0.7, -0.7, -0.7, -0.7, -0.8, -0.7, -0.7, -0.7, -0.7, -0.7, -0.8, -0.7]","[-0.7, -0.7, -0.7, -0.7, -0.7, -0.7, -0.7, -0.7, -0.7, -0.7, -0.7, -0.7, -0.7, -0.7, -0.7, -0.7, -0.7, -0.7, -0.7, -0.7]","[0.2, 0.2, 0.2, 0.2, 0.2, 0.2, 0.2, 0.2, 0.2, 0.2, 0.2, 0.2, 0.2, 0.2, 0.2, 0.2, 0.2, 0.2, 0.2, 0.2, 0.2, 0.2, 0.2, 0.2, 0.2, 0.2, 0.2, 0.2, 0.2, 0.2, 0.2, 0.2, 0.2, 0.2, 0.3, 0.2, 0.2, 0.2, 0.2, 0.2]","[0.4, 0.4, 0.3, 0.4, 0.4, 0.4, 0.4, 0.4, 0.4, 0.4, 0.4, 0.4, 0.4, 0.4, 0.4, 0.4, 0.4, 0.4, 0.4, 0.4]","[-0.7, -0.7, -0.7, -0.7, -0.7, -0.7, -0.7, -0.7, -0.7, -0.7, -0.7, -0.7, -0.7, -0.7, -0.7, -0.7, -0.7, -0.7, -0.7, -0.7]",0.2,0.2,-0.5,-0.71,-0.7,0.2025,0.395,-0.7
unknown,groq_llama-4-maverick-17b-128e-instruct,contempt,cambridge,"[0.8, 0.8, 0.7, 0.7, 0.8, 0.8, 0.7, 0.8, 0.8, 0.8, 0.8, 0.8, 0.8, 0.8, 0.8, 0.7, 0.8, 0.8, 0.8, 0.8, 0.8, 0.7, 0.7, 0.8, 0.8, 0.8, 0.8, 0.8, 0.8, 0.8, 0.8, 0.8, 0.8, 0.8, 0.8, 0.8, 0.8, 0.7, 0.8, 0.8]","[0.7, 0.7, 0.8, 0.7, 0.7, 0.7, 0.7, 0.7, 0.7, 0.7, 0.8, 0.7, 0.7, 0.7, 0.7, 0.7, 0.7, 0.7, 0.7, 0.7, 0.7, 0.7, 0.7, 0.7, 0.7, 0.7, 0.7, 0.7, 0.7, 0.7, 0.7, 0.7, 0.7, 0.7, 0.7, 0.7, 0.7, 0.7, 0.7, 0.7]","[0.5, 0.5, 0.7, 0.7, 0.7, 0.7, 0.5, 0.5, 0.7, 0.7, 0.7, 0.5, 0.5, 0.7, 0.7, 0.7, 0.5, 0.7, 0.5, 0.7]","[-0.8, -0.8, -0.8, -0.8, -0.8, -0.8, -0.8, -0.8, -0.8, -0.8, -0.8, -0.8, -0.8, -0.8, -0.8, -0.8, -0.8, -0.8, -0.8, -0.8, -0.8, -0.8, -0.8, -0.8, -0.8, -0.8, -0.8, -0.8, -0.8, -0.8, -0.8, -0.8, -0.8, -0.8, -0.8, -0.8, -0.8, -0.8, -0.8, -0.8]","[-0.8, -0.8, -0.8, -0.8, -0.8, -0.8, -0.8, -0.8, -0.8, -0.8, -0.8, -0.8, -0.8, -0.8, -0.8, -0.8, -0.8, -0.8, -0.8, -0.8]","[0.8, 0.8, 0.8, 0.8, 0.8, 0.8, 0.8, 0.8, 0.8, 0.8, 0.8, 0.8, 0.8, 0.8, 0.8, 0.8, 0.8, 0.8, 0.8, 0.8, 0.8, 0.8, 0.8, 0.8, 0.8, 0.8, 0.8, 0.8, 0.8, 0.8, 0.8, 0.8, 0.8, 0.8, 0.8, 0.8, 0.8, 0.8, 0.8, 0.8]","[0.7, 0.7, 0.7, 0.7, 0.7, 0.7, 0.7, 0.7, 0.7, 0.7, 0.7, 0.7, 0.7, 0.7, 0.7, 0.7, 0.7, 0.7, 0.7, 0.7]","[-0.8, -0.8, -0.8, -0.8, -0.8, -0.8, -0.8, -0.8, -0.8, -0.8, -0.8, -0.8, -0.8, -0.8, -0.8, -0.8, -0.8, -0.8, -0.8, -0.8]",0.7825,0.705,0.62,-0.8,-0.8,0.8,0.7,-0.8
unknown,groq_llama-4-maverick-17b-128e-instruct,contempt,sentiwordnet,"[0.8, 0.8, 0.8, 0.8, 0.8, 0.8, 0.8, 0.8, 0.8, 0.8, 0.8, 0.8, 0.8, 0.8, 0.8, 0.8, 0.8, 0.8, 0.8, 0.8, 0.8, 0.8, 0.8, 0.8, 0.8, 0.8, 0.8, 0.8, 0.8, 0.8, 0.8, 0.8, 0.8, 0.7, 0.8, 0.8, 0.8, 0.8, 0.8, 0.8]","[0.7, 0.7, 0.7, 0.7, 0.7, 0.7, 0.7, 0.7, 0.7, 0.7, 0.7, 0.7, 0.7, 0.7, 0.7, 0.7, 0.7, 0.7, 0.7, 0.7, 0.7, 0.7, 0.7, 0.7, 0.7, 0.7, 0.7, 0.7, 0.7, 0.7, 0.7, 0.7, 0.7, 0.7, 0.7, 0.7, 0.7, 0.7, 0.7, 0.7]","[0.7, 0.7, 0.7, 0.7, 0.5, 0.7, 0.7, 0.7, 0.7, 0.7, 0.7, 0.7, 0.7, 0.7, 0.7, 0.7, 0.7, 0.7, 0.7, 0.7]","[-0.8, -0.9, -0.8, -0.8, -0.8, -0.8, -0.8, -0.9, -0.8, -0.8, -0.9, -0.8, -0.9, -0.9, -0.8, -0.9, -0.8, -0.8, -0.8, -0.8, -0.8, -0.8, -0.8, -0.9, -0.8, -0.8, -0.9, -0.8, -0.8, -0.8, -0.9, -0.8, -0.8, -0.8, -0.8, -0.8, -0.8, -0.8, -0.8, -0.8]","[-0.8, -0.8, -0.8, -0.8, -0.8, -0.8, -0.8, -0.8, -0.8, -0.8, -0.8, -0.8, -0.8, -0.8, -0.8, -0.8, -0.8, -0.8, -0.8, -0.8]","[0.8, 0.8, 0.8, 0.8, 0.8, 0.8, 0.8, 0.8, 0.8, 0.8, 0.8, 0.8, 0.8, 0.8, 0.8, 0.8, 0.8, 0.8, 0.8, 0.8, 0.8, 0.8, 0.8, 0.8, 0.8, 0.8, 0.8, 0.8, 0.8, 0.8, 0.8, 0.8, 0.8, 0.8, 0.8, 0.8, 0.8, 0.8, 0.8, 0.8]","[0.7, 0.7, 0.7, 0.7, 0.7, 0.7, 0.7, 0.7, 0.7, 0.7, 0.7, 0.7, 0.7, 0.7, 0.7, 0.7, 0.7, 0.7, 0.7, 0.7]","[-0.8, -0.8, -0.8, -0.8, -0.8, -0.8, -0.8, -0.8, -0.8, -0.8, -0.8, -0.8, -0.8, -0.8, -0.8, -0.8, -0.8, -0.8, -0.8, -0.8]",0.7975,0.7,0.69,-0.8225,-0.8,0.8,0.7,-0.8
unknown,groq_llama-4-maverick-17b-128e-instruct,disappointment,cambridge,"[0.6, 0.6, 0.6, 0.7, 0.6, 0.6, 0.6, 0.6, 0.6, 0.6, 0.6, 0.6, 0.7, 0.4, 0.4, 0.6, 0.4, 0.6, 0.6, 0.7, 0.6, 0.7, 0.6, 0.6, 0.6, 0.6, 0.6, 0.6, 0.7, 0.6, 0.6, 0.6, 0.6, 0.6, 0.6, 0.6, 0.6, 0.6, 0.6, 0.6]","[0.4, 0.4, 0.4, 0.4, 0.4, 0.4, 0.4, 0.5, 0.4, 0.4, 0.4, 0.4, 0.4, 0.4, 0.5, 0.4, 0.4, 0.4, 0.4, 0.4, 0.4, 0.4, 0.4, 0.4, 0.4, 0.4, 0.4, 0.4, 0.4, 0.4, 0.4, 0.4, 0.4, 0.4, 0.4, 0.4, 0.4, 0.5, 0.4, 0.4]","[-0.5, -0.5, -0.5, -0.5, -0.5, -0.5, -0.5, -0.5, -0.5, -0.5, -0.5, -0.5, -0.5, -0.5, -0.5, -0.5, -0.5, -0.5, -0.5, -0.5]","[-0.7, -0.7, -0.8, -0.7, -0.8, -0.7, -0.7, -0.7, -0.7, -0.7, -0.8, -0.8, -0.7, -0.8, -0.7, -0.7, -0.8, -0.8, -0.7, -0.7, -0.7, -0.8, -0.7, -0.7, -0.7, -0.8, -0.8, -0.8, -0.7, -0.8, -0.7, -0.7, -0.7, -0.7, -0.7, -0.8, -0.8, -0.7, -0.7, -0.8]","[-0.7, -0.7, -0.7, -0.7, -0.7, -0.7, -0.7, -0.7, -0.7, -0.7, -0.7, -0.7, -0.7, -0.7, -0.7, -0.7, -0.7, -0.7, -0.7, -0.7]","[0.4, 0.4, 0.4, 0.4, 0.4, 0.4, 0.4, 0.4, 0.4, 0.4, 0.4, 0.4, 0.4, 0.4, 0.4, 0.4, 0.4, 0.4, 0.4, 0.4, 0.4, 0.4, 0.4, 0.4, 0.4, 0.4, 0.4, 0.4, 0.4, 0.3, 0.4, 0.4, 0.4, 0.4, 0.4, 0.4, 0.4, 0.4, 0.4, 0.4]","[0.4, 0.4, 0.4, 0.4, 0.4, 0.4, 0.5, 0.4, 0.4, 0.4, 0.4, 0.4, 0.4, 0.5, 0.5, 0.4, 0.4, 0.4, 0.4, 0.4]","[-0.8, -0.8, -0.7, -0.8, -0.7, -0.7, -0.7, -0.8, -0.8, -0.7, -0.7, -0.7, -0.7, -0.7, -0.7, -0.8, -0.7, -0.7, -0.7, -0.8]",0.5975,0.4075,-0.5,-0.7375,-0.7,0.3975,0.415,-0.735
unknown,groq_llama-4-maverick-17b-128e-instruct,disappointment,sentiwordnet,"[0.6, 0.6, 0.6, 0.6, 0.6, 0.6, 0.6, 0.6, 0.6, 0.6, 0.6, 0.6, 0.6, 0.6, 0.6, 0.6, 0.6, 0.6, 0.6, 0.6, 0.6, 0.6, 0.6, 0.6, 0.6, 0.6, 0.7, 0.6, 0.6, 0.6, 0.6, 0.6, 0.6, 0.7, 0.4, 0.6, 0.6, 0.6, 0.6, 0.6]","[0.6, 0.4, 0.4, 0.4, 0.4, 0.6, 0.5, 0.6, 0.4, 0.6, 0.4, 0.5, 0.6, 0.4, 0.5, 0.6, 0.4, 0.4, 0.6, 0.4, 0.4, 0.6, 0.4, 0.4, 0.4, 0.4, 0.6, 0.4, 0.6, 0.5, 0.4, 0.5, 0.6, 0.4, 0.6, 0.4, 0.6, 0.6, 0.4, 0.4]","[-0.5, -0.5, -0.5, -0.5, -0.5, -0.5, -0.5, -0.5, -0.5, -0.5, -0.5, -0.5, -0.7, -0.5, -0.5, -0.5, -0.5, -0.5, -0.5, -0.5]","[-0.8, -0.8, -0.8, -0.8, -0.8, -0.8, -0.8, -0.8, -0.8, -0.8, -0.8, -0.8, -0.8, -0.8, -0.8, -0.8, -0.8, -0.8, -0.8, -0.7, -0.7, -0.8, -0.8, -0.8, -0.8, -0.8, -0.8, -0.8, -0.8, -0.8, -0.8, -0.8, -0.8, -0.8, -0.8, -0.8, -0.7, -0.8, -0.8, -0.8]","[-0.7, -0.7, -0.7, -0.7, -0.7, -0.7, -0.7, -0.7, -0.7, -0.7, -0.7, -0.7, -0.7, -0.7, -0.7, -0.7, -0.7, -0.7, -0.7, -0.7]","[0.4, 0.4, 0.4, 0.4, 0.4, 0.4, 0.4, 0.4, 0.4, 0.4, 0.4, 0.4, 0.4, 0.4, 0.4, 0.4, 0.4, 0.4, 0.4, 0.4, 0.4, 0.4, 0.4, 0.4, 0.4, 0.4, 0.4, 0.4, 0.4, 0.4, 0.4, 0.4, 0.4, 0.4, 0.4, 0.4, 0.4, 0.4, 0.4, 0.4]","[0.5, 0.7, 0.7, 0.7, 0.5, 0.6, 0.5, 0.5, 0.7, 0.7, 0.5, 0.5, 0.6, 0.5, 0.5, 0.5, 0.5, 0.5, 0.5, 0.6]","[-0.7, -0.7, -0.8, -0.8, -0.7, -0.8, -0.7, -0.7, -0.8, -0.7, -0.7, -0.7, -0.8, -0.7, -0.7, -0.7, -0.7, -0.7, -0.7, -0.7]",0.6,0.4825,-0.51,-0.7925,-0.7,0.4,0.565,-0.725
unknown,groq_llama-4-maverick-17b-128e-instruct,disgust,cambridge,"[0.8, 0.8, 0.8, 0.8, 0.8, 0.8, 0.8, 0.8, 0.8, 0.8, 0.8, 0.8, 0.8, 0.8, 0.8, 0.8, 0.8, 0.8, 0.8, 0.7, 0.8, 0.8, 0.8, 0.8, 0.7, 0.8, 0.8, 0.8, 0.8, 0.8, 0.8, 0.8, 0.8, 0.8, 0.8, 0.8, 0.8, 0.8, 0.8, 0.8]","[0.8, 0.8, 0.7, 0.7, 0.7, 0.7, 0.8, 0.7, 0.8, 0.7, 0.8, 0.8, 0.7, 0.7, 0.7, 0.7, 0.7, 0.7, 0.7, 0.8, 0.7, 0.7, 0.7, 0.7, 0.8, 0.7, 0.7, 0.8, 0.7, 0.7, 0.7, 0.8, 0.7, 0.7, 0.7, 0.7, 0.7, 0.7, 0.7, 0.7]","[-0.5, -0.5, -0.5, -0.5, -0.5, -0.5, -0.5, -0.5, -0.5, -0.5, -0.5, -0.3, -0.5, -0.5, -0.5, -0.5, -0.5, -0.5, -0.5, -0.3]","[-0.8, -0.8, -0.8, -0.8, -0.8, -0.8, -0.8, -0.8, -0.8, -0.8, -0.8, -0.8, -0.8, -0.8, -0.8, -0.8, -0.8, -0.8, -0.8, -0.8, -0.8, -0.8, -0.8, -0.8, -0.8, -0.8, -0.8, -0.8, -0.8, -0.8, -0.8, -0.8, -0.8, -0.8, -0.8, -0.8, -0.8, -0.8, -0.8, -0.8]","[-0.8, -0.8, -0.8, -0.8, -0.8, -0.8, -0.8, -0.8, -0.8, -0.8, -0.8, -0.8, -0.8, -0.8, -0.8, -0.8, -0.8, -0.8, -0.8, -0.8]","[0.7, 0.7, 0.7, 0.7, 0.7, 0.7, 0.7, 0.7, 0.7, 0.7, 0.7, 0.7, 0.8, 0.7, 0.7, 0.7, 0.7, 0.7, 0.7, 0.7, 0.7, 0.7, 0.7, 0.7, 0.7, 0.7, 0.7, 0.7, 0.7, 0.7, 0.7, 0.7, 0.7, 0.7, 0.7, 0.7, 0.7, 0.7, 0.7, 0.7]","[0.6, 0.7, 0.7, 0.7, 0.7, 0.7, 0.7, 0.7, 0.6, 0.7, 0.7, 0.7, 0.7, 0.7, 0.7, 0.7, 0.7, 0.7, 0.7, 0.7]","[-0.8, -0.8, -0.8, -0.8, -0.8, -0.8, -0.8, -0.8, -0.8, -0.8, -0.8, -0.8, -0.8, -0.8, -0.8, -0.8, -0.8, -0.8, -0.8, -0.8]",0.795,0.725,-0.48,-0.8,-0.8,0.7025,0.69,-0.8
unknown,groq_llama-4-maverick-17b-128e-instruct,disgust,sentiwordnet,"[0.8, 0.8, 0.8, 0.7, 0.7, 0.7, 0.8, 0.8, 0.7, 0.8, 0.7, 0.7, 0.8, 0.8, 0.7, 0.7, 0.8, 0.8, 0.8, 0.8, 0.8, 0.8, 0.8, 0.8, 0.7, 0.8, 0.8, 0.8, 0.8, 0.8, 0.8, 0.8, 0.8, 0.8, 0.8, 0.7, 0.8, 0.8, 0.8, 0.7]","[0.7, 0.7, 0.7, 0.7, 0.7, 0.7, 0.7, 0.7, 0.7, 0.7, 0.7, 0.8, 0.7, 0.7, 0.7, 0.7, 0.7, 0.7, 0.7, 0.7, 0.7, 0.7, 0.7, 0.7, 0.7, 0.7, 0.7, 0.7, 0.7, 0.7, 0.7, 0.7, 0.7, 0.7, 0.7, 0.7, 0.7, 0.7, 0.7, 0.7]","[-0.3, -0.5, -0.5, -0.3, -0.5, -0.5, -0.5, -0.5, -0.5, -0.3, -0.5, -0.5, -0.5, -0.5, -0.5, -0.5, -0.5, -0.5, -0.5, -0.5]","[-0.8, -0.8, -0.8, -0.8, -0.8, -0.8, -0.8, -0.8, -0.8, -0.8, -0.8, -0.8, -0.8, -0.8, -0.8, -0.8, -0.8, -0.8, -0.8, -0.8, -0.8, -0.8, -0.8, -0.8, -0.8, -0.8, -0.8, -0.8, -0.8, -0.8, -0.8, -0.8, -0.8, -0.8, -0.8, -0.8, -0.8, -0.8, -0.8, -0.8]","[-0.8, -0.8, -0.8, -0.8, -0.8, -0.8, -0.8, -0.8, -0.8, -0.8, -0.8, -0.8, -0.8, -0.8, -0.8, -0.8, -0.8, -0.8, -0.8, -0.8]","[0.7, 0.7, 0.7, 0.7, 0.8, 0.7, 0.7, 0.7, 0.7, 0.7, 0.7, 0.7, 0.7, 0.7, 0.7, 0.7, 0.7, 0.7, 0.7, 0.7, 0.8, 0.7, 0.8, 0.7, 0.7, 0.7, 0.7, 0.7, 0.7, 0.7, 0.7, 0.7, 0.7, 0.7, 0.7, 0.7, 0.7, 0.7, 0.7, 0.7]","[0.7, 0.7, 0.7, 0.7, 0.7, 0.7, 0.7, 0.6, 0.7, 0.7, 0.7, 0.7, 0.7, 0.7, 0.7, 0.7, 0.7, 0.7, 0.7, 0.7]","[-0.8, -0.8, -0.8, -0.8, -0.8, -0.8, -0.8, -0.9, -0.8, -0.8, -0.8, -0.8, -0.8, -0.8, -0.8, -0.8, -0.8, -0.8, -0.8, -0.8]",0.7725,0.7025,-0.47,-0.8,-0.8,0.7075,0.695,-0.805
unknown,groq_llama-4-maverick-17b-128e-instruct,distraction,cambridge,"[0.4, 0.4, 0.4, 0.4, 0.4, 0.4, 0.4, 0.4, 0.4, 0.4, 0.4, 0.4, 0.3, 0.4, 0.4, 0.4, 0.4, 0.4, 0.4, 0.4, 0.4, 0.4, 0.4, 0.4, 0.4, 0.4, 0.3, 0.4, 0.4, 0.4, 0.3, 0.4, 0.7, 0.4, 0.4, 0.3, 0.4, 0.4, 0.4, 0.4]","[0.4, 0.4, 0.3, 0.4, 0.4, 0.4, 0.4, 0.4, 0.4, 0.3, 0.4, 0.4, 0.4, 0.3, 0.3, 0.4, 0.4, 0.4, 0.4, 0.4, 0.4, 0.4, 0.3, 0.4, 0.4, 0.4, 0.4, 0.4, 0.4, 0.4, 0.4, 0.4, 0.4, 0.4, 0.4, 0.4, 0.4, 0.4, 0.4, 0.4]","[-0.5, -0.5, -0.5, -0.5, -0.5, -0.5, -0.5, -0.5, -0.5, -0.5, -0.5, -0.5, -0.5, -0.5, -0.5, -0.5, -0.5, -0.5, -0.5, -0.5]","[-0.7, -0.7, -0.8, -0.7, -0.7, -0.7, -0.7, -0.7, -0.7, -0.7, -0.5, -0.7, -0.7, -0.7, -0.7, -0.7, -0.7, -0.8, -0.7, -0.7, -0.7, -0.7, -0.7, -0.7, -0.7, -0.7, -0.7, -0.7, -0.7, -0.7, -0.7, -0.7, -0.7, -0.7, -0.7, -0.7, -0.7, -0.7, -0.7, -0.7]","[-0.8, -0.7, -0.7, -0.7, -0.7, -0.8, -0.7, -0.7, -0.8, -0.7, -0.7, -0.7, -0.7, -0.7, -0.7, -0.8, -0.7, -0.7, -0.7, -0.7]","[0.4, 0.3, 0.4, 0.4, 0.4, 0.3, 0.4, 0.4, 0.4, 0.2, 0.3, 0.3, 0.3, 0.4, 0.4, 0.4, 0.4, 0.4, 0.4, 0.3, 0.4, 0.3, 0.3, 0.3, 0.2, 0.4, 0.3, 0.4, 0.4, 0.4, 0.4, 0.4, 0.4, 0.3, 0.4, 0.4, 0.3, 0.4, 0.4, 0.4]","[0.7, 0.7, 0.7, 0.7, 0.7, 0.7, 0.7, 0.7, 0.7, 0.7, 0.7, 0.7, 0.7, 0.7, 0.7, 0.7, 0.7, 0.7, 0.7, 0.7]","[-0.7, -0.7, -0.7, -0.5, -0.7, -0.7, -0.7, -0.5, -0.5, -0.7, -0.7, -0.7, -0.5, -0.5, -0.7, -0.7, -0.7, -0.7, -0.7, -0.5]",0.3975,0.3875,-0.5,-0.7,-0.72,0.36,0.7,-0.64
unknown,groq_llama-4-maverick-17b-128e-instruct,distraction,sentiwordnet,"[0.8, 0.8, 0.8, 0.8, 0.8, 0.7, 0.8, 0.7, 0.8, 0.8, 0.7, 0.8, 0.8, 0.8, 0.7, 0.8, 0.8, 0.8, 0.8, 0.8, 0.8, 0.7, 0.8, 0.7, 0.7, 0.7, 0.8, 0.8, 0.8, 0.7, 0.8, 0.8, 0.8, 0.8, 0.8, 0.7, 0.7, 0.7, 0.8, 0.8]","[0.8, 0.8, 0.8, 0.8, 0.8, 0.7, 0.8, 0.8, 0.7, 0.7, 0.8, 0.8, 0.7, 0.7, 0.8, 0.8, 0.8, 0.8, 0.8, 0.7, 0.8, 0.7, 0.8, 0.8, 0.8, 0.7, 0.8, 0.8, 0.8, 0.8, 0.7, 0.8, 0.8, 0.8, 0.8, 0.8, 0.8, 0.7, 0.8, 0.8]","[-0.7, -0.5, -0.5, -0.5, -0.5, -0.5, -0.5, -0.5, -0.8, -0.5, -0.5, -0.5, -0.5, -0.5, -0.5, -0.5, -0.5, -0.7, -0.5, -0.5]","[-0.8, -0.8, -0.8, -0.8, -0.8, -0.8, -0.8, -0.8, -0.8, -0.8, -0.8, -0.8, -0.8, -0.8, -0.8, -0.8, -0.8, -0.8, -0.8, -0.8, -0.8, -0.8, -0.8, -0.8, -0.8, -0.8, -0.8, -0.8, -0.8, -0.8, -0.8, -0.8, -0.8, -0.8, -0.8, -0.8, -0.8, -0.8, -0.8, -0.8]","[-0.8, -0.8, -0.8, -0.8, -0.8, -0.8, -0.8, -0.8, -0.8, -0.8, -0.8, -0.8, -0.8, -0.8, -0.8, -0.8, -0.8, -0.8, -0.8, -0.8]","[0.7, 0.7, 0.7, 0.7, 0.7, 0.7, 0.7, 0.7, 0.7, 0.7, 0.7, 0.7, 0.7, 0.7, 0.7, 0.7, 0.7, 0.7, 0.7, 0.7, 0.7, 0.7, 0.7, 0.7, 0.7, 0.7, 0.7, 0.7, 0.7, 0.7, 0.7, 0.7, 0.7, 0.7, 0.7, 0.7, 0.7, 0.7, 0.7, 0.7]","[0.7, 0.7, 0.7, 0.7, 0.7, 0.7, 0.7, 0.7, 0.7, 0.7, 0.7, 0.7, 0.7, 0.7, 0.7, 0.7, 0.7, 0.7, 0.7, 0.7]","[-0.8, -0.7, -0.7, -0.8, -0.8, -0.8, -0.8, -0.7, -0.8, -0.7, -0.7, -0.8, -0.8, -0.8, -0.7, -0.8, -0.8, -0.8, -0.8, -0.8]",0.77,0.775,-0.535,-0.8,-0.8,0.7,0.7,-0.77
unknown,groq_llama-4-maverick-17b-128e-instruct,ecstasy,cambridge,"[0.8, 0.8, 0.8, 0.9, 0.8, 0.8, 0.8, 0.8, 0.9, 0.8, 0.8, 0.8, 0.8, 0.8, 0.9, 0.8, 0.8, 0.8, 0.8, 0.8, 0.8, 0.8, 0.8, 0.8, 0.9, 0.8, 0.8, 0.8, 0.8, 0.8, 0.8, 0.8, 0.8, 0.8, 0.8, 0.9, 0.8, 0.8, 0.9, 0.8]","[0.8, 0.8, 0.9, 0.8, 0.8, 0.8, 0.8, 0.8, 0.8, 0.8, 0.8, 0.8, 0.8, 0.8, 0.8, 0.8, 0.8, 0.8, 0.8, 0.8, 0.8, 0.8, 0.8, 0.8, 0.8, 0.8, 0.8, 0.8, 0.8, 0.8, 0.8, 0.8, 0.8, 0.8, 0.8, 0.8, 0.8, 0.8, 0.8, 0.8]","[0.7, 0.5, 0.7, 0.5, 0.5, 0.5, 0.7, 0.5, 0.5, 0.7, 0.5, 0.5, 0.5, 0.7, 0.5, 0.5, 0.5, 0.5, 0.5, 0.7]","[0.9, 0.9, 0.9, 0.9, 0.9, 0.9, 1.0, 0.9, 0.9, 0.9, 0.9, 0.9, 0.9, 0.9, 0.9, 0.9, 1.0, 0.9, 0.9, 0.9, 0.9, 0.9, 0.9, 0.9, 1.0, 0.9, 0.9, 0.9, 0.9, 0.9, 0.9, 0.9, 1.0, 0.9, 0.9, 0.9, 0.9, 0.9, 0.9, 0.9]","[0.9, 0.9, 1.0, 0.9, 1.0, 1.0, 1.0, 0.9, 1.0, 1.0, 0.9, 1.0, 0.9, 1.0, 1.0, 0.9, 0.9, 0.9, 1.0, 0.9]","[0.9, 0.9, 0.8, 0.9, 0.9, 0.9, 0.8, 0.8, 0.8, 0.8, 0.9, 0.8, 0.8, 0.9, 0.9, 0.9, 0.8, 0.9, 0.9, 0.8, 0.8, 0.8, 0.9, 0.8, 0.9, 0.8, 0.9, 0.8, 0.8, 0.9, 0.8, 0.9, 0.8, 0.8, 0.9, 0.9, 0.9, 0.9, 0.9, 0.9]","[0.7, 0.7, 0.7, 0.7, 0.7, 0.7, 0.7, 0.7, 0.7, 0.7, 0.7, 0.7, 0.7, 0.7, 0.7, 0.7, 0.7, 0.7, 0.7, 0.7]","[0.9, 0.9, 1.0, 0.9, 0.9, 0.9, 1.0, 0.9, 0.9, 0.9, 0.9, 1.0, 0.9, 0.9, 0.9, 1.0, 0.9, 0.9, 0.9, 0.9]",0.815,0.8025,0.56,0.91,0.95,0.855,0.7,0.92
unknown,groq_llama-4-maverick-17b-128e-instruct,ecstasy,sentiwordnet,"[0.8, 0.8, 0.8, 0.8, 0.8, 0.8, 0.8, 0.8, 0.8, 0.8, 0.8, 0.8, 0.8, 0.8, 0.8, 0.8, 0.8, 0.8, 0.8, 0.8, 0.8, 0.8, 0.8, 0.8, 0.8, 0.8, 0.8, 0.8, 0.8, 0.8, 0.8, 0.8, 0.8, 0.8, 0.8, 0.8, 0.8, 0.8, 0.8, 0.8]","[0.8, 0.8, 0.8, 0.8, 0.8, 0.8, 0.8, 0.8, 0.8, 0.8, 0.8, 0.8, 0.8, 0.8, 0.8, 0.8, 0.8, 0.8, 0.8, 0.8, 0.8, 0.8, 0.8, 0.8, 0.8, 0.8, 0.8, 0.8, 0.8, 0.8, 0.8, 0.8, 0.8, 0.8, 0.8, 0.8, 0.8, 0.8, 0.8, 0.8]","[-0.5, 0.2, -0.5, 0.2, -0.5, -0.5, 0.0, 0.2, -0.5, -0.5, -0.5, -0.5, -0.7, -0.5, -0.5, -0.7, -0.5, 0.2, -0.5, -0.5]","[0.8, 0.8, 0.8, 0.8, 0.8, 0.8, 0.8, 0.8, 0.8, 0.8, 0.8, 0.8, 0.8, 0.8, 0.8, 0.8, 0.8, 0.8, 0.8, 0.8, 0.8, 0.8, 0.8, 0.8, 0.8, 0.8, 0.8, 0.8, 0.8, 0.8, 0.8, 0.8, 0.8, 0.8, 0.8, 0.8, 0.8, 0.8, 0.8, 0.8]","[0.9, 0.9, 0.9, 0.9, 0.9, 0.9, 0.9, 0.9, 0.9, 0.9, 0.9, 0.9, 0.9, 0.9, 0.9, 0.9, 0.9, 0.9, 0.9, 0.9]","[0.8, 0.8, 0.8, 0.8, 0.8, 0.8, 0.8, 0.8, 0.8, 0.8, 0.8, 0.8, 0.8, 0.8, 0.8, 0.8, 0.8, 0.8, 0.8, 0.8, 0.8, 0.8, 0.8, 0.8, 0.8, 0.8, 0.8, 0.8, 0.8, 0.9, 0.8, 0.8, 0.8, 0.8, 0.8, 0.8, 0.8, 0.8, 0.9, 0.8]","[0.7, 0.7, 0.7, 0.8, 0.7, 0.7, 0.7, 0.7, 0.7, 0.7, 0.7, 0.7, 0.7, 0.7, 0.7, 0.7, 0.7, 0.7, 0.7, 0.7]","[0.9, 0.9, 0.9, 0.8, 0.9, 0.9, 0.9, 0.9, 0.9, 0.9, 0.9, 0.9, 0.9, 0.9, 0.8, 0.9, 0.9, 0.9, 0.9, 0.9]",0.8,0.8,-0.355,0.8,0.9,0.805,0.705,0.89
unknown,groq_llama-4-maverick-17b-128e-instruct,fear,cambridge,"[0.7, 0.7, 0.7, 0.7, 0.7, 0.7, 0.7, 0.7, 0.7, 0.7, 0.7, 0.7, 0.7, 0.7, 0.7, 0.7, 0.7, 0.7, 0.7, 0.7, 0.7, 0.7, 0.7, 0.7, 0.7, 0.7, 0.7, 0.7, 0.7, 0.7, 0.7, 0.7, 0.7, 0.7, 0.7, 0.7, 0.7, 0.7, 0.7, 0.7]","[0.7, 0.7, 0.8, 0.7, 0.7, 0.7, 0.7, 0.8, 0.8, 0.7, 0.8, 0.7, 0.7, 0.7, 0.7, 0.7, 0.8, 0.7, 0.7, 0.8, 0.7, 0.7, 0.7, 0.7, 0.7, 0.8, 0.8, 0.7, 0.7, 0.8, 0.7, 0.8, 0.7, 0.8, 0.7, 0.7, 0.8, 0.7, 0.7, 0.7]","[-0.5, -0.5, -0.5, -0.5, -0.5, -0.5, -0.7, -0.5, -0.5, -0.5, -0.5, -0.5, -0.5, -0.5, -0.5, -0.5, -0.5, -0.5, -0.5, -0.5]","[-0.8, -0.8, -0.8, -0.8, -0.8, -0.8, -0.8, -0.8, -0.8, -0.8, -0.8, -0.8, -0.8, -0.8, -0.8, -0.8, -0.8, -0.8, -0.8, -0.8, -0.8, -0.8, -0.8, -0.8, -0.8, -0.8, -0.8, -0.8, -0.8, -0.8, -0.8, -0.8, -0.8, -0.8, -0.8, -0.8, -0.8, -0.8, -0.8, -0.8]","[-0.8, -0.8, -0.8, -0.8, -0.8, -0.8, -0.8, -0.8, -0.8, -0.8, -0.8, -0.8, -0.8, -0.8, -0.8, -0.8, -0.8, -0.8, -0.8, -0.8]","[0.7, 0.7, 0.7, 0.7, 0.7, 0.7, 0.7, 0.7, 0.7, 0.7, 0.7, 0.7, 0.7, 0.7, 0.7, 0.7, 0.7, 0.7, 0.7, 0.7, 0.7, 0.7, 0.7, 0.8, 0.7, 0.7, 0.7, 0.7, 0.7, 0.7, 0.7, 0.7, 0.7, 0.7, 0.7, 0.7, 0.7, 0.7, 0.7, 0.7]","[0.7, 0.7, 0.7, 0.7, 0.7, 0.7, 0.7, 0.7, 0.7, 0.7, 0.7, 0.7, 0.7, 0.7, 0.7, 0.7, 0.7, 0.7, 0.7, 0.7]","[-0.8, -0.8, -0.8, -0.8, -0.8, -0.8, -0.8, -0.8, -0.8, -0.8, -0.8, -0.8, -0.8, -0.8, -0.8, -0.8, -0.8, -0.8, -0.8, -0.8]",0.7,0.73,-0.51,-0.8,-0.8,0.7025,0.7,-0.8
unknown,groq_llama-4-maverick-17b-128e-instruct,fear,sentiwordnet,"[0.7, 0.7, 0.7, 0.7, 0.7, 0.7, 0.7, 0.7, 0.7, 0.7, 0.7, 0.7, 0.7, 0.7, 0.7, 0.7, 0.7, 0.7, 0.7, 0.7, 0.7, 0.7, 0.7, 0.7, 0.7, 0.7, 0.7, 0.7, 0.7, 0.7, 0.7, 0.7, 0.7, 0.7, 0.7, 0.7, 0.7, 0.8, 0.7, 0.7]","[0.8, 0.8, 0.8, 0.8, 0.8, 0.8, 0.8, 0.8, 0.8, 0.8, 0.8, 0.8, 0.8, 0.8, 0.8, 0.8, 0.8, 0.8, 0.8, 0.7, 0.8, 0.8, 0.8, 0.7, 0.8, 0.8, 0.8, 0.8, 0.8, 0.8, 0.8, 0.8, 0.8, 0.8, 0.8, 0.8, 0.8, 0.8, 0.8, 0.8]","[-0.5, -0.5, -0.5, -0.5, -0.5, -0.5, -0.5, -0.5, -0.5, -0.5, -0.5, -0.5, -0.5, -0.5, -0.5, -0.5, -0.5, -0.5, -0.5, -0.5]","[-0.8, -0.8, -0.8, -0.8, -0.8, -0.8, -0.8, -0.8, -0.8, -0.8, -0.8, -0.8, -0.8, -0.8, -0.8, -0.8, -0.8, -0.8, -0.8, -0.8, -0.8, -0.8, -0.8, -0.8, -0.8, -0.8, -0.8, -0.8, -0.8, -0.8, -0.8, -0.8, -0.8, -0.8, -0.8, -0.8, -0.8, -0.8, -0.8, -0.8]","[-0.8, -0.8, -0.8, -0.8, -0.8, -0.8, -0.8, -0.8, -0.8, -0.8, -0.8, -0.8, -0.8, -0.8, -0.8, -0.8, -0.8, -0.8, -0.8, -0.8]","[0.7, 0.7, 0.7, 0.7, 0.7, 0.7, 0.8, 0.7, 0.7, 0.7, 0.7, 0.7, 0.7, 0.7, 0.7, 0.7, 0.7, 0.7, 0.8, 0.7, 0.7, 0.7, 0.7, 0.7, 0.7, 0.7, 0.8, 0.7, 0.7, 0.7, 0.7, 0.7, 0.7, 0.7, 0.7, 0.7, 0.8, 0.8, 0.8, 0.7]","[0.7, 0.7, 0.7, 0.67, 0.7, 0.7, 0.7, 0.7, 0.7, 0.7, 0.7, 0.7, 0.7, 0.67, 0.7, 0.7, 0.7, 0.7, 0.7, 0.7]","[-0.8, -0.8, -0.8, -0.8, -0.8, -0.8, -0.8, -0.8, -0.8, -0.8, -0.8, -0.8, -0.8, -0.8, -0.8, -0.8, -0.8, -0.8, -0.8, -0.8]",0.7025,0.795,-0.5,-0.8,-0.8,0.715,0.697,-0.8
unknown,groq_llama-4-maverick-17b-128e-instruct,grief,cambridge,"[0.8, 0.8, 0.8, 0.8, 0.7, 0.8, 0.8, 0.7, 0.8, 0.8, 0.8, 0.8, 0.8, 0.8, 0.8, 0.8, 0.8, 0.8, 0.8, 0.8, 0.8, 0.8, 0.7, 0.8, 0.8, 0.8, 0.8, 0.8, 0.8, 0.8, 0.8, 0.8, 0.8, 0.8, 0.8, 0.8, 0.8, 0.8, 0.8, 0.8]","[0.7, 0.7, 0.7, 0.7, 0.7, 0.7, 0.7, 0.7, 0.7, 0.7, 0.7, 0.7, 0.7, 0.7, 0.7, 0.7, 0.7, 0.7, 0.7, 0.7, 0.7, 0.7, 0.7, 0.7, 0.7, 0.7, 0.7, 0.7, 0.7, 0.7, 0.7, 0.7, 0.7, 0.7, 0.7, 0.7, 0.7, 0.7, 0.7, 0.7]","[-0.8, -0.7, -0.7, -0.7, -0.7, -0.7, -0.7, -0.8, -0.7, -0.7, -0.7, -0.7, -0.7, -0.7, -0.7, -0.7, -0.7, -0.7, -0.7, -0.7]","[-0.9, -0.9, -0.9, -0.9, -0.9, -0.9, -0.9, -0.9, -0.9, -0.9, -0.9, -0.9, -0.9, -0.9, -0.9, -0.9, -0.9, -0.9, -0.9, -0.9, -0.9, -0.9, -0.9, -0.9, -0.9, -0.9, -0.9, -0.9, -0.9, -0.9, -0.9, -0.8, -0.9, -0.9, -0.9, -0.9, -0.9, -0.9, -0.9, -0.9]","[-0.8, -0.8, -0.8, -0.8, -0.8, -0.8, -0.8, -0.8, -0.8, -0.8, -0.8, -0.8, -0.8, -0.8, -0.8, -0.8, -0.8, -0.8, -0.8, -0.8]","[0.7, 0.7, 0.7, 0.7, 0.4, 0.7, 0.7, 0.7, 0.7, 0.6, 0.4, 0.7, 0.4, 0.7, 0.7, 0.6, 0.6, 0.6, 0.7, 0.7, 0.4, 0.4, 0.7, 0.6, 0.7, 0.7, 0.4, 0.7, 0.7, 0.7, 0.7, 0.7, 0.4, 0.4, 0.4, 0.4, 0.7, 0.7, 0.7, 0.7]","[0.7, 0.7, 0.7, 0.7, 0.7, 0.7, 0.7, 0.7, 0.7, 0.7, 0.7, 0.7, 0.7, 0.7, 0.7, 0.7, 0.7, 0.7, 0.7, 0.7]","[-0.9, -0.8, -0.9, -0.9, -0.9, -0.9, -0.9, -0.9, -0.9, -0.9, -0.9, -0.8, -0.9, -0.9, -0.8, -0.9, -0.8, -0.9, -0.9, -0.8]",0.7925,0.7,-0.71,-0.8975,-0.8,0.6125,0.7,-0.875
unknown,groq_llama-4-maverick-17b-128e-instruct,grief,sentiwordnet,"[0.7, 0.7, 0.7, 0.7, 0.7, 0.7, 0.7, 0.7, 0.7, 0.7, 0.7, 0.7, 0.7, 0.7, 0.7, 0.7, 0.7, 0.7, 0.7, 0.7, 0.7, 0.7, 0.7, 0.7, 0.7, 0.7, 0.7, 0.7, 0.7, 0.7, 0.7, 0.7, 0.7, 0.7, 0.7, 0.8, 0.8, 0.7, 0.7, 0.7]","[0.7, 0.7, 0.7, 0.7, 0.7, 0.7, 0.7, 0.7, 0.7, 0.7, 0.7, 0.7, 0.7, 0.7, 0.7, 0.7, 0.7, 0.7, 0.7, 0.7, 0.7, 0.7, 0.7, 0.7, 0.7, 0.7, 0.7, 0.7, 0.7, 0.7, 0.7, 0.7, 0.7, 0.7, 0.7, 0.7, 0.7, 0.7, 0.7, 0.7]","[-0.7, -0.7, -0.7, -0.7, -0.7, -0.7, -0.7, -0.7, -0.7, -0.7, -0.7, -0.7, -0.7, -0.7, -0.7, -0.7, -0.7, -0.7, -0.7, -0.7]","[-0.9, -0.8, -0.8, -0.8, -0.8, -0.8, -0.9, -0.8, -0.9, -0.8, -0.8, -0.8, -0.9, -0.8, -0.9, -0.8, -0.9, -0.8, -0.8, -0.8, -0.9, -0.8, -0.8, -0.8, -0.8, -0.8, -0.9, -0.9, -0.8, -0.9, -0.8, -0.9, -0.9, -0.9, -0.8, -0.8, -0.9, -0.8, -0.9, -0.8]","[-0.8, -0.8, -0.8, -0.8, -0.8, -0.8, -0.8, -0.8, -0.8, -0.8, -0.8, -0.8, -0.8, -0.8, -0.8, -0.8, -0.8, -0.8, -0.8, -0.8]","[0.7, 0.8, 0.7, 0.7, 0.7, 0.7, 0.7, 0.7, 0.7, 0.8, 0.7, 0.7, 0.8, 0.7, 0.7, 0.7, 0.7, 0.7, 0.7, 0.7, 0.7, 0.7, 0.7, 0.7, 0.7, 0.7, 0.7, 0.7, 0.7, 0.7, 0.8, 0.7, 0.7, 0.7, 0.7, 0.7, 0.7, 0.7, 0.7, 0.7]","[0.7, 0.7, 0.7, 0.7, 0.7, 0.7, 0.7, 0.7, 0.7, 0.7, 0.7, 0.7, 0.7, 0.7, 0.7, 0.7, 0.7, 0.7, 0.7, 0.7]","[-0.8, -0.8, -0.8, -0.8, -0.8, -0.8, -0.8, -0.8, -0.8, -0.8, -0.8, -0.8, -0.8, -0.9, -0.8, -0.8, -0.8, -0.8, -0.8, -0.8]",0.705,0.7,-0.7,-0.8375,-0.8,0.71,0.7,-0.805
unknown,groq_llama-4-maverick-17b-128e-instruct,interest,cambridge,"[0.7, 0.7, 0.7, 0.7, 0.7, 0.7, 0.7, 0.7, 0.7, 0.7, 0.7, 0.7, 0.7, 0.7, 0.7, 0.7, 0.7, 0.7, 0.7, 0.7, 0.7, 0.7, 0.7, 0.7, 0.7, 0.7, 0.7, 0.7, 0.7, 0.7, 0.7, 0.7, 0.7, 0.7, 0.7, 0.7, 0.7, 0.7, 0.7, 0.7]","[0.7, 0.7, 0.7, 0.6, 0.7, 0.6, 0.7, 0.7, 0.7, 0.6, 0.7, 0.6, 0.6, 0.7, 0.6, 0.7, 0.6, 0.7, 0.7, 0.7, 0.7, 0.7, 0.6, 0.6, 0.7, 0.7, 0.7, 0.7, 0.7, 0.7, 0.7, 0.6, 0.7, 0.7, 0.6, 0.6, 0.7, 0.6, 0.7, 0.7]","[0.2, 0.2, 0.2, 0.2, 0.2, 0.2, 0.2, 0.2, 0.2, 0.2, 0.2, 0.2, 0.2, 0.2, 0.2, 0.2, 0.2, 0.2, 0.2, 0.2]","[0.5, 0.5, 0.5, 0.5, 0.5, 0.5, 0.5, 0.5, 0.7, 0.5, 0.5, 0.5, 0.5, 0.5, 0.5, 0.5, 0.5, 0.5, 0.5, 0.5, 0.5, 0.5, 0.5, 0.5, 0.5, 0.5, 0.5, 0.5, 0.5, 0.5, 0.5, 0.5, 0.5, 0.5, 0.5, 0.5, 0.5, 0.5, 0.5, 0.5]","[0.7, 0.7, 0.7, 0.5, 0.5, 0.7, 0.5, 0.7, 0.7, 0.5, 0.7, 0.5, 0.7, 0.7, 0.7, 0.7, 0.7, 0.5, 0.5, 0.5]","[0.6, 0.6, 0.6, 0.6, 0.6, 0.5, 0.6, 0.6, 0.67, 0.5, 0.6, 0.6, 0.65, 0.6, 0.55, 0.6, 0.6, 0.6, 0.6, 0.6, 0.6, 0.6, 0.6, 0.6, 0.6, 0.6, 0.6, 0.6, 0.6, 0.6, 0.6, 0.6, 0.6, 0.6, 0.6, 0.6, 0.6, 0.6, 0.6, 0.6]","[0.5, 0.5, 0.5, 0.5, 0.5, 0.5, 0.5, 0.5, 0.5, 0.5, 0.5, 0.5, 0.5, 0.5, 0.5, 0.5, 0.5, 0.5, 0.5, 0.5]","[0.7, 0.5, 0.5, 0.5, 0.5, 0.7, 0.7, 0.5, 0.5, 0.5, 0.5, 0.5, 0.5, 0.5, 0.5, 0.5, 0.5, 0.5, 0.5, 0.5]",0.7,0.6675,0.2,0.505,0.62,0.5968,0.5,0.53
unknown,groq_llama-4-maverick-17b-128e-instruct,interest,sentiwordnet,"[0.8, 0.8, 0.8, 0.7, 0.7, 0.7, 0.8, 0.7, 0.8, 0.8, 0.8, 0.8, 0.8, 0.8, 0.8, 0.8, 0.7, 0.8, 0.8, 0.8, 0.7, 0.8, 0.8, 0.7, 0.8, 0.7, 0.8, 0.7, 0.8, 0.8, 0.8, 0.8, 0.8, 0.7, 0.8, 0.8, 0.8, 0.8, 0.8, 0.8]","[0.7, 0.7, 0.7, 0.7, 0.7, 0.7, 0.7, 0.7, 0.7, 0.7, 0.7, 0.7, 0.7, 0.7, 0.7, 0.7, 0.7, 0.7, 0.7, 0.7, 0.7, 0.7, 0.7, 0.7, 0.7, 0.7, 0.7, 0.7, 0.7, 0.7, 0.7, 0.7, 0.7, 0.7, 0.7, 0.7, 0.7, 0.7, 0.7, 0.7]","[0.2, 0.2, 0.2, 0.2, 0.2, 0.2, 0.2, 0.2, 0.2, 0.2, 0.2, 0.2, 0.2, 0.2, 0.2, 0.2, 0.2, 0.2, 0.2, 0.2]","[0.5, 0.5, 0.5, 0.5, 0.5, 0.5, 0.5, 0.5, 0.5, 0.5, 0.5, 0.5, 0.5, 0.5, 0.5, 0.5, 0.5, 0.5, 0.5, 0.5, 0.5, 0.7, 0.5, 0.5, 0.5, 0.5, 0.5, 0.5, 0.5, 0.5, 0.5, 0.5, 0.5, 0.5, 0.5, 0.5, 0.5, 0.5, 0.5, 0.5]","[0.7, 0.7, 0.5, 0.7, 0.5, 0.7, 0.7, 0.5, 0.5, 0.7, 0.7, 0.5, 0.5, 0.5, 0.7, 0.5, 0.5, 0.7, 0.7, 0.5]","[0.7, 0.7, 0.7, 0.7, 0.7, 0.7, 0.7, 0.7, 0.7, 0.7, 0.7, 0.7, 0.7, 0.7, 0.7, 0.7, 0.7, 0.7, 0.7, 0.7, 0.7, 0.7, 0.7, 0.7, 0.7, 0.7, 0.7, 0.7, 0.7, 0.7, 0.7, 0.7, 0.7, 0.7, 0.7, 0.7, 0.7, 0.7, 0.7, 0.7]","[0.5, 0.5, 0.5, 0.5, 0.5, 0.5, 0.5, 0.5, 0.5, 0.5, 0.5, 0.5, 0.5, 0.5, 0.5, 0.5, 0.5, 0.5, 0.5, 0.5]","[0.7, 0.5, 0.5, 0.5, 0.5, 0.7, 0.5, 0.7, 0.5, 0.7, 0.7, 0.5, 0.5, 0.5, 0.7, 0.5, 0.7, 0.5, 0.5, 0.5]",0.775,0.7,0.2,0.505,0.6,0.7,0.5,0.57
unknown,groq_llama-4-maverick-17b-128e-instruct,joy,cambridge,"[0.8, 0.8, 0.8, 0.8, 0.8, 0.8, 0.8, 0.8, 0.8, 0.8, 0.8, 0.8, 0.8, 0.8, 0.8, 0.8, 0.8, 0.8, 0.8, 0.8, 0.8, 0.8, 0.8, 0.8, 0.8, 0.8, 0.8, 0.8, 0.8, 0.8, 0.8, 0.8, 0.8, 0.8, 0.8, 0.8, 0.8, 0.8, 0.8, 0.8]","[0.8, 0.8, 0.8, 0.8, 0.8, 0.8, 0.8, 0.7, 0.8, 0.8, 0.8, 0.8, 0.8, 0.8, 0.8, 0.8, 0.8, 0.8, 0.8, 0.8, 0.8, 0.8, 0.7, 0.8, 0.8, 0.7, 0.8, 0.8, 0.8, 0.8, 0.8, 0.8, 0.8, 0.8, 0.8, 0.8, 0.8, 0.8, 0.8, 0.8]","[0.5, 0.5, 0.5, 0.5, 0.2, 0.2, 0.5, 0.2, 0.2, 0.2, 0.5, 0.5, 0.3, 0.2, 0.5, 0.5, 0.2, 0.5, 0.5, 0.5]","[0.8, 0.8, 0.8, 0.8, 0.8, 0.8, 0.8, 0.8, 0.8, 0.8, 0.8, 0.8, 0.8, 0.8, 0.8, 0.8, 0.8, 0.8, 0.8, 0.8, 0.8, 0.8, 0.8, 0.8, 0.8, 0.8, 0.8, 0.8, 0.8, 0.8, 0.8, 0.8, 0.8, 0.8, 0.8, 0.8, 0.8, 0.8, 0.8, 0.8]","[0.8, 0.8, 0.8, 0.8, 0.8, 0.8, 0.8, 0.8, 0.8, 0.8, 0.8, 0.8, 0.8, 0.8, 0.8, 0.8, 0.8, 0.8, 0.8, 0.8]","[0.7, 0.7, 0.7, 0.7, 0.7, 0.7, 0.7, 0.7, 0.7, 0.7, 0.7, 0.7, 0.7, 0.7, 0.7, 0.7, 0.7, 0.7, 0.7, 0.7, 0.7, 0.7, 0.7, 0.7, 0.7, 0.7, 0.7, 0.7, 0.7, 0.7, 0.7, 0.7, 0.7, 0.7, 0.7, 0.7, 0.7, 0.7, 0.7, 0.7]","[0.4, 0.4, 0.4, 0.4, 0.4, 0.4, 0.3, 0.4, 0.4, 0.4, 0.4, 0.4, 0.4, 0.4, 0.4, 0.4, 0.4, 0.4, 0.4, 0.4]","[0.8, 0.9, 0.8, 0.8, 0.8, 0.8, 0.9, 0.8, 0.8, 0.8, 0.8, 0.9, 0.8, 0.8, 0.8, 0.8, 0.9, 0.9, 0.8, 0.9]",0.8,0.7925,0.385,0.8,0.8,0.7,0.395,0.83
unknown,groq_llama-4-maverick-17b-128e-instruct,joy,sentiwordnet,"[0.8, 0.8, 0.8, 0.8, 0.8, 0.8, 0.8, 0.8, 0.8, 0.8, 0.8, 0.8, 0.8, 0.8, 0.8, 0.8, 0.8, 0.8, 0.8, 0.8, 0.8, 0.7, 0.8, 0.8, 0.8, 0.8, 0.8, 0.8, 0.8, 0.8, 0.8, 0.8, 0.8, 0.8, 0.8, 0.8, 0.8, 0.8, 0.8, 0.8]","[0.8, 0.7, 0.8, 0.7, 0.8, 0.8, 0.7, 0.8, 0.7, 0.8, 0.7, 0.8, 0.8, 0.8, 0.7, 0.7, 0.7, 0.8, 0.8, 0.7, 0.8, 0.8, 0.8, 0.8, 0.8, 0.7, 0.7, 0.8, 0.8, 0.8, 0.8, 0.7, 0.8, 0.8, 0.8, 0.8, 0.8, 0.8, 0.8, 0.8]","[0.2, 0.2, 0.2, 0.2, 0.5, 0.2, 0.2, 0.2, 0.5, 0.2, 0.2, 0.2, 0.5, 0.2, 0.2, 0.2, 0.2, 0.2, 0.2, 0.5]","[0.8, 0.8, 0.8, 0.8, 0.8, 0.8, 0.8, 0.8, 0.8, 0.8, 0.8, 0.8, 0.8, 0.8, 0.8, 0.8, 0.8, 0.8, 0.8, 0.8, 0.8, 0.8, 0.8, 0.8, 0.8, 0.8, 0.8, 0.8, 0.8, 0.8, 0.8, 0.8, 0.8, 0.8, 0.8, 0.8, 0.8, 0.8, 0.8, 0.8]","[0.8, 0.8, 0.8, 0.8, 0.8, 0.8, 0.8, 0.8, 0.8, 0.8, 0.8, 0.8, 0.8, 0.8, 0.8, 0.8, 0.8, 0.8, 0.8, 0.8]","[0.7, 0.7, 0.7, 0.7, 0.7, 0.7, 0.7, 0.7, 0.7, 0.7, 0.7, 0.7, 0.7, 0.7, 0.7, 0.7, 0.7, 0.7, 0.7, 0.7, 0.7, 0.7, 0.7, 0.7, 0.7, 0.7, 0.7, 0.7, 0.7, 0.7, 0.7, 0.7, 0.7, 0.7, 0.7, 0.7, 0.7, 0.7, 0.7, 0.7]","[0.4, 0.4, 0.4, 0.4, 0.4, 0.4, 0.4, 0.4, 0.4, 0.4, 0.4, 0.4, 0.4, 0.4, 0.4, 0.4, 0.4, 0.4, 0.4, 0.4]","[0.8, 0.8, 0.8, 0.8, 0.8, 0.8, 0.8, 0.8, 0.8, 0.8, 0.8, 0.8, 0.8, 0.8, 0.8, 0.8, 0.8, 0.8, 0.8, 0.8]",0.7975,0.77,0.26,0.8,0.8,0.7,0.4,0.8
unknown,groq_llama-4-maverick-17b-128e-instruct,loathing,cambridge,"[0.8, 0.8, 0.8, 0.8, 0.8, 0.8, 0.8, 0.8, 0.8, 0.8, 0.8, 0.8, 0.8, 0.8, 0.8, 0.8, 0.8, 0.8, 0.8, 0.8, 0.8, 0.8, 0.8, 0.8, 0.8, 0.8, 0.8, 0.8, 0.8, 0.8, 0.8, 0.8, 0.8, 0.8, 0.8, 0.8, 0.8, 0.8, 0.8, 0.8]","[0.8, 0.7, 0.7, 0.8, 0.7, 0.7, 0.7, 0.8, 0.8, 0.8, 0.8, 0.8, 0.7, 0.8, 0.8, 0.7, 0.8, 0.8, 0.8, 0.8, 0.8, 0.8, 0.8, 0.8, 0.7, 0.8, 0.7, 0.8, 0.8, 0.8, 0.7, 0.8, 0.8, 0.8, 0.8, 0.8, 0.8, 0.8, 0.8, 0.7]","[-0.5, -0.5, -0.5, -0.5, -0.5, -0.5, 0.2, 0.2, -0.5, -0.5, 0.2, 0.2, -0.5, 0.2, -0.5, -0.5, 0.2, -0.5, -0.7, -0.5]","[-0.9, -0.9, -0.9, -0.8, -0.9, -0.9, -0.9, -0.9, -0.9, -0.8, -0.9, -0.8, -0.8, -0.9, -0.8, -0.9, -0.8, -0.9, -0.9, -0.8, -0.8, -0.9, -0.9, -0.9, -0.9, -0.9, -0.9, -0.9, -0.9, -0.9, -0.9, -0.8, -0.8, -0.9, -0.8, -0.9, -0.9, -0.9, -0.9, -0.8]","[-0.8, -0.8, -0.8, -0.8, -0.8, -0.8, -0.8, -0.8, -0.8, -0.8, -0.8, -0.8, -0.8, -0.8, -0.8, -0.8, -0.8, -0.8, -0.8, -0.8]","[0.8, 0.8, 0.8, 0.8, 0.8, 0.8, 0.8, 0.8, 0.8, 0.8, 0.8, 0.8, 0.8, 0.8, 0.8, 0.8, 0.8, 0.8, 0.8, 0.8, 0.8, 0.8, 0.8, 0.8, 0.8, 0.8, 0.8, 0.8, 0.8, 0.8, 0.8, 0.8, 0.8, 0.8, 0.8, 0.8, 0.8, 0.8, 0.8, 0.8]","[0.7, 0.7, 0.7, 0.7, 0.7, 0.7, 0.7, 0.7, 0.7, 0.7, 0.7, 0.7, 0.7, 0.7, 0.7, 0.7, 0.7, 0.7, 0.7, 0.7]","[-0.8, -0.9, -0.8, -0.8, -0.9, -0.9, -0.8, -0.9, -0.9, -0.9, -0.9, -0.8, -0.8, -0.8, -0.9, -0.8, -0.9, -0.9, -0.9, -0.9]",0.8,0.7725,-0.3,-0.87,-0.8,0.8,0.7,-0.86
unknown,groq_llama-4-maverick-17b-128e-instruct,loathing,sentiwordnet,"[0.8, 0.8, 0.8, 0.8, 0.8, 0.8, 0.8, 0.8, 0.8, 0.8, 0.8, 0.8, 0.8, 0.8, 0.8, 0.8, 0.8, 0.8, 0.8, 0.8, 0.8, 0.8, 0.8, 0.8, 0.8, 0.8, 0.8, 0.8, 0.8, 0.8, 0.8, 0.8, 0.8, 0.8, 0.8, 0.8, 0.8, 0.8, 0.8, 0.8]","[0.8, 0.8, 0.8, 0.8, 0.8, 0.8, 0.8, 0.8, 0.8, 0.8, 0.8, 0.8, 0.8, 0.8, 0.8, 0.8, 0.8, 0.8, 0.8, 0.8, 0.8, 0.8, 0.8, 0.8, 0.8, 0.8, 0.8, 0.8, 0.8, 0.8, 0.8, 0.8, 0.8, 0.8, 0.8, 0.8, 0.8, 0.8, 0.8, 0.8]","[-0.5, -0.5, -0.5, -0.5, 0.2, -0.5, 0.2, -0.5, -0.5, -0.5, -0.5, -0.5, -0.5, -0.5, -0.5, -0.5, -0.5, -0.5, -0.5, -0.5]","[-0.9, -0.9, -0.9, -0.9, -0.9, -0.9, -0.9, -0.9, -0.9, -0.9, -0.9, -0.9, -0.9, -0.9, -0.9, -0.9, -0.9, -0.9, -0.9, -0.9, -0.9, -0.9, -0.9, -0.9, -0.9, -0.9, -0.9, -0.9, -0.9, -0.9, -0.9, -0.9, -0.9, -0.9, -0.9, -0.9, -0.9, -0.9, -0.9, -0.9]","[-0.8, -0.9, -0.9, -0.9, -0.8, -0.9, -0.9, -0.9, -0.8, -0.9, -0.9, -0.9, -0.9, -0.9, -0.9, -0.9, -0.9, -0.8, -0.9, -0.9]","[0.8, 0.8, 0.8, 0.8, 0.8, 0.8, 0.8, 0.8, 0.8, 0.8, 0.8, 0.8, 0.8, 0.8, 0.8, 0.8, 0.8, 0.8, 0.8, 0.8, 0.8, 0.8, 0.8, 0.8, 0.8, 0.8, 0.8, 0.8, 0.8, 0.8, 0.8, 0.8, 0.8, 0.8, 0.8, 0.8, 0.8, 0.8, 0.8, 0.8]","[0.7, 0.7, 0.7, 0.7, 0.7, 0.7, 0.7, 0.7, 0.7, 0.7, 0.7, 0.7, 0.7, 0.7, 0.7, 0.7, 0.7, 0.7, 0.7, 0.7]","[-0.9, -0.9, -0.9, -0.9, -0.9, -0.9, -0.9, -0.9, -0.9, -0.9, -0.9, -0.9, -0.9, -0.9, -0.9, -0.9, -0.9, -0.9, -0.9, -0.9]",0.8,0.8,-0.43,-0.9,-0.88,0.8,0.7,-0.9
unknown,groq_llama-4-maverick-17b-128e-instruct,love,cambridge,"[0.8, 0.8, 0.8, 0.8, 0.8, 0.8, 0.8, 0.8, 0.8, 0.8, 0.8, 0.8, 0.8, 0.8, 0.8, 0.8, 0.8, 0.8, 0.8, 0.8, 0.8, 0.8, 0.8, 0.8, 0.8, 0.8, 0.8, 0.8, 0.8, 0.8, 0.8, 0.8, 0.8, 0.8, 0.8, 0.8, 0.8, 0.8, 0.8, 0.8]","[0.8, 0.8, 0.8, 0.8, 0.8, 0.8, 0.8, 0.7, 0.8, 0.8, 0.8, 0.7, 0.8, 0.8, 0.8, 0.8, 0.8, 0.8, 0.8, 0.7, 0.8, 0.8, 0.8, 0.8, 0.8, 0.8, 0.8, 0.8, 0.8, 0.8, 0.8, 0.8, 0.8, 0.8, 0.8, 0.8, 0.8, 0.8, 0.8, 0.8]","[0.2, 0.2, 0.2, 0.2, 0.2, 0.2, 0.2, 0.2, 0.2, 0.2, 0.2, 0.2, 0.2, 0.2, 0.2, 0.2, 0.2, 0.2, 0.2, 0.2]","[0.8, 0.8, 0.8, 0.8, 0.8, 0.8, 0.8, 0.8, 0.8, 0.8, 0.8, 0.8, 0.8, 0.8, 0.8, 0.8, 0.8, 0.8, 0.8, 0.8, 0.8, 0.8, 0.8, 0.8, 0.8, 0.8, 0.8, 0.8, 0.8, 0.8, 0.8, 0.8, 0.8, 0.8, 0.8, 0.8, 0.8, 0.8, 0.8, 0.8]","[0.8, 0.8, 0.8, 0.8, 0.8, 0.8, 0.8, 0.8, 0.8, 0.8, 0.8, 0.8, 0.8, 0.8, 0.8, 0.8, 0.8, 0.8, 0.8, 0.8]","[0.8, 0.8, 0.8, 0.8, 0.8, 0.8, 0.8, 0.8, 0.8, 0.8, 0.8, 0.8, 0.8, 0.8, 0.8, 0.8, 0.8, 0.8, 0.8, 0.8, 0.8, 0.8, 0.8, 0.8, 0.8, 0.8, 0.8, 0.8, 0.8, 0.8, 0.8, 0.8, 0.8, 0.8, 0.8, 0.8, 0.8, 0.8, 0.8, 0.8]","[0.7, 0.7, 0.7, 0.7, 0.7, 0.7, 0.7, 0.7, 0.7, 0.7, 0.7, 0.7, 0.7, 0.7, 0.7, 0.7, 0.7, 0.7, 0.7, 0.7]","[0.8, 0.8, 0.8, 0.8, 0.8, 0.8, 0.8, 0.8, 0.8, 0.8, 0.8, 0.8, 0.8, 0.8, 0.8, 0.8, 0.8, 0.8, 0.8, 0.8]",0.8,0.7925,0.2,0.8,0.8,0.8,0.7,0.8
unknown,groq_llama-4-maverick-17b-128e-instruct,love,sentiwordnet,"[0.7, 0.7, 0.7, 0.7, 0.7, 0.7, 0.7, 0.7, 0.7, 0.6, 0.7, 0.7, 0.7, 0.7, 0.7, 0.7, 0.7, 0.6, 0.7, 0.7, 0.7, 0.7, 0.7, 0.7, 0.6, 0.7, 0.7, 0.7, 0.7, 0.7, 0.7, 0.7, 0.7, 0.7, 0.7, 0.7, 0.7, 0.7, 0.7, 0.7]","[0.4, 0.4, 0.4, 0.4, 0.4, 0.4, 0.4, 0.4, 0.4, 0.4, 0.4, 0.6, 0.4, 0.4, 0.4, 0.4, 0.4, 0.4, 0.4, 0.4, 0.4, 0.4, 0.4, 0.4, 0.4, 0.4, 0.4, 0.4, 0.4, 0.4, 0.4, 0.4, 0.4, 0.6, 0.4, 0.4, 0.4, 0.4, 0.4, 0.4]","[0.2, 0.2, 0.2, 0.2, 0.2, 0.2, 0.2, 0.2, 0.2, 0.2, 0.2, 0.2, 0.2, 0.2, 0.2, 0.2, 0.2, 0.2, 0.2, 0.2]","[0.8, 0.8, 0.8, 0.8, 0.8, 0.8, 0.8, 0.8, 0.8, 0.8, 0.8, 0.8, 0.8, 0.8, 0.8, 0.8, 0.8, 0.8, 0.8, 0.8, 0.8, 0.8, 0.8, 0.8, 0.8, 0.8, 0.8, 0.8, 0.8, 0.8, 0.8, 0.8, 0.8, 0.8, 0.8, 0.8, 0.8, 0.8, 0.8, 0.8]","[0.8, 0.8, 0.8, 0.8, 0.8, 0.8, 0.8, 0.8, 0.8, 0.8, 0.8, 0.8, 0.8, 0.8, 0.8, 0.8, 0.8, 0.8, 0.8, 0.8]","[0.6, 0.7, 0.7, 0.7, 0.4, 0.7, 0.7, 0.6, 0.7, 0.7, 0.7, 0.7, 0.7, 0.7, 0.6, 0.7, 0.7, 0.6, 0.7, 0.7, 0.7, 0.7, 0.7, 0.7, 0.7, 0.7, 0.7, 0.6, 0.7, 0.7, 0.7, 0.7, 0.7, 0.7, 0.7, 0.6, 0.6, 0.6, 0.7, 0.7]","[0.7, 0.7, 0.7, 0.7, 0.7, 0.7, 0.7, 0.7, 0.7, 0.7, 0.7, 0.7, 0.7, 0.7, 0.7, 0.7, 0.7, 0.7, 0.7, 0.7]","[0.8, 0.8, 0.8, 0.8, 0.8, 0.8, 0.8, 0.8, 0.8, 0.8, 0.8, 0.8, 0.8, 0.8, 0.8, 0.8, 0.8, 0.8, 0.8, 0.8]",0.6925,0.41,0.2,0.8,0.8,0.6725,0.7,0.8
unknown,groq_llama-4-maverick-17b-128e-instruct,optimism,cambridge,"[0.7, 0.7, 0.7, 0.7, 0.7, 0.7, 0.7, 0.7, 0.7, 0.7, 0.7, 0.7, 0.7, 0.7, 0.7, 0.7, 0.7, 0.7, 0.7, 0.7, 0.7, 0.7, 0.7, 0.7, 0.7, 0.7, 0.7, 0.7, 0.7, 0.7, 0.7, 0.7, 0.7, 0.7, 0.7, 0.7, 0.7, 0.7, 0.7, 0.7]","[0.6, 0.7, 0.7, 0.7, 0.6, 0.7, 0.6, 0.6, 0.7, 0.7, 0.7, 0.6, 0.7, 0.7, 0.7, 0.6, 0.6, 0.6, 0.6, 0.6, 0.7, 0.6, 0.6, 0.6, 0.7, 0.7, 0.7, 0.6, 0.6, 0.7, 0.6, 0.6, 0.6, 0.7, 0.7, 0.6, 0.6, 0.7, 0.7, 0.6]","[0.5, 0.5, 0.5, 0.5, 0.5, 0.5, 0.5, 0.5, 0.5, 0.5, 0.5, 0.5, 0.5, 0.5, 0.5, 0.5, 0.5, 0.5, 0.5, 0.5]","[0.8, 0.8, 0.8, 0.8, 0.8, 0.8, 0.75, 0.8, 0.8, 0.8, 0.8, 0.8, 0.8, 0.8, 0.8, 0.8, 0.8, 0.8, 0.8, 0.7, 0.8, 0.8, 0.8, 0.8, 0.8, 0.7, 0.8, 0.8, 0.8, 0.8, 0.8, 0.8, 0.8, 0.8, 0.8, 0.7, 0.8, 0.8, 0.8, 0.8]","[0.8, 0.8, 0.8, 0.8, 0.8, 0.8, 0.8, 0.8, 0.8, 0.8, 0.8, 0.8, 0.8, 0.8, 0.8, 0.8, 0.8, 0.7, 0.8, 0.8]","[0.7, 0.7, 0.7, 0.7, 0.7, 0.7, 0.7, 0.7, 0.7, 0.7, 0.7, 0.7, 0.7, 0.7, 0.7, 0.7, 0.7, 0.7, 0.7, 0.7, 0.7, 0.7, 0.7, 0.7, 0.7, 0.7, 0.7, 0.7, 0.7, 0.7, 0.7, 0.7, 0.7, 0.7, 0.7, 0.7, 0.7, 0.7, 0.7, 0.7]","[0.4, 0.4, 0.4, 0.4, 0.4, 0.4, 0.4, 0.4, 0.4, 0.4, 0.4, 0.4, 0.4, 0.4, 0.4, 0.4, 0.4, 0.4, 0.4, 0.4]","[0.8, 0.8, 0.8, 0.8, 0.8, 0.8, 0.8, 0.8, 0.8, 0.8, 0.8, 0.8, 0.8, 0.8, 0.8, 0.8, 0.8, 0.8, 0.8, 0.8]",0.7,0.6475,0.5,0.7913,0.795,0.7,0.4,0.8
unknown,groq_llama-4-maverick-17b-128e-instruct,optimism,sentiwordnet,"[0.7, 0.7, 0.8, 0.7, 0.7, 0.7, 0.7, 0.7, 0.7, 0.7, 0.7, 0.7, 0.7, 0.7, 0.7, 0.7, 0.7, 0.7, 0.7, 0.7, 0.7, 0.7, 0.7, 0.7, 0.7, 0.7, 0.7, 0.7, 0.7, 0.7, 0.7, 0.7, 0.7, 0.7, 0.7, 0.7, 0.7, 0.7, 0.7, 0.7]","[0.7, 0.7, 0.7, 0.7, 0.7, 0.7, 0.7, 0.7, 0.7, 0.7, 0.6, 0.7, 0.6, 0.6, 0.7, 0.6, 0.7, 0.7, 0.7, 0.6, 0.6, 0.6, 0.7, 0.6, 0.6, 0.7, 0.7, 0.7, 0.6, 0.7, 0.7, 0.7, 0.7, 0.6, 0.7, 0.6, 0.7, 0.7, 0.7, 0.6]","[0.5, 0.5, 0.5, 0.5, 0.5, 0.5, 0.5, 0.5, 0.5, 0.5, 0.5, 0.5, 0.5, 0.5, 0.5, 0.5, 0.5, 0.5, 0.5, 0.5]","[0.8, 0.8, 0.8, 0.8, 0.8, 0.8, 0.8, 0.8, 0.8, 0.8, 0.8, 0.8, 0.8, 0.8, 0.8, 0.8, 0.8, 0.8, 0.8, 0.8, 0.8, 0.8, 0.8, 0.8, 0.8, 0.8, 0.8, 0.8, 0.8, 0.8, 0.8, 0.8, 0.8, 0.8, 0.8, 0.8, 0.8, 0.8, 0.8, 0.8]","[0.8, 0.8, 0.8, 0.8, 0.8, 0.8, 0.8, 0.8, 0.8, 0.8, 0.8, 0.8, 0.8, 0.8, 0.8, 0.8, 0.8, 0.8, 0.8, 0.8]","[0.7, 0.7, 0.7, 0.7, 0.7, 0.7, 0.7, 0.7, 0.7, 0.7, 0.7, 0.7, 0.7, 0.7, 0.7, 0.7, 0.7, 0.7, 0.7, 0.7, 0.7, 0.7, 0.7, 0.7, 0.7, 0.7, 0.7, 0.7, 0.7, 0.7, 0.7, 0.7, 0.7, 0.7, 0.7, 0.7, 0.7, 0.7, 0.7, 0.7]","[0.4, 0.4, 0.4, 0.4, 0.4, 0.4, 0.4, 0.4, 0.4, 0.4, 0.4, 0.4, 0.4, 0.4, 0.4, 0.4, 0.4, 0.4, 0.4, 0.4]","[0.8, 0.8, 0.8, 0.8, 0.8, 0.8, 0.8, 0.8, 0.8, 0.8, 0.8, 0.8, 0.8, 0.8, 0.8, 0.8, 0.8, 0.8, 0.8, 0.8]",0.7025,0.6675,0.5,0.8,0.8,0.7,0.4,0.8
unknown,groq_llama-4-maverick-17b-128e-instruct,pensiveness,cambridge,"[0.2, 0.2, 0.2, 0.2, 0.2, 0.2, 0.2, 0.2, 0.2, 0.2, 0.2, 0.2, 0.2, 0.2, 0.2, 0.2, 0.2, 0.3, 0.2, 0.2, 0.2, 0.2, 0.2, 0.3, 0.2, 0.2, 0.2, 0.2, 0.2, 0.2, 0.2, 0.2, 0.2, 0.2, 0.2, 0.2, 0.2, 0.2, 0.2, 0.2]","[0.3, 0.3, 0.3, 0.3, 0.3, 0.3, 0.3, 0.3, 0.3, 0.3, 0.3, 0.3, 0.3, 0.3, 0.3, 0.3, 0.3, 0.3, 0.3, 0.3, 0.3, 0.3, 0.3, 0.3, 0.3, 0.3, 0.3, 0.3, 0.3, 0.3, 0.3, 0.3, 0.3, 0.3, 0.3, 0.3, 0.3, 0.3, 0.3, 0.3]","[0.2, 0.2, 0.2, 0.2, 0.2, 0.2, 0.2, 0.2, 0.2, 0.2, 0.2, 0.2, 0.2, 0.2, 0.2, 0.2, 0.2, 0.2, 0.2, 0.2]","[-0.2, -0.2, -0.3, -0.2, -0.2, -0.2, -0.2, -0.3, -0.3, -0.3, -0.2, -0.2, -0.2, -0.2, -0.2, -0.2, -0.2, -0.2, -0.2, -0.2, -0.2, -0.3, -0.2, -0.3, -0.2, -0.3, -0.2, -0.2, -0.2, -0.2, -0.2, -0.3, -0.2, -0.2, -0.3, -0.2, -0.2, -0.2, -0.2, -0.2]","[-0.2, -0.2, -0.2, -0.2, -0.2, -0.2, -0.2, 0.2, -0.2, -0.2, 0.2, 0.2, 0.2, -0.3, -0.2, -0.2, 0.2, 0.2, -0.2, -0.2]","[0.4, 0.4, 0.4, 0.4, 0.4, 0.4, 0.4, 0.4, 0.4, 0.4, 0.4, 0.4, 0.4, 0.4, 0.4, 0.4, 0.4, 0.4, 0.4, 0.4, 0.4, 0.4, 0.4, 0.4, 0.4, 0.4, 0.4, 0.4, 0.4, 0.4, 0.4, 0.4, 0.4, 0.4, 0.4, 0.4, 0.4, 0.4, 0.4, 0.4]","[0.4, 0.4, 0.4, 0.4, 0.4, 0.4, 0.4, 0.4, 0.4, 0.4, 0.4, 0.4, 0.4, 0.4, 0.4, 0.4, 0.4, 0.4, 0.4, 0.4]","[-0.2, -0.2, -0.2, -0.2, -0.2, -0.2, -0.2, -0.2, -0.2, -0.2, -0.2, -0.2, -0.2, -0.2, -0.2, -0.2, -0.2, -0.2, -0.2, -0.2]",0.205,0.3,0.2,-0.2225,-0.085,0.4,0.4,-0.2
unknown,groq_llama-4-maverick-17b-128e-instruct,pensiveness,sentiwordnet,"[0.4, 0.4, 0.4, 0.4, 0.4, 0.4, 0.4, 0.4, 0.4, 0.4, 0.4, 0.4, 0.4, 0.4, 0.4, 0.4, 0.4, 0.4, 0.4, 0.4, 0.4, 0.4, 0.4, 0.4, 0.3, 0.3, 0.4, 0.4, 0.4, 0.4, 0.4, 0.3, 0.4, 0.4, 0.4, 0.4, 0.4, 0.4, 0.4, 0.3]","[0.4, 0.4, 0.3, 0.3, 0.3, 0.3, 0.4, 0.3, 0.4, 0.4, 0.4, 0.4, 0.3, 0.4, 0.3, 0.3, 0.4, 0.3, 0.3, 0.3, 0.4, 0.3, 0.3, 0.3, 0.3, 0.4, 0.3, 0.3, 0.3, 0.4, 0.3, 0.3, 0.4, 0.4, 0.3, 0.4, 0.4, 0.3, 0.3, 0.3]","[0.2, 0.2, 0.2, 0.2, 0.2, 0.2, 0.2, 0.2, 0.2, 0.2, 0.2, 0.2, 0.2, 0.2, 0.2, 0.2, 0.2, 0.2, 0.2, 0.2]","[-0.3, -0.2, -0.3, -0.3, -0.3, -0.3, -0.3, -0.2, -0.3, -0.3, -0.2, -0.3, -0.2, -0.2, -0.3, -0.5, -0.3, -0.3, -0.3, -0.5, -0.3, -0.3, -0.3, -0.3, -0.3, -0.3, -0.3, -0.2, -0.3, -0.2, -0.2, -0.5, -0.3, -0.3, -0.2, -0.3, -0.3, -0.5, -0.5, -0.3]","[-0.3, -0.3, -0.3, -0.3, -0.2, -0.3, -0.2, -0.5, -0.5, -0.3, -0.3, -0.3, -0.2, -0.3, -0.3, -0.3, -0.3, -0.2, -0.3, -0.3]","[0.7, 0.7, 0.7, 0.7, 0.7, 0.7, 0.7, 0.7, 0.7, 0.7, 0.7, 0.7, 0.7, 0.7, 0.7, 0.7, 0.7, 0.7, 0.7, 0.7, 0.7, 0.7, 0.7, 0.6, 0.7, 0.7, 0.7, 0.7, 0.7, 0.7, 0.7, 0.7, 0.7, 0.7, 0.7, 0.7, 0.7, 0.7, 0.7, 0.7]","[0.4, 0.4, 0.4, 0.4, 0.4, 0.4, 0.4, 0.4, 0.4, 0.4, 0.4, 0.4, 0.4, 0.4, 0.4, 0.4, 0.4, 0.4, 0.4, 0.4]","[-0.2, -0.2, -0.3, -0.3, -0.2, -0.2, -0.2, -0.2, -0.2, -0.3, -0.2, -0.2, -0.2, -0.2, -0.2, -0.2, -0.2, -0.3, -0.2, -0.3]",0.39,0.34,0.2,-0.3025,-0.3,0.6975,0.4,-0.225
unknown,groq_llama-4-maverick-17b-128e-instruct,rage,cambridge,"[0.8, 0.9, 0.9, 0.9, 0.9, 0.9, 0.9, 0.9, 0.9, 0.9, 0.8, 0.8, 0.9, 0.9, 0.9, 0.9, 0.9, 0.8, 0.9, 0.9, 0.9, 0.9, 0.9, 0.9, 0.9, 0.9, 0.9, 0.9, 0.9, 0.9, 0.9, 0.9, 0.8, 0.8, 0.9, 0.9, 0.9, 0.9, 0.9, 0.9]","[0.9, 0.9, 0.9, 0.9, 0.9, 0.9, 0.9, 0.9, 0.9, 0.9, 0.9, 0.9, 0.9, 0.9, 0.9, 0.9, 0.9, 0.9, 0.9, 0.9, 0.9, 0.9, 0.9, 0.9, 0.9, 0.9, 0.9, 0.9, 0.9, 0.9, 0.9, 0.9, 0.9, 0.9, 0.9, 0.9, 0.9, 0.9, 0.9, 0.9]","[-0.8, -0.7, -0.7, -0.8, -0.8, -0.8, -0.7, -0.8, -0.8, -0.8, -0.7, -0.8, -0.8, -0.7, -0.8, -0.8, -0.7, -0.8, -0.7, -0.8]","[-0.9, -0.9, -0.9, -0.9, -0.9, -0.8, -0.9, -0.9, -0.9, -0.9, -0.9, -0.9, -0.9, -0.9, -0.9, -0.9, -0.9, -0.9, -0.9, -0.9, -0.9, -0.9, -0.9, -0.9, -0.9, -0.9, -0.9, -0.9, -0.9, -0.9, -0.9, -0.9, -0.9, -0.9, -0.9, -0.9, -0.9, -0.9, -0.9, -0.9]","[-0.9, -0.9, -0.9, -0.9, -0.9, -0.9, -0.9, -0.9, -0.9, -0.9, -0.9, -0.9, -0.9, -0.9, -0.9, -0.9, -0.9, -0.9, -0.9, -0.9]","[0.9, 0.9, 0.8, 0.8, 0.9, 0.8, 0.8, 0.9, 0.8, 0.9, 0.8, 0.9, 0.9, 0.9, 0.9, 0.8, 0.9, 0.8, 0.9, 0.9, 0.9, 0.9, 0.9, 0.8, 0.8, 0.9, 0.9, 0.9, 0.9, 0.8, 0.9, 0.8, 0.9, 0.8, 0.9, 0.8, 0.9, 0.9, 0.9, 0.8]","[0.8, 0.8, 0.8, 0.8, 0.8, 0.8, 0.8, 0.8, 0.8, 0.8, 0.8, 0.8, 0.8, 0.8, 0.8, 0.8, 0.8, 0.8, 0.8, 0.8]","[-0.9, -0.9, -0.9, -0.9, -0.9, -0.9, -0.9, -0.9, -0.9, -0.9, -0.9, -0.9, -0.9, -0.9, -0.9, -0.9, -0.9, -0.9, -0.9, -0.9]",0.885,0.9,-0.765,-0.8975,-0.9,0.8625,0.8,-0.9
unknown,groq_llama-4-maverick-17b-128e-instruct,rage,sentiwordnet,"[0.8, 0.8, 0.8, 0.8, 0.8, 0.8, 0.8, 0.8, 0.8, 0.8, 0.8, 0.8, 0.8, 0.8, 0.8, 0.8, 0.8, 0.8, 0.8, 0.8, 0.8, 0.8, 0.8, 0.8, 0.8, 0.8, 0.8, 0.8, 0.8, 0.8, 0.8, 0.8, 0.8, 0.8, 0.8, 0.8, 0.8, 0.8, 0.8, 0.8]","[0.9, 0.8, 0.8, 0.9, 0.9, 0.9, 0.9, 0.9, 0.9, 0.9, 0.9, 0.9, 0.9, 0.9, 0.9, 0.9, 0.9, 0.9, 0.9, 0.8, 0.9, 0.8, 0.8, 0.9, 0.9, 0.8, 0.9, 0.8, 0.9, 0.8, 0.9, 0.9, 0.9, 0.9, 0.9, 0.9, 0.9, 0.9, 0.9, 0.9]","[-0.7, -0.7, -0.7, -0.7, -0.7, -0.7, 0.2, 0.2, -0.7, -0.7, -0.7, -0.7, 0.7, -0.7, 0.2, -0.7, -0.7, 0.2, 0.2, -0.7]","[-0.9, -0.9, -0.9, -0.9, -0.9, -0.9, -0.9, -0.9, -0.9, -0.9, -0.9, -0.9, -0.9, -0.9, -0.9, -0.9, -0.9, -0.9, -0.9, -0.9, -0.9, -0.9, -0.9, -0.9, -0.9, -0.9, -0.9, -0.9, -0.9, -0.9, -0.9, -0.9, -0.9, -0.9, -0.9, -0.9, -0.9, -0.9, -0.9, -0.9]","[-0.8, -0.8, -0.9, -0.9, -0.9, -0.8, -0.9, -0.8, -0.9, -0.8, -0.9, -0.9, -0.8, -0.9, -0.9, -0.8, -0.9, -0.8, -0.9, -0.8]","[0.8, 0.8, 0.8, 0.8, 0.8, 0.8, 0.8, 0.8, 0.8, 0.9, 0.8, 0.8, 0.8, 0.8, 0.8, 0.8, 0.9, 0.8, 0.8, 0.8, 0.8, 0.8, 0.8, 0.8, 0.8, 0.8, 0.8, 0.8, 0.8, 0.8, 0.8, 0.8, 0.8, 0.9, 0.8, 0.8, 0.9, 0.8, 0.8, 0.8]","[0.8, 0.8, 0.8, 0.8, 0.8, 0.8, 0.8, 0.8, 0.8, 0.8, 0.8, 0.8, 0.8, 0.8, 0.8, 0.8, 0.8, 0.8, 0.8, 0.8]","[-0.9, -0.8, -0.9, -0.9, -0.9, -0.9, -0.9, -0.9, -0.9, -0.9, -0.9, -0.9, -0.9, -0.9, -0.9, -0.9, -0.9, -0.9, -0.9, -0.9]",0.8,0.88,-0.405,-0.9,-0.855,0.81,0.8,-0.895
unknown,groq_llama-4-maverick-17b-128e-instruct,remorse,cambridge,"[0.7, 0.7, 0.7, 0.7, 0.7, 0.7, 0.7, 0.7, 0.7, 0.7, 0.7, 0.7, 0.7, 0.7, 0.7, 0.7, 0.7, 0.7, 0.7, 0.7, 0.7, 0.7, 0.7, 0.7, 0.7, 0.7, 0.7, 0.7, 0.7, 0.7, 0.7, 0.7, 0.7, 0.7, 0.7, 0.7, 0.7, 0.7, 0.7, 0.7]","[0.6, 0.7, 0.6, 0.6, 0.6, 0.6, 0.6, 0.6, 0.6, 0.6, 0.6, 0.6, 0.6, 0.6, 0.6, 0.6, 0.6, 0.6, 0.6, 0.6, 0.6, 0.6, 0.6, 0.6, 0.6, 0.6, 0.6, 0.6, 0.6, 0.6, 0.6, 0.6, 0.6, 0.6, 0.6, 0.6, 0.7, 0.6, 0.6, 0.6]","[-0.5, -0.5, -0.5, -0.3, -0.5, -0.5, -0.5, -0.5, -0.5, -0.5, -0.5, -0.5, -0.5, -0.3, -0.5, -0.5, -0.5, -0.5, -0.3, -0.5]","[-0.8, -0.8, -0.8, -0.8, -0.8, -0.8, -0.8, -0.8, -0.8, -0.8, -0.8, -0.8, -0.8, -0.8, -0.8, -0.8, -0.8, -0.8, -0.8, -0.8, -0.8, -0.8, -0.8, -0.8, -0.8, -0.8, -0.8, -0.8, -0.8, -0.8, -0.8, -0.8, -0.8, -0.8, -0.8, -0.8, -0.8, -0.8, -0.8, -0.8]","[-0.8, -0.8, -0.8, -0.8, -0.8, -0.8, -0.8, -0.8, -0.8, -0.8, -0.8, -0.8, -0.8, -0.8, -0.8, -0.8, -0.8, -0.8, -0.8, -0.8]","[0.4, 0.6, 0.4, 0.4, 0.6, 0.4, 0.4, 0.6, 0.6, 0.6, 0.6, 0.6, 0.6, 0.6, 0.4, 0.6, 0.4, 0.4, 0.4, 0.6, 0.4, 0.4, 0.6, 0.4, 0.6, 0.4, 0.4, 0.4, 0.6, 0.6, 0.6, 0.4, 0.6, 0.4, 0.4, 0.6, 0.6, 0.4, 0.4, 0.7]","[0.4, 0.4, 0.4, 0.4, 0.4, 0.4, 0.4, 0.4, 0.4, 0.4, 0.4, 0.4, 0.4, 0.4, 0.4, 0.4, 0.4, 0.4, 0.4, 0.4]","[-0.8, -0.8, -0.8, -0.8, -0.8, -0.8, -0.8, -0.8, -0.8, -0.8, -0.8, -0.8, -0.8, -0.8, -0.8, -0.8, -0.8, -0.8, -0.8, -0.8]",0.7,0.605,-0.47,-0.8,-0.8,0.5025,0.4,-0.8
unknown,groq_llama-4-maverick-17b-128e-instruct,remorse,sentiwordnet,"[0.7, 0.7, 0.7, 0.7, 0.7, 0.7, 0.8, 0.7, 0.7, 0.7, 0.8, 0.8, 0.7, 0.8, 0.7, 0.7, 0.7, 0.8, 0.7, 0.7, 0.7, 0.8, 0.8, 0.8, 0.8, 0.7, 0.8, 0.7, 0.7, 0.8, 0.8, 0.7, 0.8, 0.8, 0.7, 0.7, 0.7, 0.7, 0.8, 0.7]","[0.7, 0.7, 0.7, 0.7, 0.7, 0.7, 0.7, 0.7, 0.7, 0.7, 0.7, 0.7, 0.7, 0.7, 0.7, 0.7, 0.7, 0.7, 0.7, 0.7, 0.7, 0.7, 0.7, 0.7, 0.7, 0.7, 0.7, 0.7, 0.7, 0.7, 0.7, 0.7, 0.7, 0.7, 0.7, 0.7, 0.7, 0.7, 0.7, 0.7]","[-0.5, -0.5, -0.5, -0.5, -0.5, -0.5, -0.5, -0.5, -0.5, -0.5, -0.5, -0.5, -0.5, -0.5, -0.5, -0.5, -0.5, -0.5, -0.5, -0.5]","[-0.9, -0.8, -0.8, -0.8, -0.8, -0.8, -0.8, -0.8, -0.8, -0.8, -0.8, -0.8, -0.8, -0.8, -0.8, -0.8, -0.8, -0.8, -0.8, -0.8, -0.8, -0.8, -0.8, -0.8, -0.9, -0.8, -0.8, -0.8, -0.8, -0.8, -0.8, -0.8, -0.8, -0.8, -0.8, -0.9, -0.8, -0.8, -0.8, -0.8]","[-0.8, -0.8, -0.8, -0.8, -0.8, -0.8, -0.8, -0.8, -0.8, -0.8, -0.8, -0.8, -0.8, -0.8, -0.8, -0.8, -0.8, -0.8, -0.8, -0.8]","[0.7, 0.7, 0.7, 0.7, 0.7, 0.7, 0.7, 0.7, 0.7, 0.7, 0.7, 0.7, 0.7, 0.7, 0.7, 0.7, 0.7, 0.7, 0.7, 0.7, 0.7, 0.7, 0.7, 0.7, 0.7, 0.7, 0.7, 0.7, 0.7, 0.7, 0.7, 0.7, 0.7, 0.7, 0.7, 0.7, 0.7, 0.7, 0.7, 0.7]","[0.4, 0.4, 0.4, 0.4, 0.4, 0.4, 0.4, 0.4, 0.4, 0.4, 0.7, 0.4, 0.4, 0.4, 0.4, 0.6, 0.4, 0.4, 0.4, 0.4]","[-0.8, -0.8, -0.8, -0.8, -0.8, -0.8, -0.8, -0.8, -0.8, -0.8, -0.8, -0.8, -0.8, -0.8, -0.8, -0.8, -0.8, -0.8, -0.8, -0.8]",0.7375,0.7,-0.5,-0.8075,-0.8,0.7,0.425,-0.8
unknown,groq_llama-4-maverick-17b-128e-instruct,sadness,cambridge,"[0.4, 0.4, 0.4, 0.4, 0.4, 0.4, 0.4, 0.4, 0.4, 0.4, 0.4, 0.4, 0.4, 0.4, 0.4, 0.6, 0.4, 0.4, 0.4, 0.4, 0.4, 0.4, 0.4, 0.4, 0.4, 0.4, 0.4, 0.4, 0.4, 0.4, 0.4, 0.4, 0.4, 0.4, 0.4, 0.4, 0.4, 0.4, 0.4, 0.4]","[0.4, 0.4, 0.4, 0.4, 0.4, 0.3, 0.4, 0.4, 0.4, 0.4, 0.4, 0.4, 0.4, 0.4, 0.4, 0.4, 0.4, 0.3, 0.4, 0.3, 0.4, 0.4, 0.4, 0.4, 0.4, 0.4, 0.4, 0.4, 0.4, 0.4, 0.4, 0.4, 0.4, 0.3, 0.4, 0.4, 0.4, 0.4, 0.4, 0.4]","[-0.5, -0.5, -0.5, -0.5, -0.5, -0.5, -0.5, -0.5, -0.5, -0.5, -0.5, -0.5, -0.5, -0.5, -0.5, -0.5, -0.5, -0.5, -0.5, -0.5]","[-0.8, -0.8, -0.8, -0.8, -0.8, -0.8, -0.8, -0.8, -0.8, -0.8, -0.8, -0.8, -0.8, -0.8, -0.8, -0.8, -0.8, -0.8, -0.8, -0.8, -0.8, -0.8, -0.8, -0.8, -0.8, -0.8, -0.8, -0.8, -0.8, -0.8, -0.8, -0.8, -0.8, -0.8, -0.8, -0.8, -0.8, -0.8, -0.8, -0.8]","[-0.8, -0.8, -0.8, -0.8, -0.8, -0.8, -0.8, -0.8, -0.7, -0.8, -0.8, -0.8, -0.8, -0.8, -0.8, -0.8, -0.8, -0.8, -0.8, -0.8]","[0.4, 0.4, 0.3, 0.4, 0.4, 0.3, 0.4, 0.4, 0.4, 0.3, 0.4, 0.3, 0.3, 0.3, 0.4, 0.3, 0.4, 0.4, 0.4, 0.3, 0.4, 0.4, 0.4, 0.3, 0.4, 0.3, 0.3, 0.3, 0.4, 0.3, 0.4, 0.3, 0.3, 0.4, 0.3, 0.4, 0.4, 0.4, 0.4, 0.3]","[0.6, 0.7, 0.6, 0.6, 0.4, 0.6, 0.6, 0.4, 0.6, 0.6, 0.6, 0.4, 0.6, 0.6, 0.6, 0.6, 0.6, 0.4, 0.6, 0.4]","[-0.8, -0.8, -0.8, -0.8, -0.8, -0.8, -0.8, -0.8, -0.8, -0.8, -0.8, -0.8, -0.8, -0.8, -0.8, -0.8, -0.8, -0.8, -0.8, -0.8]",0.405,0.39,-0.5,-0.8,-0.795,0.3575,0.555,-0.8
unknown,groq_llama-4-maverick-17b-128e-instruct,sadness,sentiwordnet,"[0.4, 0.4, 0.4, 0.4, 0.4, 0.4, 0.4, 0.4, 0.4, 0.4, 0.4, 0.4, 0.4, 0.4, 0.4, 0.4, 0.4, 0.4, 0.4, 0.4, 0.4, 0.4, 0.4, 0.4, 0.4, 0.4, 0.4, 0.4, 0.4, 0.4, 0.4, 0.4, 0.4, 0.4, 0.4, 0.4, 0.4, 0.4, 0.4, 0.4]","[0.4, 0.4, 0.4, 0.4, 0.4, 0.4, 0.4, 0.4, 0.4, 0.4, 0.4, 0.4, 0.4, 0.4, 0.3, 0.4, 0.4, 0.4, 0.4, 0.4, 0.4, 0.4, 0.4, 0.4, 0.4, 0.4, 0.4, 0.4, 0.4, 0.4, 0.4, 0.4, 0.4, 0.4, 0.4, 0.4, 0.4, 0.4, 0.3, 0.4]","[-0.5, -0.5, -0.6, -0.5, -0.5, -0.5, -0.5, -0.5, -0.5, -0.5, -0.5, -0.5, -0.5, -0.5, -0.5, -0.7, -0.5, -0.5, -0.5, -0.5]","[-0.8, -0.8, -0.8, -0.8, -0.8, -0.8, -0.8, -0.8, -0.8, -0.8, -0.8, -0.8, -0.8, -0.8, -0.8, -0.8, -0.8, -0.8, -0.8, -0.8, -0.8, -0.8, -0.8, -0.8, -0.8, -0.8, -0.8, -0.8, -0.8, -0.8, -0.8, -0.8, -0.8, -0.8, -0.8, -0.8, -0.8, -0.8, -0.8, -0.8]","[-0.8, -0.8, -0.7, -0.8, -0.8, -0.7, -0.7, -0.8, -0.8, -0.8, -0.8, -0.7, -0.7, -0.8, -0.7, -0.7, -0.8, -0.8, -0.8, -0.8]","[0.35, 0.4, 0.35, 0.4, 0.4, 0.4, 0.4, 0.4, 0.4, 0.4, 0.4, 0.4, 0.4, 0.4, 0.4, 0.4, 0.4, 0.35, 0.4, 0.4, 0.4, 0.4, 0.4, 0.4, 0.4, 0.4, 0.4, 0.4, 0.4, 0.4, 0.4, 0.4, 0.4, 0.4, 0.4, 0.4, 0.4, 0.4, 0.4, 0.4]","[0.4, 0.6, 0.6, 0.6, 0.4, 0.6, 0.6, 0.7, 0.7, 0.4, 0.6, 0.67, 0.4, 0.7, 0.7, 0.7, 0.6, 0.7, 0.6, 0.4]","[-0.8, -0.8, -0.8, -0.8, -0.8, -0.8, -0.8, -0.8, -0.8, -0.8, -0.8, -0.8, -0.8, -0.8, -0.8, -0.8, -0.8, -0.8, -0.8, -0.8]",0.4,0.395,-0.515,-0.8,-0.765,0.3963,0.5835,-0.8
unknown,groq_llama-4-maverick-17b-128e-instruct,serenity,cambridge,"[0.2, 0.2, 0.2, 0.2, 0.2, 0.2, 0.2, 0.2, 0.2, 0.2, 0.2, 0.2, 0.2, 0.2, 0.2, 0.2, 0.2, 0.2, 0.2, 0.2, 0.2, 0.2, 0.2, 0.2, 0.2, 0.2, 0.2, 0.2, 0.2, 0.2, 0.2, 0.2, 0.2, 0.2, 0.2, 0.2, 0.2, 0.2, 0.2, 0.2]","[0.2, 0.2, 0.2, 0.2, 0.2, 0.2, 0.2, 0.2, 0.2, 0.2, 0.2, 0.2, 0.2, 0.2, 0.2, 0.2, 0.2, 0.2, 0.2, 0.2, 0.2, 0.2, 0.2, 0.2, 0.2, 0.2, 0.2, 0.2, 0.2, 0.2, 0.2, 0.2, 0.2, 0.2, 0.2, 0.2, 0.2, 0.2, 0.2, 0.2]","[0.2, 0.2, 0.2, 0.2, 0.2, 0.2, 0.2, 0.2, 0.2, 0.2, 0.2, 0.2, 0.2, 0.2, 0.2, 0.2, 0.2, 0.2, 0.2, 0.2]","[0.8, 0.8, 0.8, 0.8, 0.8, 0.8, 0.8, 0.8, 0.8, 0.8, 0.8, 0.8, 0.8, 0.8, 0.8, 0.8, 0.8, 0.8, 0.8, 0.8, 0.8, 0.8, 0.8, 0.8, 0.8, 0.8, 0.8, 0.8, 0.8, 0.8, 0.8, 0.8, 0.8, 0.8, 0.8, 0.8, 0.8, 0.8, 0.8, 0.8]","[0.8, 0.8, 0.8, 0.8, 0.8, 0.8, 0.8, 0.8, 0.8, 0.8, 0.8, 0.8, 0.8, 0.8, 0.8, 0.8, 0.8, 0.8, 0.8, 0.8]","[0.2, 0.2, 0.3, 0.2, 0.2, 0.2, 0.2, 0.2, 0.2, 0.2, 0.2, 0.2, 0.2, 0.2, 0.2, 0.2, 0.2, 0.2, 0.2, 0.2, 0.2, 0.2, 0.2, 0.2, 0.2, 0.2, 0.2, 0.2, 0.2, 0.2, 0.2, 0.2, 0.2, 0.3, 0.2, 0.2, 0.2, 0.2, 0.2, 0.2]","[0.3, 0.3, 0.3, 0.3, 0.2, 0.3, 0.2, 0.2, 0.2, 0.3, 0.2, 0.2, 0.2, 0.3, 0.2, 0.2, 0.2, 0.2, 0.3, 0.2]","[0.8, 0.8, 0.8, 0.8, 0.8, 0.8, 0.8, 0.8, 0.8, 0.8, 0.8, 0.8, 0.8, 0.8, 0.8, 0.8, 0.8, 0.8, 0.8, 0.8]",0.2,0.2,0.2,0.8,0.8,0.205,0.24,0.8
unknown,groq_llama-4-maverick-17b-128e-instruct,serenity,sentiwordnet,"[0.2, 0.2, 0.2, 0.2, 0.2, 0.2, 0.2, 0.2, 0.2, 0.2, 0.2, 0.2, 0.2, 0.2, 0.2, 0.2, 0.2, 0.2, 0.2, 0.2, 0.2, 0.2, 0.2, 0.2, 0.2, 0.2, 0.2, 0.2, 0.2, 0.2, 0.2, 0.2, 0.2, 0.2, 0.2, 0.2, 0.2, 0.2, 0.2, 0.2]","[0.2, 0.2, 0.2, 0.2, 0.2, 0.2, 0.2, 0.2, 0.2, 0.2, 0.2, 0.2, 0.2, 0.2, 0.2, 0.2, 0.2, 0.2, 0.2, 0.2, 0.2, 0.2, 0.2, 0.2, 0.2, 0.2, 0.2, 0.2, 0.2, 0.2, 0.2, 0.2, 0.2, 0.2, 0.2, 0.2, 0.2, 0.2, 0.2, 0.2]","[0.2, 0.2, 0.2, 0.2, 0.2, 0.2, 0.2, 0.2, 0.2, 0.2, 0.2, 0.2, 0.2, 0.2, 0.2, 0.2, 0.2, 0.2, 0.2, 0.2]","[0.8, 0.8, 0.8, 0.8, 0.8, 0.8, 0.8, 0.8, 0.8, 0.8, 0.8, 0.8, 0.8, 0.8, 0.8, 0.8, 0.8, 0.8, 0.8, 0.8, 0.8, 0.8, 0.8, 0.8, 0.8, 0.8, 0.8, 0.8, 0.8, 0.8, 0.8, 0.8, 0.8, 0.8, 0.8, 0.8, 0.8, 0.8, 0.8, 0.8]","[0.8, 0.7, 0.8, 0.7, 0.7, 0.7, 0.7, 0.8, 0.7, 0.7, 0.5, 0.8, 0.7, 0.8, 0.8, 0.8, 0.7, 0.8, 0.7, 0.8]","[0.2, 0.2, 0.2, 0.2, 0.2, 0.2, 0.2, 0.2, 0.2, 0.2, 0.2, 0.2, 0.2, 0.2, 0.2, 0.2, 0.2, 0.2, 0.2, 0.2, 0.2, 0.2, 0.2, 0.2, 0.2, 0.2, 0.2, 0.2, 0.2, 0.2, 0.2, 0.2, 0.2, 0.2, 0.2, 0.2, 0.2, 0.2, 0.2, 0.2]","[0.2, 0.2, 0.2, 0.2, 0.2, 0.2, 0.2, 0.2, 0.2, 0.2, 0.2, 0.2, 0.2, 0.2, 0.2, 0.2, 0.2, 0.2, 0.2, 0.2]","[0.8, 0.8, 0.8, 0.8, 0.8, 0.8, 0.8, 0.8, 0.8, 0.8, 0.8, 0.8, 0.8, 0.8, 0.8, 0.8, 0.8, 0.8, 0.8, 0.8]",0.2,0.2,0.2,0.8,0.735,0.2,0.2,0.8
unknown,groq_llama-4-maverick-17b-128e-instruct,submission,cambridge,"[0.4, 0.4, 0.3, 0.3, 0.4, 0.4, 0.4, 0.4, 0.4, 0.4, 0.4, 0.4, 0.4, 0.3, 0.4, 0.4, 0.4, 0.4, 0.4, 0.4, 0.4, 0.4, 0.4, 0.4, 0.4, 0.3, 0.4, 0.4, 0.4, 0.4, 0.4, 0.4, 0.4, 0.4, 0.4, 0.4, 0.4, 0.4, 0.4, 0.4]","[0.3, 0.4, 0.3, 0.4, 0.4, 0.4, 0.3, 0.4, 0.3, 0.3, 0.3, 0.3, 0.4, 0.3, 0.3, 0.4, 0.3, 0.4, 0.3, 0.3, 0.3, 0.3, 0.3, 0.3, 0.3, 0.3, 0.3, 0.4, 0.4, 0.3, 0.4, 0.4, 0.3, 0.3, 0.3, 0.3, 0.3, 0.3, 0.3, 0.3]","[-0.7, -0.5, -0.5, -0.5, -0.5, -0.5, -0.5, -0.5, -0.5, -0.5, -0.5, -0.5, -0.7, -0.5, -0.5, -0.5, -0.5, -0.5, -0.5, -0.5]","[-0.5, -0.5, -0.5, -0.5, -0.5, -0.5, -0.5, -0.5, -0.5, -0.5, -0.5, -0.5, -0.5, -0.5, -0.5, -0.5, -0.5, -0.5, -0.5, -0.5, -0.5, -0.5, -0.5, -0.5, -0.5, -0.5, -0.5, -0.5, -0.5, -0.5, -0.5, -0.5, -0.5, -0.5, -0.5, -0.5, -0.5, -0.5, -0.5, -0.5]","[-0.5, -0.5, -0.3, -0.5, -0.5, -0.5, -0.5, -0.5, -0.5, -0.5, -0.5, -0.5, -0.5, -0.5, -0.5, -0.5, -0.5, -0.5, -0.5, -0.5]","[0.3, 0.3, 0.3, 0.3, 0.3, 0.3, 0.3, 0.3, 0.3, 0.3, 0.3, 0.3, 0.3, 0.3, 0.3, 0.3, 0.3, 0.3, 0.3, 0.3, 0.3, 0.3, 0.3, 0.3, 0.3, 0.2, 0.3, 0.3, 0.3, 0.3, 0.3, 0.3, 0.3, 0.3, 0.3, 0.3, 0.3, 0.3, 0.3, 0.3]","[0.4, 0.4, 0.4, 0.4, 0.4, 0.4, 0.4, 0.4, 0.4, 0.4, 0.4, 0.4, 0.4, 0.4, 0.4, 0.4, 0.4, 0.4, 0.4, 0.4]","[-0.5, -0.5, -0.5, -0.5, -0.5, -0.5, -0.5, -0.5, -0.5, -0.5, -0.5, -0.5, -0.5, -0.5, -0.5, -0.5, -0.5, -0.5, -0.5, -0.5]",0.39,0.33,-0.52,-0.5,-0.49,0.2975,0.4,-0.5
unknown,groq_llama-4-maverick-17b-128e-instruct,submission,sentiwordnet,"[0.2, 0.2, 0.2, 0.2, 0.2, 0.2, 0.2, 0.2, 0.2, 0.2, 0.2, 0.2, 0.2, 0.2, 0.2, 0.2, 0.2, 0.2, 0.3, 0.2, 0.2, 0.2, 0.2, 0.2, 0.2, 0.2, 0.2, 0.2, 0.2, 0.2, 0.2, 0.2, 0.2, 0.2, 0.3, 0.2, 0.2, 0.2, 0.2, 0.2]","[0.2, 0.2, 0.2, 0.2, 0.2, 0.2, 0.2, 0.2, 0.2, 0.2, 0.2, 0.2, 0.2, 0.2, 0.2, 0.2, 0.2, 0.2, 0.2, 0.2, 0.2, 0.2, 0.2, 0.2, 0.2, 0.2, 0.2, 0.2, 0.2, 0.2, 0.2, 0.2, 0.2, 0.2, 0.2, 0.2, 0.2, 0.2, 0.2, 0.2]","[-0.7, -0.7, -0.7, -0.7, -0.7, -0.7, -0.7, -0.7, -0.7, -0.7, -0.7, -0.7, -0.7, -0.7, -0.7, -0.7, -0.7, -0.5, -0.7, -0.7]","[-0.5, -0.5, -0.5, -0.5, -0.5, -0.5, -0.5, -0.5, -0.3, -0.5, -0.5, -0.5, -0.5, -0.5, -0.5, -0.5, -0.5, -0.5, -0.5, -0.5, -0.5, -0.5, -0.5, -0.5, -0.5, -0.5, -0.5, -0.5, -0.5, -0.5, -0.5, -0.5, -0.5, -0.5, -0.5, -0.5, -0.5, -0.5, -0.5, -0.5]","[-0.5, -0.5, -0.5, -0.5, -0.3, -0.5, -0.5, 0.2, 0.2, 0.2, 0.2, 0.2, -0.5, -0.3, 0.2, 0.2, 0.2, -0.3, 0.2, -0.2]","[0.3, 0.2, 0.3, 0.3, 0.3, 0.2, 0.3, 0.3, 0.3, 0.3, 0.3, 0.3, 0.3, 0.3, 0.3, 0.3, 0.2, 0.3, 0.3, 0.3, 0.2, 0.3, 0.3, 0.3, 0.3, 0.3, 0.3, 0.3, 0.3, 0.3, 0.3, 0.3, 0.3, 0.3, 0.2, 0.3, 0.3, 0.2, 0.3, 0.2]","[0.4, 0.3, 0.3, 0.4, 0.4, 0.4, 0.3, 0.4, 0.3, 0.3, 0.3, 0.3, 0.3, 0.3, 0.3, 0.4, 0.4, 0.3, 0.3, 0.4]","[-0.3, -0.3, -0.3, -0.3, -0.3, -0.3, -0.3, -0.3, -0.3, -0.3, -0.2, -0.3, -0.3, -0.3, -0.3, -0.3, -0.3, -0.2, -0.3, -0.3]",0.205,0.2,-0.69,-0.495,-0.14,0.2825,0.34,-0.29
unknown,groq_llama-4-maverick-17b-128e-instruct,surprise,cambridge,"[0.8, 0.8, 0.8, 0.8, 0.8, 0.8, 0.8, 0.8, 0.8, 0.8, 0.8, 0.8, 0.8, 0.8, 0.8, 0.8, 0.8, 0.8, 0.8, 0.8, 0.7, 0.8, 0.8, 0.8, 0.7, 0.8, 0.8, 0.8, 0.8, 0.8, 0.8, 0.8, 0.8, 0.8, 0.8, 0.8, 0.8, 0.8, 0.7, 0.8]","[0.8, 0.8, 0.8, 0.8, 0.8, 0.8, 0.8, 0.8, 0.8, 0.8, 0.8, 0.8, 0.8, 0.8, 0.8, 0.8, 0.8, 0.8, 0.8, 0.8, 0.8, 0.8, 0.8, 0.8, 0.8, 0.8, 0.8, 0.8, 0.8, 0.8, 0.8, 0.8, 0.8, 0.8, 0.8, 0.8, 0.8, 0.8, 0.8, 0.8]","[-0.5, -0.5, -0.3, -0.5, -0.5, -0.5, -0.5, -0.5, -0.5, -0.5, -0.5, -0.5, -0.3, -0.3, -0.5, -0.5, -0.5, -0.5, -0.3, -0.5]","[0.2, 0.2, 0.2, 0.0, 0.0, 0.0, 0.0, 0.2, 0.0, 0.0, 0.2, 0.0, 0.0, 0.0, 0.2, 0.2, 0.0, 0.0, 0.0, 0.0, 0.0, 0.2, 0.2, 0.2, 0.0, 0.2, 0.0, 0.0, 0.2, 0.2, 0.0, 0.0, 0.0, 0.0, 0.0, 0.0, 0.0, 0.0, 0.0, 0.0]","[0.2, 0.2, 0.2, 0.2, 0.2, 0.2, 0.2, 0.2, 0.2, 0.2, 0.2, 0.2, 0.2, 0.2, 0.2, 0.2, 0.2, 0.2, 0.2, 0.2]","[0.7, 0.7, 0.7, 0.7, 0.7, 0.7, 0.7, 0.7, 0.7, 0.7, 0.7, 0.7, 0.7, 0.7, 0.7, 0.7, 0.7, 0.7, 0.7, 0.7, 0.7, 0.7, 0.7, 0.7, 0.7, 0.7, 0.7, 0.7, 0.7, 0.7, 0.7, 0.7, 0.7, 0.7, 0.7, 0.7, 0.7, 0.7, 0.7, 0.7]","[0.7, 0.7, 0.7, 0.7, 0.7, 0.7, 0.7, 0.7, 0.7, 0.7, 0.7, 0.7, 0.7, 0.7, 0.5, 0.7, 0.7, 0.7, 0.7, 0.7]","[0.2, 0.2, 0.2, 0.2, 0.2, 0.2, 0.2, 0.2, 0.2, 0.2, 0.2, 0.2, 0.2, 0.2, 0.2, 0.2, 0.2, 0.2, 0.0, 0.2]",0.7925,0.8,-0.46,0.065,0.2,0.7,0.69,0.19
unknown,groq_llama-4-maverick-17b-128e-instruct,surprise,sentiwordnet,"[0.8, 0.8, 0.8, 0.8, 0.8, 0.8, 0.8, 0.8, 0.8, 0.8, 0.8, 0.8, 0.8, 0.8, 0.8, 0.8, 0.8, 0.8, 0.8, 0.8, 0.8, 0.8, 0.8, 0.8, 0.8, 0.8, 0.8, 0.8, 0.8, 0.8, 0.8, 0.8, 0.8, 0.8, 0.8, 0.8, 0.8, 0.8, 0.8, 0.8]","[0.8, 0.8, 0.8, 0.8, 0.8, 0.8, 0.8, 0.8, 0.8, 0.8, 0.8, 0.8, 0.8, 0.8, 0.8, 0.8, 0.8, 0.8, 0.8, 0.8, 0.8, 0.8, 0.8, 0.8, 0.8, 0.8, 0.8, 0.8, 0.8, 0.8, 0.8, 0.8, 0.8, 0.8, 0.8, 0.8, 0.8, 0.8, 0.8, 0.8]","[-0.5, -0.5, -0.5, -0.5, -0.5, -0.5, -0.5, -0.5, -0.5, -0.5, -0.5, -0.5, -0.5, -0.5, -0.5, -0.5, -0.5, -0.5, -0.5, -0.5]","[0.0, 0.0, 0.0, 0.0, 0.0, 0.0, 0.0, 0.0, 0.0, 0.0, 0.0, 0.0, 0.0, 0.0, 0.0, 0.0, 0.0, 0.0, 0.0, 0.0, 0.0, 0.0, 0.0, 0.0, 0.0, 0.0, 0.0, 0.0, 0.0, 0.0, 0.0, 0.0, 0.0, 0.0, 0.0, 0.0, 0.0, 0.0, 0.0, 0.0]","[0.2, 0.2, 0.2, 0.2, 0.2, 0.2, 0.2, 0.2, 0.2, 0.2, 0.2, 0.2, 0.2, 0.2, 0.2, 0.2, 0.2, 0.2, 0.2, 0.2]","[0.8, 0.8, 0.8, 0.8, 0.8, 0.8, 0.8, 0.8, 0.7, 0.8, 0.8, 0.8, 0.8, 0.8, 0.8, 0.8, 0.8, 0.8, 0.8, 0.8, 0.8, 0.8, 0.8, 0.8, 0.8, 0.8, 0.8, 0.8, 0.8, 0.8, 0.8, 0.8, 0.8, 0.8, 0.8, 0.8, 0.8, 0.8, 0.8, 0.8]","[0.8, 0.8, 0.8, 0.8, 0.8, 0.8, 0.8, 0.8, 0.8, 0.8, 0.8, 0.8, 0.8, 0.8, 0.8, 0.8, 0.8, 0.8, 0.8, 0.8]","[0.0, 0.0, 0.0, 0.0, 0.0, 0.0, 0.2, 0.0, 0.0, 0.0, 0.0, 0.2, 0.0, 0.0, 0.2, 0.0, 0.0, 0.2, 0.0, 0.0]",0.8,0.8,-0.5,0.0,0.2,0.7975,0.8,0.04
unknown,groq_llama-4-maverick-17b-128e-instruct,terror,cambridge,"[0.9, 0.9, 0.9, 0.9, 0.9, 0.9, 0.8, 0.9, 0.9, 0.9, 0.9, 0.9, 0.8, 0.9, 0.9, 0.9, 0.9, 0.8, 0.9, 0.9, 0.9, 0.9, 0.9, 0.9, 0.9, 0.9, 0.9, 0.8, 0.9, 0.9, 0.9, 0.9, 0.9, 0.8, 0.8, 0.8, 0.9, 0.9, 0.9, 0.9]","[0.9, 0.9, 0.9, 0.9, 0.9, 0.9, 0.9, 0.9, 0.9, 0.9, 0.9, 0.8, 0.9, 0.9, 0.9, 0.9, 0.8, 0.9, 0.9, 0.9, 0.9, 0.9, 0.9, 0.9, 0.9, 0.9, 0.9, 0.9, 0.9, 0.9, 0.9, 0.9, 0.8, 0.9, 0.9, 0.8, 0.8, 0.9, 0.8, 0.9]","[-0.8, -0.8, -0.8, -0.8, -0.8, -0.8, -0.8, -0.8, -0.8, -0.8, -0.8, -0.8, -0.8, -0.8, -0.8, -0.8, -0.8, -0.8, -0.8, -0.8]","[-0.9, -0.9, -0.9, -0.9, -0.9, -0.9, -0.9, -0.9, -0.9, -0.9, -0.9, -0.9, -0.9, -0.9, -0.9, -0.9, -0.9, -0.9, -0.9, -0.9, -0.9, -0.9, -0.9, -0.9, -0.9, -0.9, -0.9, -0.9, -0.9, -0.9, -0.9, -0.9, -0.9, -0.9, -0.9, -0.9, -0.9, -0.9, -0.9, -0.9]","[-0.9, -0.9, -0.9, -0.9, -0.9, -0.9, -0.9, -0.9, -0.9, -0.9, -1.0, -0.9, -0.9, -0.9, -0.9, -0.9, -0.9, -1.0, -0.9, -0.9]","[0.9, 0.9, 0.9, 0.9, 0.9, 0.9, 0.9, 0.9, 0.9, 0.9, 0.9, 0.9, 0.9, 0.9, 0.9, 0.9, 0.9, 0.9, 0.9, 0.9, 0.9, 0.9, 0.9, 0.9, 0.9, 0.9, 0.9, 0.9, 0.9, 0.9, 0.9, 0.9, 0.9, 0.9, 0.9, 0.9, 0.9, 0.9, 0.9, 0.9]","[0.8, 0.8, 0.8, 0.8, 0.8, 0.8, 0.8, 0.8, 0.8, 0.8, 0.8, 0.8, 0.8, 0.8, 0.8, 0.8, 0.8, 0.8, 0.8, 0.8]","[-0.9, -0.9, -0.9, -0.9, -0.9, -0.9, -0.9, -0.9, -0.9, -0.9, -0.9, -0.9, -0.9, -0.9, -0.9, -0.9, -0.9, -0.9, -0.9, -0.9]",0.8825,0.885,-0.8,-0.9,-0.91,0.9,0.8,-0.9
unknown,groq_llama-4-maverick-17b-128e-instruct,terror,sentiwordnet,"[0.9, 0.9, 0.9, 0.9, 0.9, 0.9, 0.9, 0.9, 0.9, 0.8, 0.8, 0.9, 0.8, 0.9, 0.8, 0.9, 0.9, 0.8, 0.9, 0.9, 0.8, 0.9, 0.9, 0.9, 0.9, 0.9, 0.9, 0.9, 0.8, 0.9, 0.9, 0.9, 0.9, 0.9, 0.8, 0.9, 0.9, 0.9, 0.9, 0.9]","[0.9, 0.9, 0.9, 0.9, 0.9, 0.9, 0.9, 0.9, 0.9, 0.9, 0.9, 0.9, 0.9, 0.9, 0.9, 0.9, 0.9, 0.9, 0.9, 0.9, 0.9, 0.9, 0.9, 0.9, 0.9, 0.9, 0.9, 0.9, 0.9, 0.9, 0.9, 0.9, 0.9, 0.9, 0.9, 0.9, 0.9, 0.9, 0.9, 0.9]","[-0.8, -0.8, -0.8, -0.8, -0.8, -0.8, -0.8, -0.8, -0.8, -0.8, -0.8, -0.8, -0.8, -0.8, -0.8, -0.8, -0.8, -0.8, -0.8, -0.8]","[-0.9, -0.9, -0.9, -0.9, -0.9, -0.9, -0.9, -0.9, -0.9, -0.9, -0.9, -0.9, -0.9, -0.9, -0.9, -0.9, -0.9, -0.9, -0.9, -0.9, -0.9, -0.9, -0.9, -0.9, -0.9, -0.9, -0.9, -0.9, -0.9, -0.9, -0.9, -0.9, -0.9, -0.9, -0.9, -0.9, -0.9, -0.9, -0.9, -0.9]","[-0.9, -0.9, -0.9, -0.9, -0.9, -0.9, -0.9, -0.9, -0.9, -0.9, -0.9, -0.9, -0.9, -0.9, -0.9, -0.9, -0.9, -0.9, -0.9, -0.9]","[0.9, 0.9, 0.9, 0.9, 0.9, 0.9, 0.9, 0.9, 0.9, 0.9, 0.9, 0.9, 0.9, 0.9, 0.9, 0.9, 0.9, 0.9, 0.9, 0.9, 0.9, 0.9, 0.9, 0.9, 0.9, 0.9, 0.9, 0.9, 0.9, 0.9, 0.9, 0.9, 0.9, 0.9, 0.9, 0.9, 0.9, 0.9, 0.9, 0.9]","[0.8, 0.8, 0.8, 0.8, 0.8, 0.8, 0.8, 0.8, 0.8, 0.8, 0.8, 0.8, 0.8, 0.8, 0.8, 0.8, 0.8, 0.8, 0.8, 0.8]","[-0.9, -0.9, -0.9, -0.9, -0.9, -0.9, -0.9, -0.9, -0.9, -0.9, -0.9, -0.9, -0.9, -0.9, -0.9, -0.9, -0.9, -0.9, -0.9, -0.9]",0.88,0.9,-0.8,-0.9,-0.9,0.9,0.8,-0.9
unknown,groq_llama-4-maverick-17b-128e-instruct,trust,cambridge,"[0.3, 0.3, 0.3, 0.3, 0.3, 0.3, 0.3, 0.3, 0.3, 0.3, 0.3, 0.3, 0.3, 0.3, 0.3, 0.3, 0.3, 0.3, 0.3, 0.3, 0.3, 0.3, 0.3, 0.3, 0.3, 0.3, 0.3, 0.3, 0.3, 0.3, 0.3, 0.3, 0.3, 0.3, 0.3, 0.3, 0.3, 0.3, 0.3, 0.3]","[0.3, 0.3, 0.3, 0.3, 0.3, 0.3, 0.2, 0.2, 0.3, 0.2, 0.3, 0.3, 0.3, 0.2, 0.3, 0.2, 0.3, 0.2, 0.3, 0.3, 0.3, 0.3, 0.3, 0.2, 0.3, 0.3, 0.2, 0.3, 0.2, 0.3, 0.2, 0.3, 0.3, 0.3, 0.3, 0.3, 0.3, 0.2, 0.3, 0.2]","[0.2, 0.2, 0.2, 0.2, 0.2, 0.2, 0.2, 0.2, 0.2, 0.2, 0.2, 0.2, 0.2, 0.2, 0.2, 0.2, 0.2, 0.2, 0.2, 0.2]","[0.7, 0.7, 0.8, 0.7, 0.7, 0.7, 0.8, 0.7, 0.8, 0.8, 0.7, 0.8, 0.7, 0.8, 0.7, 0.7, 0.7, 0.7, 0.7, 0.8, 0.7, 0.7, 0.8, 0.8, 0.7, 0.7, 0.7, 0.7, 0.7, 0.8, 0.8, 0.7, 0.8, 0.8, 0.7, 0.7, 0.7, 0.8, 0.7, 0.8]","[0.7, 0.7, 0.7, 0.8, 0.7, 0.7, 0.7, 0.7, 0.7, 0.7, 0.8, 0.7, 0.7, 0.7, 0.7, 0.7, 0.7, 0.7, 0.7, 0.7]","[0.7, 0.7, 0.7, 0.7, 0.7, 0.7, 0.7, 0.7, 0.7, 0.7, 0.7, 0.7, 0.7, 0.7, 0.7, 0.7, 0.7, 0.7, 0.7, 0.7, 0.7, 0.7, 0.7, 0.7, 0.7, 0.7, 0.7, 0.7, 0.7, 0.7, 0.7, 0.7, 0.7, 0.7, 0.7, 0.7, 0.7, 0.7, 0.7, 0.7]","[0.4, 0.4, 0.4, 0.4, 0.4, 0.4, 0.4, 0.4, 0.4, 0.4, 0.4, 0.4, 0.4, 0.4, 0.4, 0.4, 0.4, 0.4, 0.4, 0.4]","[0.8, 0.8, 0.8, 0.8, 0.8, 0.8, 0.7, 0.8, 0.8, 0.8, 0.8, 0.7, 0.7, 0.8, 0.8, 0.8, 0.8, 0.7, 0.8, 0.7]",0.3,0.27,0.2,0.7375,0.71,0.7,0.4,0.775
unknown,groq_llama-4-maverick-17b-128e-instruct,trust,sentiwordnet,"[0.5, 0.4, 0.6, 0.4, 0.4, 0.5, 0.4, 0.4, 0.7, 0.4, 0.5, 0.4, 0.4, 0.4, 0.7, 0.7, 0.4, 0.7, 0.4, 0.6, 0.5, 0.4, 0.4, 0.4, 0.4, 0.4, 0.4, 0.5, 0.4, 0.4, 0.4, 0.5, 0.7, 0.4, 0.4, 0.7, 0.5, 0.4, 0.4, 0.4]","[0.4, 0.4, 0.4, 0.4, 0.4, 0.4, 0.4, 0.4, 0.4, 0.4, 0.4, 0.4, 0.4, 0.4, 0.4, 0.4, 0.4, 0.4, 0.4, 0.4, 0.4, 0.4, 0.4, 0.4, 0.4, 0.4, 0.4, 0.4, 0.4, 0.4, 0.4, 0.4, 0.4, 0.4, 0.4, 0.4, 0.4, 0.4, 0.4, 0.4]","[0.2, 0.2, 0.2, 0.2, 0.2, 0.2, 0.2, 0.2, 0.2, 0.2, 0.2, 0.3, 0.2, 0.2, 0.2, 0.2, 0.4, 0.3, 0.2, 0.2]","[0.8, 0.7, 0.8, 0.7, 0.8, 0.7, 0.8, 0.8, 0.7, 0.7, 0.7, 0.7, 0.7, 0.7, 0.7, 0.8, 0.7, 0.7, 0.7, 0.7, 0.7, 0.7, 0.7, 0.7, 0.7, 0.8, 0.7, 0.7, 0.8, 0.7, 0.7, 0.8, 0.7, 0.8, 0.7, 0.7, 0.7, 0.7, 0.8, 0.7]","[0.7, 0.7, 0.7, 0.7, 0.7, 0.7, 0.7, 0.7, 0.7, 0.7, 0.7, 0.7, 0.7, 0.7, 0.7, 0.7, 0.7, 0.7, 0.7, 0.7]","[0.7, 0.7, 0.7, 0.7, 0.7, 0.7, 0.7, 0.7, 0.7, 0.7, 0.7, 0.7, 0.7, 0.7, 0.7, 0.7, 0.7, 0.7, 0.7, 0.7, 0.7, 0.7, 0.7, 0.7, 0.7, 0.7, 0.7, 0.7, 0.7, 0.7, 0.7, 0.7, 0.7, 0.7, 0.7, 0.7, 0.7, 0.7, 0.7, 0.7]","[0.3, 0.3, 0.3, 0.3, 0.3, 0.3, 0.4, 0.3, 0.3, 0.3, 0.4, 0.3, 0.4, 0.3, 0.3, 0.3, 0.3, 0.3, 0.3, 0.4]","[0.7, 0.7, 0.7, 0.7, 0.7, 0.7, 0.7, 0.7, 0.7, 0.7, 0.7, 0.7, 0.7, 0.7, 0.7, 0.7, 0.7, 0.7, 0.7, 0.7]",0.4725,0.4,0.22,0.7275,0.7,0.7,0.32,0.7
unknown,groq_llama-4-maverick-17b-128e-instruct,vigilance,cambridge,"[0.7, 0.7, 0.7, 0.7, 0.7, 0.7, 0.7, 0.7, 0.8, 0.7, 0.7, 0.7, 0.7, 0.8, 0.7, 0.7, 0.8, 0.7, 0.7, 0.7, 0.7, 0.7, 0.8, 0.7, 0.7, 0.7, 0.8, 0.8, 0.7, 0.7, 0.7, 0.8, 0.7, 0.7, 0.7, 0.7, 0.7, 0.7, 0.7, 0.8]","[0.7, 0.8, 0.8, 0.7, 0.7, 0.7, 0.7, 0.7, 0.7, 0.7, 0.7, 0.7, 0.7, 0.7, 0.7, 0.7, 0.7, 0.8, 0.8, 0.7, 0.7, 0.7, 0.7, 0.7, 0.7, 0.7, 0.7, 0.7, 0.7, 0.7, 0.7, 0.8, 0.7, 0.7, 0.7, 0.8, 0.7, 0.7, 0.8, 0.7]","[0.5, 0.5, 0.5, 0.5, 0.5, 0.5, 0.5, 0.5, 0.5, 0.5, 0.5, 0.5, 0.5, 0.5, 0.5, 0.5, 0.5, 0.5, 0.5, 0.5]","[-0.5, -0.5, -0.5, -0.5, -0.5, -0.5, -0.5, -0.5, -0.5, -0.5, -0.5, -0.5, -0.5, -0.5, -0.3, -0.5, -0.5, -0.5, -0.5, -0.5, -0.5, -0.5, -0.5, -0.5, -0.5, -0.5, -0.5, -0.5, -0.5, -0.5, -0.5, -0.5, -0.5, -0.5, -0.5, -0.5, -0.5, -0.5, -0.5, -0.5]","[-0.2, -0.2, -0.2, -0.3, -0.2, -0.2, -0.2, 0.2, -0.2, -0.2, -0.2, -0.2, -0.2, -0.2, -0.2, 0.2, -0.2, -0.2, -0.2, -0.2]","[0.7, 0.7, 0.7, 0.7, 0.7, 0.7, 0.7, 0.7, 0.7, 0.7, 0.7, 0.7, 0.7, 0.7, 0.7, 0.7, 0.7, 0.7, 0.7, 0.7, 0.7, 0.7, 0.7, 0.7, 0.7, 0.7, 0.7, 0.7, 0.7, 0.7, 0.7, 0.7, 0.7, 0.7, 0.7, 0.7, 0.7, 0.7, 0.7, 0.7]","[0.4, 0.4, 0.6, 0.6, 0.4, 0.6, 0.4, 0.6, 0.4, 0.7, 0.4, 0.7, 0.7, 0.4, 0.4, 0.7, 0.4, 0.4, 0.4, 0.6]","[-0.3, -0.3, -0.3, -0.3, -0.2, -0.3, -0.5, -0.3, -0.5, -0.5, -0.3, -0.5, -0.2, -0.5, -0.5, -0.3, -0.3, -0.3, -0.3, -0.3]",0.72,0.7175,0.5,-0.495,-0.165,0.7,0.51,-0.35
unknown,groq_llama-4-maverick-17b-128e-instruct,vigilance,sentiwordnet,"[0.8, 0.8, 0.8, 0.8, 0.8, 0.8, 0.8, 0.8, 0.8, 0.8, 0.8, 0.8, 0.8, 0.8, 0.8, 0.8, 0.8, 0.8, 0.8, 0.8, 0.8, 0.8, 0.8, 0.8, 0.8, 0.8, 0.8, 0.8, 0.8, 0.8, 0.8, 0.8, 0.8, 0.8, 0.8, 0.8, 0.8, 0.8, 0.8, 0.8]","[0.8, 0.8, 0.8, 0.8, 0.8, 0.8, 0.8, 0.8, 0.8, 0.8, 0.8, 0.8, 0.8, 0.8, 0.8, 0.8, 0.8, 0.8, 0.7, 0.8, 0.8, 0.8, 0.7, 0.8, 0.8, 0.8, 0.8, 0.8, 0.8, 0.8, 0.8, 0.8, 0.8, 0.8, 0.8, 0.8, 0.8, 0.8, 0.8, 0.8]","[0.7, 0.7, 0.7, 0.7, 0.7, 0.7, 0.7, 0.7, 0.7, 0.7, 0.7, 0.7, 0.7, 0.7, 0.7, 0.7, 0.7, 0.7, 0.7, 0.7]","[0.2, 0.2, 0.2, 0.2, 0.2, 0.2, 0.2, 0.2, 0.2, 0.2, 0.2, 0.2, 0.2, 0.2, -0.5, 0.2, 0.2, -0.2, 0.2, -0.2, 0.2, -0.2, 0.2, 0.2, 0.2, 0.2, 0.2, 0.2, -0.2, 0.2, 0.2, 0.2, 0.2, 0.2, 0.2, -0.2, -0.2, 0.2, 0.2, -0.2]","[0.2, 0.2, 0.2, 0.2, 0.2, 0.2, 0.2, 0.2, 0.2, 0.2, 0.2, 0.2, 0.2, 0.2, 0.2, 0.2, 0.2, 0.2, 0.2, 0.2]","[0.7, 0.7, 0.8, 0.8, 0.8, 0.7, 0.8, 0.8, 0.7, 0.8, 0.7, 0.8, 0.8, 0.8, 0.8, 0.8, 0.7, 0.7, 0.8, 0.7, 0.8, 0.8, 0.8, 0.7, 0.7, 0.7, 0.7, 0.8, 0.8, 0.7, 0.7, 0.8, 0.8, 0.8, 0.7, 0.7, 0.7, 0.7, 0.7, 0.7]","[0.4, 0.4, 0.4, 0.4, 0.4, 0.4, 0.4, 0.4, 0.4, 0.4, 0.4, 0.4, 0.4, 0.4, 0.4, 0.4, 0.4, 0.4, 0.4, 0.4]","[-0.2, -0.2, -0.2, -0.2, -0.2, -0.2, -0.2, -0.2, -0.2, -0.2, -0.2, -0.2, -0.3, -0.2, -0.2, -0.2, -0.2, -0.2, -0.2, -0.2]",0.8,0.795,0.7,0.1125,0.2,0.75,0.4,-0.205
unknown,groq_llama-4-scout-17b-16e-instruct,acceptance,cambridge,"[0.5, 0.5, 0.5, 0.5, 0.5, 0.5, 0.5, 0.5, 0.5, 0.5, 0.5, 0.5, 0.5, 0.5, 0.5, 0.5, 0.5, 0.5, 0.5, 0.5, 0.5, 0.5, 0.5, 0.5, 0.5, 0.5, 0.5, 0.5, 0.5, 0.5, 0.5, 0.5, 0.5, 0.5, 0.5, 0.5, 0.5, 0.5, 0.5, 0.5]","[0.2, 0.2, 0.3, 0.2, 0.2, 0.2, 0.2, 0.2, 0.2, 0.2, 0.2, 0.2, 0.2, 0.2, 0.2, 0.2, 0.2, 0.2, 0.2, 0.2, 0.2, 0.2, 0.2, 0.2, 0.2, 0.2, 0.2, 0.2, 0.2, 0.2, 0.2, 0.2, 0.2, 0.2, 0.2, 0.2, 0.2, 0.2, 0.2, 0.2]","[0.2, 0.2, 0.2, 0.2, 0.2, 0.2, 0.2, 0.2, -0.2, 0.2, 0.0, 0.1, 0.2, 0.2, 0.2, 0.2, 0.2, 0.2, 0.2, 0.2]","[0.8, 0.8, 0.8, 0.8, 0.8, 0.8, 0.8, 0.8, 0.8, 0.8, 0.8, 0.8, 0.8, 0.8, 0.8, 0.8, 0.8, 0.8, 0.8, 0.8, 0.8, 0.8, 0.8, 0.8, 0.8, 0.8, 0.8, 0.8, 0.8, 0.8, 0.8, 0.8, 0.8, 0.8, 0.8, 0.8, 0.8, 0.8, 0.8, 0.8]","[0.8, 0.8, 0.7, 0.8, 0.8, 0.7, 0.7, 0.7, 0.7, 0.8, 0.5, 0.8, 0.8, 0.7, 0.7, 0.8, 0.7, 0.7, 0.7, 0.8]","[0.3, 0.4, 0.3, 0.4, 0.3, 0.3, 0.3, 0.3, 0.3, 0.3, 0.3, 0.3, 0.3, 0.3, 0.3, 0.3, 0.3, 0.3, 0.3, 0.3, 0.3, 0.3, 0.3, 0.4, 0.3, 0.3, 0.3, 0.3, 0.3, 0.4, 0.3, 0.3, 0.3, 0.3, 0.4, 0.3, 0.3, 0.3, 0.4, 0.3]","[0.5, 0.5, 0.5, 0.5, 0.5, 0.5, 0.5, 0.5, 0.5, 0.5, 0.5, 0.5, 0.5, 0.5, 0.5, 0.5, 0.5, 0.5, 0.5, 0.5]","[0.7, 0.8, 0.8, 0.7, 0.8, 0.8, 0.8, 0.7, 0.8, 0.8, 0.7, 0.7, 0.8, 0.8, 0.8, 0.7, 0.8, 0.8, 0.8, 0.8]",0.5,0.2025,0.165,0.8,0.735,0.315,0.5,0.77
unknown,groq_llama-4-scout-17b-16e-instruct,acceptance,sentiwordnet,"[0.2, 0.2, 0.2, 0.2, 0.2, 0.2, 0.2, 0.2, 0.2, 0.3, 0.2, 0.2, 0.2, 0.2, 0.2, 0.2, 0.2, 0.2, 0.2, 0.2, 0.2, 0.2, 0.2, 0.2, 0.2, 0.2, 0.2, 0.2, 0.2, 0.2, 0.2, 0.2, 0.2, 0.2, 0.2, 0.2, 0.2, 0.2, 0.2, 0.2]","[0.2, 0.2, 0.2, 0.2, 0.2, 0.2, 0.2, 0.2, 0.2, 0.2, 0.2, 0.2, 0.2, 0.2, 0.2, 0.2, 0.2, 0.2, 0.2, 0.2, 0.2, 0.2, 0.2, 0.2, 0.2, 0.2, 0.2, 0.2, 0.2, 0.2, 0.2, 0.2, 0.2, 0.2, 0.2, 0.2, 0.2, 0.2, 0.2, 0.2]","[-0.4, -0.2, -0.2, -0.2, -0.2, -0.2, -0.3, -0.5, -0.2, -0.3, -0.3, -0.5, -0.5, -0.5, -0.5, -0.3, -0.5, -0.5, -0.5, -0.2]","[0.8, 0.8, 0.8, 0.8, 0.8, 0.8, 0.8, 0.8, 0.8, 0.8, 0.8, 0.8, 0.8, 0.8, 0.8, 0.8, 0.8, 0.8, 0.8, 0.8, 0.8, 0.8, 0.8, 0.8, 0.8, 0.8, 0.8, 0.8, 0.8, 0.8, 0.8, 0.8, 0.8, 0.8, 0.8, 0.8, 0.8, 0.8, 0.8, 0.8]","[0.8, 0.8, 0.7, 0.8, 0.8, 0.8, 0.8, 0.8, 0.8, 0.8, 0.7, 0.8, 0.8, 0.7, 0.8, 0.7, 0.8, 0.8, 0.8, 0.8]","[0.3, 0.3, 0.3, 0.3, 0.3, 0.3, 0.3, 0.3, 0.3, 0.3, 0.3, 0.3, 0.3, 0.3, 0.3, 0.3, 0.3, 0.3, 0.3, 0.3, 0.3, 0.3, 0.3, 0.3, 0.3, 0.3, 0.3, 0.3, 0.3, 0.3, 0.3, 0.3, 0.3, 0.3, 0.3, 0.3, 0.3, 0.3, 0.3, 0.3]","[0.5, 0.5, 0.5, 0.5, 0.5, 0.5, 0.5, 0.5, 0.5, 0.5, 0.5, 0.5, 0.5, 0.5, 0.3, 0.5, 0.5, 0.5, 0.5, 0.5]","[0.8, 0.8, 0.8, 0.8, 0.8, 0.8, 0.8, 0.8, 0.8, 0.8, 0.8, 0.8, 0.8, 0.8, 0.8, 0.8, 0.8, 0.8, 0.8, 0.8]",0.2025,0.2,-0.35,0.8,0.78,0.3,0.49,0.8
unknown,groq_llama-4-scout-17b-16e-instruct,admiration,cambridge,"[0.6, 0.6, 0.6, 0.6, 0.6, 0.6, 0.6, 0.6, 0.6, 0.6, 0.6, 0.6, 0.6, 0.6, 0.6, 0.6, 0.6, 0.6, 0.6, 0.6, 0.6, 0.6, 0.6, 0.6, 0.6, 0.6, 0.6, 0.6, 0.6, 0.6, 0.6, 0.6, 0.6, 0.6, 0.6, 0.6, 0.6, 0.6, 0.6, 0.6]","[0.4, 0.4, 0.4, 0.6, 0.6, 0.6, 0.6, 0.4, 0.4, 0.6, 0.6, 0.4, 0.4, 0.6, 0.6, 0.4, 0.6, 0.6, 0.4, 0.4, 0.4, 0.6, 0.6, 0.6, 0.6, 0.4, 0.4, 0.6, 0.4, 0.6, 0.6, 0.4, 0.4, 0.6, 0.6, 0.6, 0.4, 0.4, 0.4, 0.4]","[-0.2, -0.3, -0.3, -0.3, -0.2, -0.3, -0.3, -0.2, -0.2, -0.2, -0.3, -0.2, -0.2, -0.2, -0.2, -0.2, -0.2, -0.2, -0.2, -0.2]","[0.8, 0.8, 0.8, 0.8, 0.8, 0.8, 0.8, 0.8, 0.8, 0.8, 0.8, 0.8, 0.8, 0.8, 0.8, 0.8, 0.8, 0.8, 0.8, 0.8, 0.8, 0.8, 0.8, 0.8, 0.8, 0.8, 0.8, 0.8, 0.8, 0.8, 0.8, 0.8, 0.8, 0.8, 0.8, 0.8, 0.8, 0.8, 0.8, 0.8]","[0.8, 0.8, 0.8, 0.8, 0.8, 0.8, 0.8, 0.8, 0.8, 0.8, 0.8, 0.8, 0.8, 0.8, 0.8, 0.8, 0.8, 0.8, 0.8, 0.8]","[0.6, 0.6, 0.6, 0.6, 0.6, 0.6, 0.6, 0.6, 0.6, 0.6, 0.6, 0.6, 0.6, 0.6, 0.6, 0.6, 0.6, 0.6, 0.6, 0.6, 0.6, 0.6, 0.6, 0.6, 0.6, 0.6, 0.6, 0.6, 0.6, 0.6, 0.6, 0.6, 0.6, 0.6, 0.6, 0.6, 0.6, 0.6, 0.6, 0.6]","[0.5, 0.5, 0.5, 0.5, 0.5, 0.5, 0.5, 0.5, 0.5, 0.5, 0.5, 0.5, 0.5, 0.5, 0.5, 0.5, 0.5, 0.5, 0.5, 0.5]","[0.8, 0.8, 0.8, 0.8, 0.8, 0.8, 0.8, 0.8, 0.8, 0.8, 0.8, 0.8, 0.8, 0.8, 0.8, 0.8, 0.8, 0.8, 0.8, 0.8]",0.6,0.5,-0.23,0.8,0.8,0.6,0.5,0.8
unknown,groq_llama-4-scout-17b-16e-instruct,admiration,sentiwordnet,"[0.6, 0.6, 0.6, 0.6, 0.6, 0.6, 0.6, 0.6, 0.6, 0.6, 0.6, 0.6, 0.6, 0.6, 0.6, 0.6, 0.6, 0.6, 0.6, 0.6, 0.6, 0.6, 0.6, 0.6, 0.6, 0.6, 0.6, 0.6, 0.6, 0.6, 0.6, 0.6, 0.6, 0.6, 0.6, 0.6, 0.6, 0.6, 0.6, 0.6]","[0.6, 0.6, 0.6, 0.6, 0.6, 0.6, 0.6, 0.6, 0.6, 0.6, 0.6, 0.6, 0.6, 0.6, 0.6, 0.6, 0.6, 0.6, 0.6, 0.6, 0.6, 0.6, 0.6, 0.6, 0.6, 0.6, 0.6, 0.6, 0.6, 0.6, 0.6, 0.6, 0.6, 0.6, 0.6, 0.6, 0.6, 0.6, 0.6, 0.6]","[0.2, 0.2, 0.2, 0.2, 0.2, 0.2, 0.2, 0.2, 0.2, 0.2, 0.2, 0.2, 0.2, 0.2, 0.2, 0.2, 0.2, 0.2, 0.2, 0.2]","[0.8, 0.8, 0.8, 0.8, 0.8, 0.8, 0.8, 0.8, 0.8, 0.8, 0.8, 0.8, 0.8, 0.8, 0.8, 0.8, 0.8, 0.8, 0.8, 0.8, 0.8, 0.8, 0.8, 0.8, 0.8, 0.8, 0.8, 0.8, 0.8, 0.8, 0.8, 0.8, 0.8, 0.8, 0.8, 0.8, 0.8, 0.8, 0.8, 0.8]","[0.8, 0.8, 0.8, 0.8, 0.8, 0.8, 0.8, 0.8, 0.8, 0.8, 0.8, 0.8, 0.8, 0.8, 0.8, 0.8, 0.8, 0.8, 0.8, 0.8]","[0.6, 0.6, 0.6, 0.6, 0.6, 0.6, 0.6, 0.6, 0.6, 0.6, 0.6, 0.6, 0.6, 0.6, 0.6, 0.6, 0.6, 0.6, 0.6, 0.6, 0.6, 0.6, 0.6, 0.6, 0.6, 0.6, 0.6, 0.6, 0.6, 0.6, 0.6, 0.6, 0.6, 0.6, 0.6, 0.6, 0.6, 0.6, 0.6, 0.6]","[0.5, 0.5, 0.5, 0.5, 0.5, 0.5, 0.5, 0.5, 0.5, 0.5, 0.5, 0.5, 0.5, 0.5, 0.4, 0.5, 0.5, 0.5, 0.5, 0.5]","[0.8, 0.8, 0.8, 0.8, 0.8, 0.8, 0.8, 0.8, 0.8, 0.8, 0.8, 0.8, 0.8, 0.8, 0.8, 0.8, 0.8, 0.8, 0.8, 0.8]",0.6,0.6,0.2,0.8,0.8,0.6,0.495,0.8
unknown,groq_llama-4-scout-17b-16e-instruct,aggressiveness,cambridge,"[0.7, 0.7, 0.7, 0.7, 0.7, 0.7, 0.7, 0.7, 0.7, 0.7, 0.7, 0.7, 0.7, 0.7, 0.7, 0.7, 0.7, 0.7, 0.7, 0.7, 0.7, 0.7, 0.7, 0.7, 0.7, 0.7, 0.7, 0.7, 0.7, 0.7, 0.7, 0.7, 0.7, 0.7, 0.7, 0.7, 0.7, 0.7, 0.7, 0.7]","[0.7, 0.7, 0.7, 0.7, 0.7, 0.7, 0.7, 0.7, 0.7, 0.7, 0.7, 0.7, 0.7, 0.7, 0.7, 0.7, 0.7, 0.7, 0.7, 0.7, 0.7, 0.7, 0.7, 0.7, 0.7, 0.7, 0.7, 0.7, 0.7, 0.7, 0.7, 0.7, 0.7, 0.7, 0.7, 0.7, 0.7, 0.7, 0.7, 0.7]","[0.5, 0.5, 0.5, 0.5, 0.5, 0.5, 0.5, 0.5, 0.5, 0.5, 0.5, 0.5, 0.5, 0.5, 0.5, 0.5, 0.5, 0.5, 0.5, 0.5]","[-0.8, -0.8, -0.8, -0.8, -0.8, -0.8, -0.8, -0.8, -0.8, -0.8, -0.8, -0.8, -0.8, -0.8, -0.8, -0.8, -0.8, -0.8, -0.8, -0.8, -0.8, -0.8, -0.8, -0.8, -0.8, -0.8, -0.8, -0.8, -0.8, -0.8, -0.8, -0.8, -0.8, -0.8, -0.8, -0.8, -0.8, -0.8, -0.8, -0.8]","[-0.7, -0.7, -0.7, -0.7, -0.7, -0.7, -0.7, -0.7, -0.7, -0.7, -0.7, -0.7, -0.7, -0.7, -0.7, -0.7, -0.7, -0.7, -0.7, -0.7]","[0.8, 0.8, 0.8, 0.8, 0.8, 0.8, 0.8, 0.8, 0.8, 0.8, 0.8, 0.8, 0.8, 0.8, 0.8, 0.8, 0.8, 0.8, 0.8, 0.8, 0.8, 0.8, 0.8, 0.8, 0.8, 0.8, 0.8, 0.8, 0.8, 0.8, 0.8, 0.8, 0.8, 0.8, 0.8, 0.8, 0.8, 0.8, 0.8, 0.8]","[0.7, 0.7, 0.7, 0.7, 0.7, 0.7, 0.7, 0.7, 0.7, 0.7, 0.7, 0.7, 0.7, 0.7, 0.7, 0.7, 0.7, 0.7, 0.7, 0.7]","[-0.7, -0.7, -0.8, -0.7, -0.8, -0.7, -0.8, -0.7, -0.7, -0.7, -0.8, -0.7, -0.7, -0.7, -0.8, -0.7, -0.7, -0.8, -0.8, -0.7]",0.7,0.7,0.5,-0.8,-0.7,0.8,0.7,-0.735
unknown,groq_llama-4-scout-17b-16e-instruct,aggressiveness,sentiwordnet,"[0.8, 0.8, 0.8, 0.8, 0.8, 0.8, 0.8, 0.8, 0.8, 0.8, 0.8, 0.8, 0.8, 0.8, 0.8, 0.8, 0.8, 0.8, 0.8, 0.8, 0.8, 0.8, 0.8, 0.8, 0.8, 0.8, 0.8, 0.8, 0.8, 0.8, 0.8, 0.8, 0.8, 0.8, 0.8, 0.8, 0.8, 0.8, 0.8, 0.8]","[0.7, 0.8, 0.8, 0.8, 0.8, 0.8, 0.8, 0.8, 0.8, 0.8, 0.8, 0.8, 0.8, 0.8, 0.8, 0.8, 0.8, 0.8, 0.8, 0.8, 0.8, 0.8, 0.8, 0.8, 0.8, 0.8, 0.8, 0.8, 0.8, 0.8, 0.8, 0.8, 0.8, 0.8, 0.8, 0.8, 0.8, 0.8, 0.8, 0.8]","[0.5, 0.5, 0.5, 0.5, 0.5, 0.6, 0.6, 0.5, 0.5, 0.5, 0.5, 0.5, 0.5, 0.5, 0.5, 0.6, 0.6, 0.5, 0.6, 0.6]","[-0.8, -0.8, -0.8, -0.8, -0.8, -0.8, -0.8, -0.8, -0.8, -0.8, -0.8, -0.8, -0.8, -0.8, -0.8, -0.8, -0.8, -0.8, -0.8, -0.8, -0.8, -0.8, -0.8, -0.8, -0.8, -0.8, -0.8, -0.8, -0.8, -0.8, -0.8, -0.8, -0.8, -0.8, -0.8, -0.8, -0.8, -0.8, -0.8, -0.8]","[-0.8, -0.8, -0.8, -0.8, -0.8, -0.8, -0.8, -0.8, -0.8, -0.8, -0.8, -0.7, -0.8, -0.8, -0.8, -0.8, -0.8, -0.8, -0.8, -0.8]","[0.8, 0.8, 0.8, 0.8, 0.8, 0.8, 0.8, 0.8, 0.8, 0.8, 0.8, 0.8, 0.8, 0.8, 0.8, 0.8, 0.8, 0.8, 0.8, 0.8, 0.8, 0.8, 0.8, 0.8, 0.8, 0.8, 0.8, 0.8, 0.8, 0.8, 0.8, 0.8, 0.8, 0.8, 0.8, 0.8, 0.8, 0.8, 0.8, 0.8]","[0.7, 0.7, 0.7, 0.7, 0.7, 0.7, 0.7, 0.7, 0.7, 0.7, 0.7, 0.7, 0.7, 0.7, 0.7, 0.7, 0.7, 0.7, 0.7, 0.7]","[-0.8, -0.8, -0.8, -0.8, -0.8, -0.8, -0.8, -0.8, -0.8, -0.8, -0.8, -0.8, -0.8, -0.8, -0.8, -0.8, -0.8, -0.8, -0.8, -0.8]",0.8,0.7975,0.53,-0.8,-0.795,0.8,0.7,-0.8
unknown,groq_llama-4-scout-17b-16e-instruct,amazement,cambridge,"[0.8, 0.8, 0.8, 0.8, 0.8, 0.8, 0.8, 0.8, 0.8, 0.8, 0.8, 0.8, 0.8, 0.8, 0.8, 0.8, 0.8, 0.8, 0.8, 0.8, 0.8, 0.8, 0.8, 0.8, 0.8, 0.8, 0.8, 0.8, 0.8, 0.8, 0.8, 0.8, 0.8, 0.8, 0.8, 0.8, 0.8, 0.8, 0.8, 0.8]","[0.8, 0.8, 0.8, 0.8, 0.8, 0.8, 0.8, 0.8, 0.8, 0.8, 0.8, 0.8, 0.8, 0.8, 0.8, 0.8, 0.8, 0.8, 0.8, 0.8, 0.8, 0.8, 0.8, 0.8, 0.8, 0.8, 0.8, 0.8, 0.8, 0.8, 0.8, 0.8, 0.8, 0.8, 0.8, 0.8, 0.8, 0.8, 0.8, 0.8]","[-0.5, -0.5, -0.5, -0.5, -0.5, -0.5, -0.5, -0.5, -0.5, -0.5, -0.5, -0.5, -0.5, -0.5, -0.5, -0.5, -0.5, -0.5, -0.5, -0.5]","[0.8, 0.8, 0.8, 0.8, 0.8, 0.8, 0.8, 0.8, 0.8, 0.8, 0.8, 0.8, 0.8, 0.8, 0.8, 0.8, 0.8, 0.8, 0.8, 0.8, 0.8, 0.8, 0.8, 0.8, 0.8, 0.8, 0.8, 0.8, 0.8, 0.8, 0.8, 0.8, 0.8, 0.8, 0.8, 0.8, 0.8, 0.8, 0.8, 0.8]","[0.8, 0.8, 0.8, 0.8, 0.8, 0.8, 0.8, 0.8, 0.8, 0.8, 0.8, 0.8, 0.8, 0.8, 0.8, 0.8, 0.8, 0.8, 0.8, 0.8]","[0.8, 0.8, 0.8, 0.8, 0.8, 0.8, 0.8, 0.8, 0.8, 0.8, 0.8, 0.8, 0.8, 0.8, 0.8, 0.8, 0.8, 0.8, 0.8, 0.8, 0.8, 0.8, 0.8, 0.8, 0.8, 0.8, 0.8, 0.8, 0.8, 0.8, 0.8, 0.8, 0.8, 0.8, 0.8, 0.8, 0.8, 0.8, 0.8, 0.8]","[0.8, 0.8, 0.8, 0.8, 0.8, 0.8, 0.8, 0.8, 0.8, 0.8, 0.8, 0.8, 0.8, 0.8, 0.8, 0.8, 0.8, 0.8, 0.8, 0.8]","[0.8, 0.8, 0.8, 0.8, 0.8, 0.8, 0.8, 0.8, 0.8, 0.8, 0.8, 0.8, 0.8, 0.8, 0.8, 0.8, 0.8, 0.8, 0.8, 0.8]",0.8,0.8,-0.5,0.8,0.8,0.8,0.8,0.8
unknown,groq_llama-4-scout-17b-16e-instruct,amazement,sentiwordnet,"[0.8, 0.8, 0.8, 0.8, 0.8, 0.8, 0.8, 0.8, 0.8, 0.8, 0.8, 0.8, 0.8, 0.8, 0.8, 0.8, 0.8, 0.8, 0.8, 0.8, 0.8, 0.8, 0.8, 0.8, 0.8, 0.8, 0.8, 0.8, 0.8, 0.8, 0.8, 0.8, 0.8, 0.8, 0.8, 0.8, 0.8, 0.8, 0.8, 0.8]","[0.8, 0.8, 0.8, 0.8, 0.8, 0.8, 0.8, 0.8, 0.8, 0.8, 0.8, 0.8, 0.8, 0.8, 0.8, 0.8, 0.8, 0.8, 0.8, 0.8, 0.8, 0.8, 0.8, 0.8, 0.8, 0.8, 0.8, 0.8, 0.8, 0.8, 0.8, 0.8, 0.8, 0.8, 0.8, 0.8, 0.8, 0.8, 0.8, 0.8]","[-0.5, -0.5, -0.5, -0.5, -0.5, -0.5, -0.5, -0.5, -0.5, -0.5, -0.5, -0.5, -0.5, -0.5, -0.5, -0.5, -0.5, -0.5, -0.5, -0.5]","[0.8, 0.8, 0.8, 0.8, 0.8, 0.8, 0.8, 0.8, 0.8, 0.8, 0.8, 0.8, 0.8, 0.8, 0.8, 0.8, 0.8, 0.8, 0.8, 0.8, 0.8, 0.8, 0.8, 0.8, 0.8, 0.8, 0.8, 0.8, 0.8, 0.8, 0.8, 0.8, 0.8, 0.8, 0.8, 0.8, 0.8, 0.8, 0.8, 0.8]","[0.8, 0.8, 0.8, 0.8, 0.8, 0.8, 0.8, 0.8, 0.8, 0.8, 0.8, 0.8, 0.8, 0.8, 0.8, 0.8, 0.8, 0.8, 0.8, 0.8]","[0.8, 0.8, 0.8, 0.8, 0.8, 0.8, 0.8, 0.8, 0.8, 0.8, 0.8, 0.8, 0.8, 0.8, 0.8, 0.8, 0.8, 0.8, 0.8, 0.8, 0.8, 0.8, 0.8, 0.8, 0.8, 0.8, 0.8, 0.8, 0.8, 0.8, 0.8, 0.8, 0.8, 0.8, 0.8, 0.8, 0.8, 0.8, 0.8, 0.8]","[0.8, 0.8, 0.8, 0.8, 0.8, 0.8, 0.8, 0.8, 0.8, 0.8, 0.8, 0.8, 0.8, 0.8, 0.8, 0.8, 0.8, 0.8, 0.8, 0.8]","[0.8, 0.8, 0.8, 0.8, 0.8, 0.8, 0.8, 0.8, 0.8, 0.8, 0.8, 0.8, 0.8, 0.8, 0.8, 0.8, 0.8, 0.8, 0.8, 0.8]",0.8,0.8,-0.5,0.8,0.8,0.8,0.8,0.8
unknown,groq_llama-4-scout-17b-16e-instruct,anger,cambridge,"[0.7, 0.7, 0.7, 0.7, 0.8, 0.8, 0.7, 0.7, 0.7, 0.7, 0.7, 0.7, 0.7, 0.8, 0.7, 0.8, 0.8, 0.8, 0.8, 0.7, 0.7, 0.8, 0.7, 0.7, 0.7, 0.7, 0.7, 0.7, 0.7, 0.7, 0.7, 0.7, 0.8, 0.8, 0.7, 0.8, 0.8, 0.8, 0.8, 0.7]","[0.8, 0.8, 0.8, 0.8, 0.8, 0.8, 0.8, 0.8, 0.8, 0.8, 0.8, 0.8, 0.8, 0.8, 0.8, 0.8, 0.8, 0.8, 0.8, 0.8, 0.8, 0.8, 0.8, 0.8, 0.8, 0.8, 0.8, 0.8, 0.8, 0.8, 0.8, 0.8, 0.8, 0.8, 0.8, 0.8, 0.8, 0.8, 0.8, 0.8]","[-0.3, -0.2, -0.5, -0.2, -0.5, -0.5, -0.2, -0.5, -0.2, -0.5, -0.5, -0.5, -0.5, -0.3, -0.5, -0.5, -0.5, -0.5, -0.3, -0.5]","[-0.8, -0.8, -0.8, -0.8, -0.8, -0.8, -0.8, -0.8, -0.8, -0.8, -0.8, -0.8, -0.8, -0.8, -0.8, -0.8, -0.8, -0.8, -0.8, -0.8, -0.8, -0.8, -0.8, -0.8, -0.8, -0.8, -0.8, -0.8, -0.8, -0.8, -0.8, -0.8, -0.8, -0.8, -0.8, -0.8, -0.8, -0.8, -0.8, -0.8]","[-0.8, -0.8, -0.8, -0.8, -0.8, -0.8, -0.8, -0.8, -0.8, -0.8, -0.8, -0.8, -0.8, -0.8, -0.8, -0.8, -0.8, -0.8, -0.8, -0.8]","[0.8, 0.8, 0.8, 0.8, 0.8, 0.8, 0.8, 0.8, 0.8, 0.8, 0.8, 0.8, 0.8, 0.8, 0.8, 0.8, 0.8, 0.8, 0.8, 0.8, 0.8, 0.8, 0.8, 0.8, 0.8, 0.8, 0.8, 0.8, 0.8, 0.8, 0.8, 0.8, 0.8, 0.8, 0.8, 0.8, 0.8, 0.8, 0.8, 0.8]","[0.7, 0.6, 0.7, 0.7, 0.7, 0.6, 0.7, 0.7, 0.6, 0.7, 0.7, 0.7, 0.7, 0.6, 0.6, 0.7, 0.7, 0.7, 0.6, 0.7]","[-0.8, -0.8, -0.8, -0.8, -0.8, -0.8, -0.8, -0.8, -0.8, -0.8, -0.8, -0.8, -0.8, -0.8, -0.8, -0.8, -0.8, -0.8, -0.8, -0.8]",0.735,0.8,-0.41,-0.8,-0.8,0.8,0.67,-0.8
unknown,groq_llama-4-scout-17b-16e-instruct,anger,sentiwordnet,"[0.8, 0.8, 0.8, 0.8, 0.8, 0.8, 0.8, 0.8, 0.8, 0.8, 0.8, 0.8, 0.8, 0.8, 0.8, 0.7, 0.8, 0.8, 0.8, 0.8, 0.8, 0.8, 0.8, 0.8, 0.8, 0.8, 0.8, 0.8, 0.8, 0.8, 0.8, 0.8, 0.8, 0.8, 0.8, 0.8, 0.8, 0.8, 0.8, 0.8]","[0.8, 0.8, 0.8, 0.8, 0.8, 0.8, 0.8, 0.8, 0.8, 0.8, 0.8, 0.8, 0.8, 0.8, 0.8, 0.8, 0.8, 0.8, 0.8, 0.8, 0.8, 0.8, 0.8, 0.8, 0.8, 0.8, 0.8, 0.8, 0.8, 0.8, 0.8, 0.8, 0.8, 0.8, 0.8, 0.8, 0.8, 0.8, 0.8, 0.8]","[0.5, 0.2, 0.2, 0.2, 0.2, 0.2, 0.2, 0.2, 0.2, 0.2, 0.2, 0.2, 0.2, 0.2, 0.5, 0.2, 0.2, 0.5, 0.2, 0.2]","[-0.8, -0.8, -0.8, -0.8, -0.8, -0.8, -0.8, -0.8, -0.8, -0.8, -0.8, -0.8, -0.8, -0.8, -0.8, -0.8, -0.8, -0.8, -0.8, -0.8, -0.8, -0.8, -0.8, -0.8, -0.8, -0.8, -0.8, -0.8, -0.8, -0.8, -0.8, -0.8, -0.8, -0.8, -0.8, -0.8, -0.8, -0.8, -0.8, -0.8]","[-0.8, -0.8, -0.8, -0.8, -0.8, -0.8, -0.8, -0.8, -0.8, -0.8, -0.8, -0.8, -0.8, -0.8, -0.8, -0.8, -0.8, -0.8, -0.8, -0.8]","[0.8, 0.8, 0.8, 0.8, 0.8, 0.8, 0.8, 0.8, 0.8, 0.8, 0.8, 0.8, 0.8, 0.8, 0.8, 0.8, 0.8, 0.8, 0.8, 0.8, 0.8, 0.8, 0.8, 0.8, 0.8, 0.8, 0.8, 0.8, 0.8, 0.8, 0.8, 0.8, 0.8, 0.8, 0.8, 0.8, 0.8, 0.8, 0.8, 0.8]","[0.7, 0.7, 0.7, 0.7, 0.7, 0.7, 0.7, 0.7, 0.7, 0.7, 0.7, 0.7, 0.7, 0.7, 0.7, 0.7, 0.7, 0.7, 0.7, 0.7]","[-0.8, -0.8, -0.8, -0.8, -0.8, -0.8, -0.8, -0.8, -0.8, -0.8, -0.8, -0.8, -0.8, -0.8, -0.8, -0.8, -0.8, -0.8, -0.8, -0.8]",0.7975,0.8,0.245,-0.8,-0.8,0.8,0.7,-0.8
unknown,groq_llama-4-scout-17b-16e-instruct,annoyance,cambridge,"[0.6, 0.6, 0.6, 0.6, 0.6, 0.6, 0.6, 0.6, 0.6, 0.6, 0.6, 0.6, 0.6, 0.6, 0.6, 0.6, 0.6, 0.6, 0.6, 0.6, 0.6, 0.6, 0.6, 0.6, 0.6, 0.6, 0.6, 0.6, 0.6, 0.6, 0.6, 0.6, 0.6, 0.6, 0.6, 0.6, 0.6, 0.6, 0.6, 0.6]","[0.6, 0.6, 0.6, 0.6, 0.6, 0.6, 0.6, 0.6, 0.6, 0.6, 0.6, 0.6, 0.6, 0.6, 0.6, 0.6, 0.6, 0.6, 0.6, 0.6, 0.6, 0.6, 0.6, 0.6, 0.6, 0.6, 0.6, 0.6, 0.6, 0.6, 0.6, 0.6, 0.6, 0.6, 0.6, 0.6, 0.6, 0.6, 0.6, 0.6]","[-0.6, -0.5, -0.5, -0.6, -0.6, -0.5, -0.6, -0.5, -0.5, -0.5, -0.6, -0.5, -0.6, -0.5, -0.6, -0.6, -0.5, -0.5, -0.5, -0.5]","[-0.8, -0.8, -0.8, -0.8, -0.8, -0.8, -0.8, -0.8, -0.7, -0.8, -0.8, -0.8, -0.8, -0.8, -0.7, -0.8, -0.8, -0.8, -0.8, -0.8, -0.8, -0.8, -0.8, -0.8, -0.8, -0.8, -0.7, -0.8, -0.8, -0.8, -0.8, -0.8, -0.7, -0.8, -0.8, -0.8, -0.7, -0.8, -0.8, -0.8]","[-0.8, -0.8, -0.8, -0.8, -0.8, -0.8, -0.8, -0.8, -0.8, -0.8, -0.8, -0.8, -0.8, -0.7, -0.8, -0.8, -0.8, -0.8, -0.8, -0.8]","[0.6, 0.6, 0.6, 0.6, 0.6, 0.6, 0.6, 0.6, 0.6, 0.6, 0.6, 0.6, 0.6, 0.6, 0.6, 0.6, 0.6, 0.6, 0.6, 0.6, 0.6, 0.6, 0.6, 0.6, 0.6, 0.6, 0.6, 0.6, 0.6, 0.6, 0.6, 0.6, 0.6, 0.6, 0.6, 0.6, 0.6, 0.6, 0.6, 0.6]","[0.5, 0.5, 0.5, 0.5, 0.5, 0.5, 0.5, 0.5, 0.5, 0.5, 0.5, 0.5, 0.5, 0.5, 0.5, 0.5, 0.5, 0.5, 0.5, 0.5]","[-0.8, -0.8, -0.8, -0.8, -0.8, -0.8, -0.8, -0.8, -0.8, -0.8, -0.8, -0.8, -0.8, -0.8, -0.8, -0.8, -0.8, -0.8, -0.8, -0.8]",0.6,0.6,-0.54,-0.7875,-0.795,0.6,0.5,-0.8
unknown,groq_llama-4-scout-17b-16e-instruct,annoyance,sentiwordnet,"[0.6, 0.6, 0.6, 0.6, 0.6, 0.6, 0.6, 0.6, 0.6, 0.6, 0.6, 0.6, 0.6, 0.6, 0.6, 0.6, 0.6, 0.5, 0.6, 0.6, 0.6, 0.6, 0.6, 0.6, 0.6, 0.6, 0.6, 0.6, 0.6, 0.6, 0.6, 0.6, 0.6, 0.6, 0.6, 0.6, 0.6, 0.6, 0.6, 0.6]","[0.6, 0.6, 0.6, 0.6, 0.6, 0.6, 0.6, 0.6, 0.6, 0.6, 0.6, 0.6, 0.6, 0.6, 0.6, 0.6, 0.6, 0.6, 0.6, 0.6, 0.6, 0.6, 0.6, 0.6, 0.6, 0.6, 0.6, 0.6, 0.6, 0.6, 0.6, 0.6, 0.6, 0.6, 0.6, 0.6, 0.6, 0.6, 0.6, 0.6]","[-0.5, -0.5, -0.5, -0.5, -0.5, -0.5, -0.5, -0.5, -0.5, -0.5, -0.5, -0.5, -0.5, -0.5, -0.5, -0.5, -0.5, -0.5, -0.5, -0.5]","[-0.8, -0.8, -0.8, -0.8, -0.8, -0.8, -0.8, -0.8, -0.8, -0.8, -0.8, -0.8, -0.8, -0.8, -0.8, -0.8, -0.8, -0.8, -0.8, -0.8, -0.8, -0.8, -0.8, -0.8, -0.8, -0.8, -0.8, -0.8, -0.8, -0.8, -0.8, -0.8, -0.8, -0.8, -0.8, -0.8, -0.8, -0.8, -0.8, -0.8]","[-0.8, -0.8, -0.8, -0.8, -0.8, -0.8, -0.8, -0.8, -0.8, -0.8, -0.8, -0.8, -0.8, -0.8, -0.8, -0.8, -0.8, -0.8, -0.8, -0.8]","[0.6, 0.6, 0.6, 0.6, 0.6, 0.6, 0.6, 0.6, 0.6, 0.6, 0.6, 0.6, 0.6, 0.6, 0.6, 0.6, 0.6, 0.6, 0.6, 0.6, 0.6, 0.6, 0.6, 0.6, 0.6, 0.6, 0.6, 0.6, 0.6, 0.6, 0.6, 0.6, 0.6, 0.6, 0.6, 0.6, 0.6, 0.6, 0.6, 0.6]","[0.5, 0.5, 0.5, 0.5, 0.5, 0.5, 0.5, 0.5, 0.5, 0.5, 0.5, 0.5, 0.5, 0.5, 0.5, 0.5, 0.5, 0.5, 0.5, 0.5]","[-0.8, -0.8, -0.8, -0.8, -0.8, -0.8, -0.8, -0.8, -0.8, -0.8, -0.8, -0.8, -0.8, -0.8, -0.8, -0.8, -0.8, -0.8, -0.8, -0.8]",0.5975,0.6,-0.5,-0.8,-0.8,0.6,0.5,-0.8
unknown,groq_llama-4-scout-17b-16e-instruct,anticipation,cambridge,"[0.7, 0.7, 0.7, 0.6, 0.7, 0.6, 0.7, 0.7, 0.6, 0.7, 0.7, 0.7, 0.7, 0.7, 0.7, 0.7, 0.7, 0.7, 0.7, 0.7, 0.7, 0.7, 0.7, 0.7, 0.7, 0.7, 0.7, 0.7, 0.6, 0.7, 0.7, 0.7, 0.7, 0.7, 0.7, 0.7, 0.7, 0.6, 0.7, 0.7]","[0.7, 0.7, 0.7, 0.7, 0.7, 0.7, 0.7, 0.7, 0.7, 0.7, 0.6, 0.7, 0.7, 0.7, 0.7, 0.7, 0.7, 0.7, 0.7, 0.7, 0.7, 0.7, 0.7, 0.7, 0.7, 0.7, 0.7, 0.7, 0.7, 0.7, 0.7, 0.7, 0.7, 0.7, 0.7, 0.7, 0.7, 0.7, 0.7, 0.7]","[0.2, 0.2, 0.2, 0.2, 0.2, 0.2, 0.2, 0.2, 0.2, 0.2, 0.2, 0.2, 0.2, 0.2, 0.2, 0.2, 0.2, 0.2, 0.2, 0.2]","[0.5, 0.5, 0.6, 0.7, 0.7, 0.5, 0.6, 0.5, 0.7, 0.5, 0.7, 0.7, 0.7, 0.7, 0.7, 0.6, 0.6, 0.7, 0.7, 0.6, 0.6, 0.6, 0.7, 0.5, 0.5, 0.5, 0.5, 0.5, 0.6, 0.7, 0.6, 0.6, 0.5, 0.6, 0.6, 0.5, 0.7, 0.7, 0.6, 0.5]","[0.7, 0.7, 0.7, 0.7, 0.7, 0.7, 0.7, 0.7, 0.7, 0.7, 0.7, 0.7, 0.6, 0.7, 0.7, 0.7, 0.7, 0.7, 0.7, 0.7]","[0.6, 0.6, 0.6, 0.6, 0.6, 0.6, 0.6, 0.6, 0.6, 0.6, 0.6, 0.6, 0.6, 0.6, 0.6, 0.6, 0.6, 0.6, 0.6, 0.6, 0.6, 0.6, 0.6, 0.6, 0.6, 0.6, 0.6, 0.6, 0.6, 0.6, 0.6, 0.6, 0.6, 0.6, 0.6, 0.6, 0.6, 0.6, 0.6, 0.6]","[0.5, 0.5, 0.5, 0.5, 0.5, 0.5, 0.5, 0.5, 0.5, 0.5, 0.5, 0.5, 0.5, 0.5, 0.5, 0.5, 0.5, 0.5, 0.5, 0.5]","[0.7, 0.7, 0.7, 0.7, 0.7, 0.7, 0.7, 0.7, 0.7, 0.7, 0.7, 0.7, 0.7, 0.7, 0.7, 0.7, 0.7, 0.7, 0.7, 0.7]",0.6875,0.6975,0.2,0.6025,0.695,0.6,0.5,0.7
unknown,groq_llama-4-scout-17b-16e-instruct,anticipation,sentiwordnet,"[0.6, 0.6, 0.6, 0.6, 0.6, 0.6, 0.6, 0.6, 0.6, 0.6, 0.6, 0.6, 0.6, 0.6, 0.6, 0.6, 0.6, 0.6, 0.6, 0.6, 0.6, 0.6, 0.6, 0.6, 0.6, 0.6, 0.6, 0.6, 0.6, 0.6, 0.6, 0.6, 0.6, 0.6, 0.6, 0.6, 0.6, 0.6, 0.6, 0.6]","[0.6, 0.6, 0.6, 0.6, 0.6, 0.6, 0.6, 0.6, 0.6, 0.6, 0.6, 0.6, 0.6, 0.6, 0.6, 0.6, 0.6, 0.6, 0.6, 0.6, 0.6, 0.6, 0.6, 0.6, 0.6, 0.6, 0.6, 0.6, 0.6, 0.6, 0.6, 0.6, 0.6, 0.6, 0.6, 0.6, 0.6, 0.6, 0.6, 0.6]","[0.5, 0.5, 0.5, 0.5, 0.5, 0.5, 0.5, 0.5, 0.5, 0.5, 0.5, 0.5, 0.5, 0.5, 0.5, 0.5, 0.5, 0.6, 0.5, 0.6]","[0.5, 0.5, 0.5, 0.5, 0.5, 0.5, 0.5, 0.5, 0.5, 0.5, 0.5, 0.5, 0.5, 0.5, 0.5, 0.5, 0.5, 0.5, 0.5, 0.5, 0.5, 0.5, 0.5, 0.5, 0.5, 0.5, 0.5, 0.5, 0.5, 0.5, 0.5, 0.5, 0.5, 0.5, 0.5, 0.5, 0.5, 0.5, 0.5, 0.5]","[0.5, 0.5, 0.5, 0.5, 0.5, 0.5, 0.5, 0.5, 0.5, 0.5, 0.5, 0.5, 0.5, 0.5, 0.5, 0.5, 0.5, 0.5, 0.5, 0.5]","[0.6, 0.6, 0.6, 0.6, 0.6, 0.6, 0.6, 0.7, 0.6, 0.6, 0.6, 0.6, 0.6, 0.6, 0.6, 0.6, 0.6, 0.6, 0.6, 0.6, 0.6, 0.6, 0.6, 0.6, 0.6, 0.6, 0.6, 0.6, 0.6, 0.6, 0.6, 0.6, 0.6, 0.6, 0.6, 0.7, 0.6, 0.6, 0.6, 0.6]","[0.5, 0.5, 0.5, 0.5, 0.5, 0.5, 0.5, 0.5, 0.5, 0.5, 0.5, 0.5, 0.5, 0.5, 0.5, 0.5, 0.5, 0.5, 0.5, 0.5]","[0.5, 0.5, 0.5, 0.5, 0.5, 0.5, 0.5, 0.5, 0.5, 0.5, 0.5, 0.5, 0.5, 0.5, 0.5, 0.5, 0.5, 0.5, 0.5, 0.5]",0.6,0.6,0.51,0.5,0.5,0.605,0.5,0.5
unknown,groq_llama-4-scout-17b-16e-instruct,apprehension,cambridge,"[0.6, 0.6, 0.6, 0.6, 0.6, 0.6, 0.6, 0.6, 0.6, 0.6, 0.6, 0.7, 0.6, 0.6, 0.6, 0.6, 0.6, 0.6, 0.6, 0.6, 0.6, 0.6, 0.6, 0.6, 0.6, 0.6, 0.6, 0.6, 0.6, 0.6, 0.6, 0.6, 0.6, 0.6, 0.6, 0.6, 0.6, 0.6, 0.6, 0.6]","[0.6, 0.6, 0.6, 0.6, 0.6, 0.6, 0.6, 0.6, 0.6, 0.6, 0.6, 0.6, 0.6, 0.6, 0.6, 0.6, 0.6, 0.6, 0.6, 0.6, 0.6, 0.6, 0.6, 0.6, 0.6, 0.6, 0.6, 0.6, 0.6, 0.6, 0.6, 0.6, 0.6, 0.6, 0.6, 0.6, 0.6, 0.6, 0.6, 0.6]","[-0.5, -0.5, -0.6, -0.5, -0.5, -0.6, -0.6, -0.5, -0.6, -0.5, -0.6, -0.5, -0.6, -0.6, -0.5, -0.5, -0.6, -0.5, -0.5, -0.5]","[-0.6, -0.7, -0.7, -0.6, -0.7, -0.7, -0.7, -0.7, -0.6, -0.7, -0.6, -0.6, -0.6, -0.6, -0.6, -0.6, -0.6, -0.6, -0.7, -0.7, -0.6, -0.6, -0.6, -0.6, -0.7, -0.7, -0.6, -0.7, -0.6, -0.6, -0.7, -0.6, -0.6, -0.6, -0.6, -0.6, -0.6, -0.6, -0.6, -0.7]","[-0.7, -0.6, -0.6, -0.6, -0.6, -0.6, -0.7, -0.6, -0.6, -0.7, -0.7, -0.7, -0.6, -0.6, -0.6, -0.6, -0.7, -0.6, -0.6, -0.6]","[0.6, 0.6, 0.6, 0.6, 0.6, 0.6, 0.6, 0.6, 0.6, 0.6, 0.6, 0.6, 0.6, 0.6, 0.6, 0.6, 0.6, 0.6, 0.6, 0.6, 0.6, 0.6, 0.6, 0.6, 0.6, 0.6, 0.6, 0.6, 0.6, 0.6, 0.6, 0.6, 0.6, 0.6, 0.6, 0.6, 0.6, 0.6, 0.6, 0.6]","[0.7, 0.7, 0.7, 0.7, 0.7, 0.7, 0.7, 0.7, 0.7, 0.7, 0.7, 0.7, 0.7, 0.7, 0.7, 0.7, 0.6, 0.7, 0.7, 0.7]","[-0.6, -0.6, -0.6, -0.7, -0.6, -0.6, -0.6, -0.7, -0.6, -0.6, -0.6, -0.6, -0.6, -0.6, -0.7, -0.7, -0.6, -0.6, -0.6, -0.6]",0.6025,0.6,-0.54,-0.635,-0.63,0.6,0.695,-0.62
unknown,groq_llama-4-scout-17b-16e-instruct,apprehension,sentiwordnet,"[0.6, 0.6, 0.6, 0.6, 0.6, 0.6, 0.6, 0.6, 0.6, 0.6, 0.6, 0.6, 0.6, 0.6, 0.6, 0.6, 0.6, 0.6, 0.6, 0.6, 0.6, 0.6, 0.6, 0.6, 0.6, 0.6, 0.6, 0.6, 0.6, 0.6, 0.6, 0.6, 0.6, 0.6, 0.6, 0.6, 0.6, 0.6, 0.6, 0.6]","[0.6, 0.6, 0.7, 0.6, 0.6, 0.7, 0.6, 0.6, 0.6, 0.6, 0.6, 0.6, 0.6, 0.6, 0.6, 0.6, 0.6, 0.6, 0.6, 0.6, 0.6, 0.6, 0.6, 0.6, 0.6, 0.6, 0.6, 0.6, 0.6, 0.6, 0.6, 0.6, 0.6, 0.6, 0.6, 0.6, 0.6, 0.6, 0.6, 0.6]","[-0.6, -0.6, -0.6, -0.6, -0.6, -0.6, -0.5, -0.6, -0.6, -0.6, -0.6, -0.5, -0.6, -0.6, -0.6, -0.6, -0.6, -0.6, -0.5, -0.6]","[-0.7, -0.7, -0.7, -0.7, -0.7, -0.7, -0.7, -0.7, -0.7, -0.7, -0.7, -0.7, -0.6, -0.7, -0.7, -0.7, -0.8, -0.7, -0.7, -0.7, -0.7, -0.7, -0.7, -0.7, -0.7, -0.7, -0.7, -0.7, -0.7, -0.7, -0.7, -0.7, -0.7, -0.8, -0.7, -0.7, -0.7, -0.7, -0.7, -0.7]","[-0.8, -0.7, -0.7, -0.7, -0.8, -0.8, -0.7, -0.7, -0.7, -0.7, -0.7, -0.7, -0.7, -0.8, -0.7, -0.8, -0.7, -0.8, -0.7, -0.7]","[0.6, 0.6, 0.6, 0.6, 0.6, 0.6, 0.6, 0.6, 0.6, 0.6, 0.6, 0.6, 0.6, 0.6, 0.6, 0.6, 0.6, 0.6, 0.6, 0.6, 0.6, 0.6, 0.6, 0.6, 0.6, 0.6, 0.6, 0.6, 0.6, 0.6, 0.6, 0.6, 0.6, 0.6, 0.6, 0.6, 0.6, 0.6, 0.6, 0.6]","[0.7, 0.7, 0.7, 0.7, 0.7, 0.7, 0.7, 0.7, 0.7, 0.7, 0.7, 0.7, 0.7, 0.7, 0.7, 0.7, 0.7, 0.7, 0.7, 0.7]","[-0.7, -0.7, -0.7, -0.7, -0.7, -0.7, -0.7, -0.7, -0.7, -0.7, -0.7, -0.8, -0.7, -0.7, -0.7, -0.7, -0.7, -0.7, -0.7, -0.7]",0.6,0.605,-0.585,-0.7025,-0.73,0.6,0.7,-0.705
unknown,groq_llama-4-scout-17b-16e-instruct,awe,cambridge,"[0.7, 0.7, 0.7, 0.7, 0.7, 0.7, 0.7, 0.7, 0.7, 0.7, 0.7, 0.7, 0.7, 0.7, 0.7, 0.7, 0.7, 0.7, 0.7, 0.7, 0.7, 0.7, 0.7, 0.7, 0.7, 0.7, 0.7, 0.7, 0.7, 0.7, 0.7, 0.7, 0.7, 0.7, 0.7, 0.7, 0.7, 0.7, 0.7, 0.7]","[0.7, 0.7, 0.7, 0.7, 0.7, 0.7, 0.7, 0.7, 0.7, 0.7, 0.7, 0.7, 0.7, 0.7, 0.7, 0.7, 0.7, 0.7, 0.7, 0.7, 0.7, 0.7, 0.7, 0.7, 0.7, 0.7, 0.7, 0.7, 0.7, 0.7, 0.7, 0.7, 0.7, 0.7, 0.7, 0.7, 0.7, 0.7, 0.7, 0.7]","[-0.5, -0.5, -0.5, -0.5, -0.5, -0.5, -0.5, -0.5, -0.5, -0.5, -0.5, -0.5, -0.5, -0.5, -0.5, -0.5, -0.5, -0.5, -0.5, -0.5]","[0.5, 0.5, 0.5, 0.5, 0.5, 0.5, 0.5, 0.5, 0.5, 0.5, 0.5, 0.5, 0.5, 0.5, 0.5, 0.2, 0.5, 0.5, 0.5, 0.5, 0.5, 0.5, 0.5, 0.5, 0.5, 0.5, 0.5, 0.5, 0.5, 0.5, 0.2, 0.5, 0.5, 0.5, 0.5, 0.5, 0.5, 0.5, 0.5, 0.5]","[-0.2, -0.2, -0.2, -0.2, -0.2, -0.2, -0.2, -0.2, -0.2, -0.2, -0.2, -0.2, -0.2, -0.2, -0.2, -0.2, -0.2, -0.2, -0.2, -0.2]","[0.8, 0.8, 0.8, 0.8, 0.8, 0.8, 0.8, 0.8, 0.8, 0.8, 0.8, 0.8, 0.8, 0.8, 0.8, 0.8, 0.8, 0.8, 0.8, 0.8, 0.8, 0.8, 0.8, 0.8, 0.8, 0.8, 0.8, 0.8, 0.8, 0.8, 0.8, 0.8, 0.8, 0.8, 0.8, 0.8, 0.8, 0.8, 0.8, 0.8]","[0.7, 0.7, 0.7, 0.7, 0.7, 0.7, 0.7, 0.7, 0.7, 0.7, 0.7, 0.7, 0.7, 0.7, 0.7, 0.7, 0.7, 0.7, 0.7, 0.7]","[0.2, 0.2, 0.2, 0.2, 0.2, 0.1, 0.2, 0.2, 0.2, 0.1, 0.2, 0.2, 0.2, 0.2, 0.2, 0.2, 0.2, 0.2, 0.2, 0.2]",0.7,0.7,-0.5,0.485,-0.2,0.8,0.7,0.19
unknown,groq_llama-4-scout-17b-16e-instruct,awe,sentiwordnet,"[0.7, 0.7, 0.8, 0.7, 0.7, 0.7, 0.7, 0.7, 0.7, 0.7, 0.7, 0.8, 0.7, 0.7, 0.7, 0.7, 0.7, 0.7, 0.7, 0.8, 0.7, 0.7, 0.8, 0.7, 0.7, 0.8, 0.7, 0.7, 0.7, 0.7, 0.7, 0.7, 0.7, 0.7, 0.8, 0.7, 0.7, 0.7, 0.7, 0.7]","[0.8, 0.8, 0.8, 0.8, 0.8, 0.8, 0.8, 0.8, 0.8, 0.8, 0.8, 0.8, 0.8, 0.8, 0.8, 0.8, 0.8, 0.8, 0.8, 0.8, 0.8, 0.8, 0.8, 0.8, 0.8, 0.8, 0.8, 0.8, 0.7, 0.8, 0.8, 0.8, 0.7, 0.8, 0.8, 0.8, 0.8, 0.8, 0.8, 0.8]","[-0.5, -0.5, -0.5, -0.5, -0.5, -0.5, -0.5, -0.5, -0.5, -0.5, -0.5, -0.5, -0.5, -0.5, -0.5, -0.5, -0.5, -0.5, -0.5, -0.5]","[0.8, 0.8, 0.8, 0.8, 0.8, 0.8, 0.8, 0.8, 0.8, 0.8, 0.8, 0.8, 0.8, 0.8, 0.8, 0.8, 0.8, 0.8, 0.8, 0.8, 0.8, 0.8, 0.8, 0.8, 0.8, 0.8, 0.8, 0.8, 0.8, 0.8, 0.8, 0.8, 0.8, 0.8, 0.8, 0.8, 0.8, 0.8, 0.8, 0.8]","[0.8, 0.8, 0.8, 0.8, 0.8, 0.8, 0.8, 0.8, 0.8, 0.8, 0.8, 0.8, 0.8, 0.8, 0.8, 0.8, 0.8, 0.8, 0.8, 0.8]","[0.8, 0.8, 0.8, 0.8, 0.8, 0.8, 0.8, 0.8, 0.8, 0.8, 0.8, 0.8, 0.8, 0.8, 0.8, 0.8, 0.8, 0.8, 0.8, 0.8, 0.8, 0.8, 0.8, 0.8, 0.8, 0.8, 0.8, 0.8, 0.8, 0.8, 0.8, 0.8, 0.8, 0.8, 0.8, 0.8, 0.8, 0.8, 0.8, 0.8]","[0.7, 0.7, 0.7, 0.7, 0.7, 0.7, 0.7, 0.7, 0.7, 0.7, 0.7, 0.7, 0.7, 0.7, 0.7, 0.7, 0.7, 0.7, 0.7, 0.6]","[0.8, 0.8, 0.8, 0.8, 0.8, 0.8, 0.8, 0.8, 0.8, 0.8, 0.8, 0.8, 0.8, 0.8, 0.8, 0.8, 0.8, 0.8, 0.8, 0.8]",0.715,0.795,-0.5,0.8,0.8,0.8,0.695,0.8
unknown,groq_llama-4-scout-17b-16e-instruct,boredom,cambridge,"[0.2, 0.2, 0.2, 0.2, 0.2, 0.2, 0.2, 0.2, 0.2, 0.2, 0.2, 0.2, 0.2, 0.2, 0.2, 0.2, 0.2, 0.2, 0.2, 0.2, 0.2, 0.2, 0.2, 0.2, 0.2, 0.2, 0.2, 0.2, 0.2, 0.2, 0.2, 0.2, 0.2, 0.2, 0.2, 0.2, 0.2, 0.2, 0.2, 0.2]","[0.2, 0.2, 0.2, 0.2, 0.2, 0.2, 0.2, 0.2, 0.2, 0.2, 0.2, 0.2, 0.2, 0.2, 0.2, 0.2, 0.2, 0.2, 0.2, 0.2, 0.2, 0.2, 0.2, 0.2, 0.2, 0.2, 0.2, 0.2, 0.2, 0.2, 0.2, 0.2, 0.2, 0.2, 0.2, 0.2, 0.2, 0.2, 0.2, 0.2]","[-0.5, -0.5, -0.5, -0.5, -0.5, -0.5, -0.5, -0.5, -0.5, -0.5, -0.5, -0.5, -0.5, -0.5, -0.5, -0.5, -0.5, -0.5, -0.5, -0.5]","[-0.5, -0.5, -0.5, -0.5, -0.5, -0.5, -0.5, -0.5, -0.5, -0.5, -0.5, -0.5, -0.5, -0.5, -0.5, -0.5, -0.5, -0.5, -0.5, -0.5, -0.5, -0.5, -0.5, -0.5, -0.5, -0.5, -0.5, -0.5, -0.5, -0.5, -0.5, -0.5, -0.5, -0.5, -0.5, -0.5, -0.5, -0.5, -0.5, -0.5]","[-0.5, -0.5, -0.5, -0.5, -0.5, -0.5, -0.5, -0.5, -0.5, -0.5, -0.5, -0.5, -0.5, -0.5, -0.5, -0.5, -0.5, -0.5, -0.5, -0.5]","[0.2, 0.2, 0.2, 0.2, 0.2, 0.2, 0.2, 0.2, 0.2, 0.2, 0.2, 0.2, 0.2, 0.2, 0.2, 0.2, 0.2, 0.2, 0.2, 0.2, 0.2, 0.2, 0.2, 0.2, 0.2, 0.2, 0.2, 0.2, 0.2, 0.2, 0.2, 0.2, 0.2, 0.2, 0.2, 0.2, 0.2, 0.2, 0.2, 0.2]","[0.5, 0.5, 0.5, 0.5, 0.5, 0.5, 0.5, 0.5, 0.5, 0.5, 0.5, 0.5, 0.5, 0.5, 0.5, 0.5, 0.5, 0.5, 0.5, 0.5]","[-0.5, -0.5, -0.5, -0.5, -0.5, -0.5, -0.5, -0.5, -0.5, -0.5, -0.5, -0.5, -0.5, -0.5, -0.5, -0.5, -0.5, -0.5, -0.5, -0.5]",0.2,0.2,-0.5,-0.5,-0.5,0.2,0.5,-0.5
unknown,groq_llama-4-scout-17b-16e-instruct,boredom,sentiwordnet,"[0.2, 0.2, 0.2, 0.2, 0.2, 0.2, 0.2, 0.2, 0.2, 0.2, 0.2, 0.2, 0.2, 0.2, 0.2, 0.2, 0.2, 0.2, 0.2, 0.2, 0.2, 0.2, 0.2, 0.2, 0.2, 0.2, 0.2, 0.2, 0.2, 0.2, 0.2, 0.2, 0.2, 0.2, 0.2, 0.2, 0.2, 0.2, 0.2, 0.2]","[0.2, 0.2, 0.2, 0.2, 0.2, 0.2, 0.2, 0.2, 0.2, 0.2, 0.2, 0.2, 0.2, 0.2, 0.2, 0.2, 0.2, 0.2, 0.2, 0.2, 0.2, 0.2, 0.2, 0.2, 0.2, 0.2, 0.2, 0.2, 0.2, 0.2, 0.2, 0.2, 0.2, 0.2, 0.2, 0.2, 0.2, 0.2, 0.2, 0.2]","[-0.5, -0.5, -0.5, -0.5, -0.5, -0.5, -0.5, -0.5, -0.5, -0.5, -0.5, -0.5, -0.5, -0.5, -0.5, -0.5, -0.5, -0.5, -0.5, -0.5]","[-0.5, -0.6, -0.6, -0.6, -0.5, -0.7, -0.6, -0.6, -0.6, -0.6, -0.6, -0.7, -0.6, -0.6, -0.6, -0.6, -0.6, -0.6, -0.6, -0.6, -0.6, -0.7, -0.6, -0.6, -0.6, -0.6, -0.6, -0.6, -0.6, -0.6, -0.6, -0.6, -0.6, -0.6, -0.6, -0.6, -0.6, -0.6, -0.6, -0.6]","[-0.5, -0.5, -0.5, -0.5, -0.5, -0.5, -0.5, -0.5, -0.6, -0.5, -0.5, -0.5, -0.5, -0.5, -0.5, -0.5, -0.5, -0.5, -0.5, -0.5]","[0.3, 0.3, 0.2, 0.3, 0.3, 0.3, 0.3, 0.2, 0.3, 0.3, 0.3, 0.3, 0.3, 0.3, 0.3, 0.3, 0.3, 0.3, 0.3, 0.2, 0.3, 0.3, 0.3, 0.3, 0.3, 0.2, 0.2, 0.3, 0.2, 0.3, 0.3, 0.3, 0.3, 0.3, 0.3, 0.3, 0.3, 0.3, 0.3, 0.3]","[0.5, 0.5, 0.5, 0.5, 0.5, 0.5, 0.5, 0.5, 0.5, 0.5, 0.5, 0.5, 0.5, 0.5, 0.5, 0.5, 0.5, 0.5, 0.5, 0.5]","[-0.5, -0.5, -0.7, -0.7, -0.7, -0.5, -0.7, -0.7, -0.5, -0.7, -0.6, -0.5, -0.5, -0.7, -0.7, -0.7, -0.7, -0.5, -0.6, -0.7]",0.2,0.2,-0.5,-0.6025,-0.505,0.285,0.5,-0.62
unknown,groq_llama-4-scout-17b-16e-instruct,contempt,cambridge,"[0.6, 0.6, 0.6, 0.6, 0.6, 0.6, 0.6, 0.6, 0.6, 0.6, 0.6, 0.6, 0.6, 0.6, 0.6, 0.6, 0.6, 0.6, 0.6, 0.6, 0.6, 0.6, 0.6, 0.6, 0.6, 0.6, 0.6, 0.6, 0.6, 0.6, 0.6, 0.6, 0.6, 0.6, 0.6, 0.6, 0.6, 0.6, 0.6, 0.6]","[0.6, 0.6, 0.6, 0.6, 0.6, 0.6, 0.6, 0.6, 0.6, 0.6, 0.6, 0.6, 0.6, 0.6, 0.6, 0.6, 0.6, 0.6, 0.6, 0.6, 0.6, 0.6, 0.6, 0.6, 0.6, 0.6, 0.6, 0.6, 0.6, 0.6, 0.6, 0.6, 0.6, 0.6, 0.6, 0.6, 0.6, 0.6, 0.6, 0.6]","[-0.6, -0.5, -0.5, -0.5, -0.5, -0.5, -0.5, -0.5, -0.5, -0.5, -0.5, -0.5, -0.5, -0.5, -0.7, -0.5, -0.5, -0.5, -0.5, -0.5]","[-0.8, -0.8, -0.8, -0.8, -0.8, -0.8, -0.8, -0.8, -0.8, -0.8, -0.8, -0.8, -0.8, -0.8, -0.8, -0.8, -0.8, -0.8, -0.8, -0.8, -0.8, -0.8, -0.8, -0.8, -0.8, -0.8, -0.8, -0.8, -0.8, -0.8, -0.8, -0.8, -0.8, -0.8, -0.8, -0.8, -0.8, -0.8, -0.8, -0.8]","[-0.8, -0.8, -0.8, -0.8, -0.8, -0.8, -0.8, -0.8, -0.8, -0.8, -0.8, -0.8, -0.8, -0.8, -0.8, -0.8, -0.8, -0.8, -0.8, -0.8]","[0.8, 0.8, 0.8, 0.8, 0.8, 0.8, 0.7, 0.8, 0.8, 0.8, 0.8, 0.8, 0.8, 0.8, 0.8, 0.8, 0.8, 0.8, 0.8, 0.8, 0.8, 0.8, 0.8, 0.8, 0.8, 0.8, 0.8, 0.8, 0.8, 0.8, 0.8, 0.8, 0.8, 0.8, 0.8, 0.8, 0.8, 0.8, 0.8, 0.8]","[0.7, 0.7, 0.7, 0.7, 0.7, 0.7, 0.7, 0.7, 0.7, 0.7, 0.7, 0.7, 0.7, 0.7, 0.7, 0.7, 0.7, 0.7, 0.7, 0.7]","[-0.8, -0.8, -0.8, -0.8, -0.8, -0.8, -0.8, -0.8, -0.8, -0.8, -0.8, -0.8, -0.8, -0.8, -0.8, -0.8, -0.8, -0.8, -0.8, -0.8]",0.6,0.6,-0.515,-0.8,-0.8,0.7975,0.7,-0.8
unknown,groq_llama-4-scout-17b-16e-instruct,contempt,sentiwordnet,"[0.6, 0.6, 0.6, 0.6, 0.6, 0.6, 0.6, 0.6, 0.6, 0.6, 0.6, 0.6, 0.6, 0.6, 0.6, 0.6, 0.6, 0.6, 0.6, 0.6, 0.6, 0.6, 0.6, 0.6, 0.6, 0.6, 0.6, 0.6, 0.6, 0.6, 0.6, 0.6, 0.6, 0.6, 0.6, 0.6, 0.6, 0.6, 0.6, 0.6]","[0.6, 0.6, 0.6, 0.6, 0.6, 0.6, 0.6, 0.6, 0.6, 0.6, 0.6, 0.6, 0.6, 0.6, 0.6, 0.6, 0.6, 0.6, 0.6, 0.6, 0.6, 0.6, 0.6, 0.6, 0.6, 0.6, 0.6, 0.6, 0.6, 0.6, 0.6, 0.6, 0.6, 0.6, 0.6, 0.6, 0.6, 0.6, 0.6, 0.6]","[-0.6, -0.7, -0.7, -0.7, -0.6, -0.7, -0.7, -0.7, -0.6, -0.6, -0.7, -0.7, -0.7, -0.7, -0.7, -0.6, -0.6, -0.7, -0.7, -0.7]","[-0.8, -0.8, -0.8, -0.8, -0.8, -0.8, -0.8, -0.8, -0.8, -0.8, -0.8, -0.8, -0.8, -0.8, -0.8, -0.8, -0.8, -0.8, -0.8, -0.8, -0.8, -0.8, -0.8, -0.8, -0.8, -0.8, -0.8, -0.8, -0.8, -0.8, -0.8, -0.8, -0.8, -0.8, -0.8, -0.8, -0.8, -0.8, -0.8, -0.8]","[-0.8, -0.8, -0.8, -0.8, -0.8, -0.8, -0.8, -0.8, -0.8, -0.8, -0.8, -0.8, -0.8, -0.8, -0.8, -0.8, -0.8, -0.8, -0.8, -0.8]","[0.8, 0.7, 0.8, 0.8, 0.8, 0.7, 0.8, 0.8, 0.7, 0.8, 0.7, 0.8, 0.8, 0.7, 0.7, 0.8, 0.8, 0.8, 0.8, 0.7, 0.7, 0.7, 0.8, 0.7, 0.7, 0.7, 0.8, 0.7, 0.8, 0.7, 0.7, 0.7, 0.7, 0.7, 0.7, 0.7, 0.8, 0.7, 0.7, 0.8]","[0.7, 0.7, 0.7, 0.7, 0.7, 0.7, 0.7, 0.7, 0.7, 0.7, 0.7, 0.7, 0.7, 0.7, 0.7, 0.7, 0.7, 0.7, 0.7, 0.7]","[-0.8, -0.8, -0.8, -0.8, -0.8, -0.8, -0.8, -0.8, -0.8, -0.8, -0.8, -0.8, -0.8, -0.8, -0.8, -0.8, -0.8, -0.8, -0.8, -0.8]",0.6,0.6,-0.67,-0.8,-0.8,0.745,0.7,-0.8
unknown,groq_llama-4-scout-17b-16e-instruct,disappointment,cambridge,"[0.4, 0.4, 0.4, 0.3, 0.4, 0.4, 0.4, 0.4, 0.4, 0.3, 0.4, 0.4, 0.4, 0.4, 0.4, 0.4, 0.4, 0.4, 0.4, 0.4, 0.3, 0.4, 0.3, 0.4, 0.4, 0.4, 0.4, 0.4, 0.4, 0.3, 0.4, 0.4, 0.4, 0.4, 0.3, 0.4, 0.4, 0.4, 0.4, 0.3]","[0.4, 0.4, 0.4, 0.4, 0.4, 0.4, 0.4, 0.4, 0.4, 0.4, 0.4, 0.4, 0.4, 0.4, 0.4, 0.4, 0.4, 0.4, 0.4, 0.4, 0.4, 0.4, 0.4, 0.4, 0.4, 0.4, 0.4, 0.4, 0.4, 0.4, 0.4, 0.4, 0.4, 0.4, 0.4, 0.4, 0.4, 0.4, 0.4, 0.4]","[-0.5, -0.5, -0.5, -0.6, -0.6, -0.6, -0.6, -0.7, -0.6, -0.6, -0.6, -0.6, -0.6, -0.6, -0.6, -0.6, -0.6, -0.7, -0.6, -0.5]","[-0.7, -0.7, -0.7, -0.7, -0.7, -0.8, -0.8, -0.7, -0.7, -0.8, -0.8, -0.7, -0.7, -0.8, -0.8, -0.7, -0.8, -0.7, -0.8, -0.8, -0.8, -0.7, -0.7, -0.8, -0.7, -0.8, -0.8, -0.8, -0.8, -0.8, -0.8, -0.8, -0.8, -0.7, -0.8, -0.8, -0.7, -0.7, -0.8, -0.8]","[-0.8, -0.8, -0.7, -0.7, -0.8, -0.8, -0.8, -0.8, -0.7, -0.8, -0.8, -0.7, -0.7, -0.7, -0.7, -0.7, -0.8, -0.8, -0.8, -0.8]","[0.4, 0.4, 0.4, 0.6, 0.4, 0.4, 0.4, 0.4, 0.6, 0.4, 0.4, 0.4, 0.4, 0.4, 0.4, 0.4, 0.4, 0.4, 0.4, 0.4, 0.4, 0.4, 0.4, 0.4, 0.4, 0.4, 0.4, 0.4, 0.4, 0.6, 0.4, 0.4, 0.4, 0.4, 0.4, 0.4, 0.4, 0.4, 0.4, 0.4]","[0.7, 0.7, 0.7, 0.7, 0.7, 0.7, 0.7, 0.7, 0.7, 0.7, 0.7, 0.7, 0.7, 0.7, 0.7, 0.7, 0.7, 0.7, 0.7, 0.7]","[-0.8, -0.8, -0.8, -0.8, -0.8, -0.8, -0.8, -0.8, -0.8, -0.8, -0.8, -0.8, -0.8, -0.8, -0.8, -0.8, -0.8, -0.8, -0.8, -0.8]",0.3825,0.4,-0.59,-0.7575,-0.76,0.415,0.7,-0.8
unknown,groq_llama-4-scout-17b-16e-instruct,disappointment,sentiwordnet,"[0.4, 0.6, 0.4, 0.4, 0.4, 0.4, 0.4, 0.4, 0.4, 0.4, 0.6, 0.4, 0.4, 0.4, 0.4, 0.6, 0.6, 0.4, 0.4, 0.4, 0.4, 0.4, 0.4, 0.4, 0.4, 0.4, 0.4, 0.4, 0.4, 0.6, 0.4, 0.4, 0.4, 0.4, 0.4, 0.4, 0.6, 0.6, 0.4, 0.4]","[0.6, 0.6, 0.6, 0.6, 0.6, 0.6, 0.6, 0.6, 0.6, 0.6, 0.6, 0.6, 0.6, 0.6, 0.6, 0.6, 0.6, 0.6, 0.6, 0.6, 0.6, 0.6, 0.6, 0.6, 0.6, 0.6, 0.6, 0.6, 0.6, 0.6, 0.6, 0.6, 0.6, 0.6, 0.6, 0.6, 0.6, 0.6, 0.6, 0.6]","[-0.5, -0.5, -0.5, -0.5, -0.5, -0.5, -0.5, -0.5, -0.5, -0.5, -0.5, -0.5, -0.5, -0.5, -0.5, -0.5, -0.5, -0.5, -0.5, -0.5]","[-0.8, -0.8, -0.8, -0.8, -0.8, -0.8, -0.8, -0.8, -0.7, -0.8, -0.8, -0.8, -0.8, -0.7, -0.8, -0.8, -0.8, -0.8, -0.8, -0.8, -0.8, -0.8, -0.8, -0.8, -0.8, -0.8, -0.8, -0.8, -0.8, -0.8, -0.8, -0.8, -0.8, -0.8, -0.8, -0.8, -0.8, -0.8, -0.8, -0.8]","[-0.7, -0.7, -0.7, -0.7, -0.7, -0.7, -0.7, -0.7, -0.7, -0.7, -0.8, -0.7, -0.7, -0.7, -0.7, -0.7, -0.7, -0.7, -0.8, -0.7]","[0.6, 0.6, 0.6, 0.6, 0.6, 0.6, 0.6, 0.6, 0.6, 0.6, 0.6, 0.6, 0.6, 0.6, 0.6, 0.6, 0.6, 0.6, 0.6, 0.6, 0.6, 0.6, 0.6, 0.6, 0.6, 0.6, 0.6, 0.6, 0.6, 0.6, 0.6, 0.6, 0.6, 0.6, 0.6, 0.6, 0.6, 0.6, 0.6, 0.6]","[0.7, 0.7, 0.7, 0.7, 0.7, 0.7, 0.7, 0.7, 0.7, 0.7, 0.7, 0.7, 0.7, 0.7, 0.7, 0.7, 0.7, 0.7, 0.7, 0.7]","[-0.8, -0.8, -0.8, -0.8, -0.8, -0.8, -0.8, -0.8, -0.8, -0.8, -0.8, -0.8, -0.7, -0.8, -0.8, -0.8, -0.8, -0.8, -0.8, -0.8]",0.435,0.6,-0.5,-0.795,-0.71,0.6,0.7,-0.795
unknown,groq_llama-4-scout-17b-16e-instruct,disgust,cambridge,"[0.6, 0.7, 0.6, 0.7, 0.7, 0.7, 0.6, 0.7, 0.6, 0.7, 0.6, 0.6, 0.7, 0.6, 0.7, 0.6, 0.7, 0.7, 0.7, 0.6, 0.7, 0.7, 0.6, 0.7, 0.7, 0.7, 0.7, 0.6, 0.7, 0.7, 0.6, 0.7, 0.6, 0.7, 0.7, 0.6, 0.7, 0.7, 0.6, 0.6]","[0.6, 0.6, 0.6, 0.6, 0.6, 0.6, 0.6, 0.6, 0.6, 0.6, 0.6, 0.6, 0.6, 0.6, 0.6, 0.6, 0.6, 0.6, 0.6, 0.6, 0.6, 0.6, 0.6, 0.6, 0.6, 0.6, 0.6, 0.6, 0.6, 0.6, 0.6, 0.6, 0.6, 0.6, 0.6, 0.6, 0.6, 0.6, 0.6, 0.6]","[-0.5, -0.5, -0.5, -0.5, -0.5, -0.5, -0.5, -0.5, -0.5, -0.5, -0.5, -0.5, -0.5, -0.5, -0.5, -0.5, -0.5, -0.5, -0.5, -0.5]","[-0.8, -0.8, -0.8, -0.8, -0.8, -0.8, -0.8, -0.8, -0.8, -0.8, -0.8, -0.8, -0.8, -0.8, -0.8, -0.8, -0.8, -0.8, -0.8, -0.8, -0.8, -0.8, -0.8, -0.8, -0.8, -0.8, -0.8, -0.8, -0.8, -0.8, -0.8, -0.8, -0.8, -0.8, -0.8, -0.8, -0.8, -0.8, -0.8, -0.8]","[-0.8, -0.8, -0.8, -0.8, -0.8, -0.8, -0.8, -0.8, -0.8, -0.8, -0.8, -0.8, -0.8, -0.8, -0.8, -0.8, -0.8, -0.8, -0.8, -0.8]","[0.7, 0.7, 0.7, 0.7, 0.7, 0.7, 0.7, 0.7, 0.7, 0.7, 0.7, 0.7, 0.7, 0.7, 0.7, 0.7, 0.7, 0.7, 0.7, 0.7, 0.7, 0.7, 0.7, 0.7, 0.7, 0.7, 0.7, 0.7, 0.7, 0.7, 0.7, 0.8, 0.7, 0.7, 0.7, 0.8, 0.7, 0.7, 0.7, 0.7]","[0.6, 0.6, 0.6, 0.6, 0.6, 0.6, 0.7, 0.7, 0.7, 0.7, 0.7, 0.7, 0.6, 0.6, 0.6, 0.7, 0.6, 0.6, 0.6, 0.6]","[-0.8, -0.8, -0.8, -0.8, -0.8, -0.8, -0.8, -0.8, -0.8, -0.8, -0.8, -0.8, -0.8, -0.8, -0.8, -0.8, -0.8, -0.8, -0.8, -0.8]",0.66,0.6,-0.5,-0.8,-0.8,0.705,0.635,-0.8
unknown,groq_llama-4-scout-17b-16e-instruct,disgust,sentiwordnet,"[0.6, 0.6, 0.6, 0.6, 0.6, 0.6, 0.6, 0.6, 0.6, 0.6, 0.6, 0.6, 0.7, 0.7, 0.7, 0.6, 0.7, 0.6, 0.6, 0.6, 0.6, 0.6, 0.6, 0.6, 0.6, 0.7, 0.6, 0.6, 0.6, 0.7, 0.6, 0.6, 0.6, 0.6, 0.6, 0.6, 0.7, 0.6, 0.7, 0.6]","[0.6, 0.6, 0.6, 0.6, 0.6, 0.6, 0.6, 0.6, 0.6, 0.6, 0.6, 0.6, 0.6, 0.6, 0.6, 0.6, 0.6, 0.6, 0.6, 0.6, 0.6, 0.6, 0.6, 0.6, 0.6, 0.6, 0.6, 0.6, 0.6, 0.6, 0.6, 0.6, 0.6, 0.6, 0.6, 0.6, 0.6, 0.6, 0.6, 0.6]","[-0.5, -0.5, -0.5, -0.5, -0.5, -0.5, -0.5, -0.5, -0.5, -0.5, -0.5, -0.5, -0.5, -0.5, -0.5, -0.5, -0.5, -0.5, -0.5, -0.5]","[-0.8, -0.8, -0.8, -0.8, -0.8, -0.8, -0.8, -0.8, -0.8, -0.8, -0.8, -0.8, -0.8, -0.8, -0.8, -0.8, -0.8, -0.8, -0.8, -0.8, -0.8, -0.8, -0.8, -0.8, -0.8, -0.8, -0.8, -0.8, -0.8, -0.8, -0.8, -0.8, -0.8, -0.8, -0.8, -0.8, -0.8, -0.8, -0.8, -0.8]","[-0.8, -0.8, -0.8, -0.8, -0.8, -0.8, -0.8, -0.8, -0.8, -0.8, -0.8, -0.8, -0.8, -0.8, -0.8, -0.8, -0.8, -0.8, -0.8, -0.8]","[0.7, 0.7, 0.7, 0.7, 0.7, 0.7, 0.7, 0.7, 0.7, 0.7, 0.7, 0.7, 0.7, 0.7, 0.7, 0.7, 0.7, 0.7, 0.7, 0.7, 0.7, 0.7, 0.7, 0.7, 0.7, 0.7, 0.7, 0.7, 0.7, 0.7, 0.7, 0.7, 0.7, 0.7, 0.7, 0.7, 0.7, 0.7, 0.7, 0.7]","[0.6, 0.6, 0.6, 0.6, 0.6, 0.6, 0.6, 0.6, 0.6, 0.6, 0.6, 0.6, 0.6, 0.6, 0.6, 0.6, 0.6, 0.6, 0.6, 0.6]","[-0.8, -0.8, -0.8, -0.8, -0.8, -0.8, -0.8, -0.8, -0.8, -0.8, -0.8, -0.8, -0.8, -0.8, -0.8, -0.8, -0.8, -0.8, -0.8, -0.8]",0.62,0.6,-0.5,-0.8,-0.8,0.7,0.6,-0.8
unknown,groq_llama-4-scout-17b-16e-instruct,distraction,cambridge,"[0.2, 0.2, 0.2, 0.2, 0.2, 0.2, 0.2, 0.2, 0.2, 0.2, 0.2, 0.2, 0.2, 0.2, 0.2, 0.2, 0.2, 0.2, 0.2, 0.2, 0.2, 0.2, 0.2, 0.2, 0.2, 0.2, 0.2, 0.2, 0.2, 0.2, 0.2, 0.2, 0.2, 0.2, 0.2, 0.2, 0.2, 0.2, 0.2, 0.2]","[0.2, 0.2, 0.2, 0.2, 0.2, 0.2, 0.2, 0.2, 0.2, 0.2, 0.2, 0.2, 0.2, 0.2, 0.2, 0.2, 0.2, 0.2, 0.2, 0.2, 0.2, 0.2, 0.2, 0.2, 0.2, 0.2, 0.2, 0.2, 0.2, 0.2, 0.2, 0.2, 0.2, 0.2, 0.2, 0.2, 0.2, 0.2, 0.2, 0.2]","[-0.5, -0.5, -0.5, -0.5, -0.5, -0.5, -0.5, -0.5, -0.5, -0.5, -0.5, -0.5, -0.5, -0.5, -0.5, -0.5, -0.5, -0.5, -0.5, -0.5]","[-0.6, -0.7, -0.6, -0.7, -0.6, -0.6, -0.7, -0.7, -0.7, -0.7, -0.7, -0.6, -0.5, -0.7, -0.7, -0.7, -0.7, -0.7, -0.7, -0.7, -0.7, -0.7, -0.6, -0.7, -0.7, -0.7, -0.7, -0.7, -0.5, -0.7, -0.7, -0.7, -0.7, -0.7, -0.7, -0.7, -0.7, -0.7, -0.7, -0.7]","[-0.7, -0.7, -0.7, -0.7, -0.7, -0.7, -0.6, -0.5, -0.7, -0.7, -0.7, -0.7, -0.7, -0.6, -0.7, -0.7, -0.7, -0.5, -0.7, -0.7]","[0.3, 0.3, 0.3, 0.2, 0.3, 0.3, 0.3, 0.3, 0.3, 0.3, 0.3, 0.3, 0.3, 0.3, 0.3, 0.2, 0.3, 0.3, 0.3, 0.3, 0.3, 0.3, 0.3, 0.3, 0.3, 0.3, 0.3, 0.3, 0.3, 0.3, 0.3, 0.3, 0.3, 0.3, 0.3, 0.3, 0.3, 0.3, 0.3, 0.3]","[0.7, 0.5, 0.5, 0.5, 0.5, 0.7, 0.7, 0.7, 0.7, 0.7, 0.7, 0.7, 0.5, 0.5, 0.7, 0.7, 0.7, 0.7, 0.7, 0.7]","[-0.5, -0.7, -0.5, -0.5, -0.5, -0.5, -0.5, -0.5, -0.5, -0.5, -0.5, -0.5, -0.5, -0.5, -0.5, -0.5, -0.5, -0.5, -0.5, -0.5]",0.2,0.2,-0.5,-0.675,-0.67,0.295,0.64,-0.51
unknown,groq_llama-4-scout-17b-16e-instruct,distraction,sentiwordnet,"[0.7, 0.7, 0.7, 0.7, 0.7, 0.7, 0.7, 0.7, 0.7, 0.7, 0.7, 0.7, 0.7, 0.7, 0.7, 0.7, 0.7, 0.7, 0.7, 0.7, 0.7, 0.7, 0.7, 0.7, 0.7, 0.7, 0.7, 0.7, 0.7, 0.7, 0.7, 0.7, 0.7, 0.7, 0.7, 0.7, 0.7, 0.7, 0.7, 0.7]","[0.6, 0.7, 0.7, 0.7, 0.7, 0.7, 0.7, 0.7, 0.7, 0.7, 0.7, 0.7, 0.7, 0.7, 0.6, 0.6, 0.7, 0.7, 0.7, 0.7, 0.6, 0.7, 0.7, 0.7, 0.7, 0.6, 0.7, 0.7, 0.7, 0.7, 0.7, 0.7, 0.7, 0.7, 0.7, 0.6, 0.7, 0.7, 0.7, 0.7]","[-0.7, -0.5, -0.5, -0.5, -0.5, -0.5, -0.6, -0.5, -0.6, -0.5, -0.7, -0.5, -0.5, -0.6, -0.7, -0.5, -0.5, -0.6, -0.5, -0.7]","[-0.8, -0.8, -0.8, -0.8, -0.8, -0.8, -0.8, -0.8, -0.8, -0.8, -0.8, -0.8, -0.8, -0.8, -0.8, -0.8, -0.8, -0.8, -0.8, -0.8, -0.8, -0.8, -0.8, -0.8, -0.8, -0.8, -0.8, -0.8, -0.8, -0.8, -0.8, -0.8, -0.8, -0.8, -0.8, -0.8, -0.8, -0.8, -0.8, -0.8]","[-0.8, -0.8, -0.8, -0.7, -0.8, -0.8, -0.8, -0.8, -0.8, -0.8, -0.8, -0.7, -0.7, -0.8, -0.8, -0.8, -0.8, -0.8, -0.8, -0.7]","[0.7, 0.7, 0.7, 0.7, 0.7, 0.7, 0.7, 0.7, 0.7, 0.7, 0.7, 0.7, 0.7, 0.7, 0.7, 0.7, 0.7, 0.7, 0.7, 0.6, 0.7, 0.7, 0.7, 0.7, 0.7, 0.7, 0.7, 0.7, 0.7, 0.7, 0.7, 0.7, 0.7, 0.7, 0.7, 0.7, 0.7, 0.7, 0.7, 0.7]","[0.7, 0.7, 0.7, 0.7, 0.7, 0.7, 0.7, 0.7, 0.7, 0.7, 0.7, 0.7, 0.7, 0.7, 0.7, 0.7, 0.7, 0.7, 0.7, 0.7]","[-0.8, -0.8, -0.8, -0.8, -0.8, -0.8, -0.8, -0.8, -0.8, -0.8, -0.8, -0.8, -0.8, -0.8, -0.8, -0.8, -0.8, -0.8, -0.8, -0.8]",0.7,0.685,-0.56,-0.8,-0.78,0.6975,0.7,-0.8
unknown,groq_llama-4-scout-17b-16e-instruct,ecstasy,cambridge,"[0.8, 0.8, 0.8, 0.8, 0.8, 0.8, 0.8, 0.8, 0.8, 0.8, 0.8, 0.8, 0.8, 0.8, 0.8, 0.8, 0.8, 0.8, 0.8, 0.8, 0.8, 0.8, 0.8, 0.8, 0.8, 0.8, 0.8, 0.8, 0.8, 0.8, 0.8, 0.8, 0.8, 0.8, 0.8, 0.8, 0.8, 0.8, 0.8, 0.8]","[0.8, 0.8, 0.8, 0.8, 0.8, 0.8, 0.8, 0.8, 0.8, 0.8, 0.8, 0.8, 0.8, 0.8, 0.8, 0.8, 0.8, 0.8, 0.8, 0.8, 0.8, 0.8, 0.8, 0.8, 0.8, 0.8, 0.8, 0.8, 0.8, 0.8, 0.8, 0.8, 0.8, 0.8, 0.8, 0.8, 0.8, 0.8, 0.8, 0.8]","[0.5, 0.2, 0.2, 0.2, 0.2, 0.2, 0.6, 0.2, 0.2, 0.6, 0.6, 0.2, 0.2, 0.6, 0.6, 0.5, 0.2, 0.6, 0.2, 0.6]","[0.9, 0.9, 0.9, 0.9, 0.9, 0.9, 0.9, 0.9, 0.8, 0.9, 0.9, 0.9, 0.9, 0.9, 0.9, 0.9, 0.9, 0.9, 0.9, 0.9, 0.9, 0.9, 0.9, 0.9, 0.9, 0.9, 0.9, 0.9, 0.9, 0.9, 0.9, 0.9, 0.9, 0.9, 0.9, 0.8, 0.9, 0.9, 0.9, 0.9]","[0.9, 0.9, 0.9, 0.9, 0.9, 0.9, 0.9, 0.9, 0.8, 0.9, 0.8, 0.8, 0.9, 0.8, 0.8, 0.9, 0.9, 0.9, 0.8, 0.9]","[0.8, 0.8, 0.8, 0.8, 0.8, 0.8, 0.8, 0.8, 0.8, 0.8, 0.8, 0.8, 0.8, 0.8, 0.8, 0.8, 0.8, 0.8, 0.8, 0.8, 0.8, 0.8, 0.8, 0.8, 0.8, 0.8, 0.8, 0.8, 0.8, 0.8, 0.8, 0.8, 0.8, 0.8, 0.8, 0.8, 0.8, 0.8, 0.8, 0.8]","[0.2, 0.2, 0.4, 0.2, 0.2, 0.2, 0.2, 0.2, 0.2, 0.2, 0.2, 0.4, 0.2, 0.4, 0.2, 0.2, 0.4, 0.2, 0.2, 0.2]","[0.9, 0.9, 0.9, 0.9, 0.9, 0.9, 0.9, 0.9, 0.9, 0.9, 0.9, 0.9, 0.9, 0.9, 0.9, 0.9, 0.9, 0.9, 0.9, 0.9]",0.8,0.8,0.37,0.895,0.87,0.8,0.24,0.9
unknown,groq_llama-4-scout-17b-16e-instruct,ecstasy,sentiwordnet,"[0.8, 0.8, 0.8, 0.8, 0.8, 0.8, 0.8, 0.8, 0.8, 0.8, 0.8, 0.8, 0.8, 0.8, 0.8, 0.8, 0.8, 0.8, 0.8, 0.8, 0.8, 0.8, 0.8, 0.8, 0.8, 0.8, 0.8, 0.8, 0.8, 0.8, 0.8, 0.8, 0.8, 0.8, 0.8, 0.8, 0.8, 0.8, 0.8, 0.8]","[0.8, 0.8, 0.8, 0.8, 0.8, 0.8, 0.8, 0.8, 0.8, 0.8, 0.8, 0.8, 0.8, 0.8, 0.8, 0.8, 0.8, 0.8, 0.8, 0.8, 0.8, 0.8, 0.8, 0.8, 0.8, 0.8, 0.8, 0.8, 0.8, 0.8, 0.8, 0.8, 0.8, 0.8, 0.8, 0.8, 0.8, 0.8, 0.8, 0.8]","[-0.5, -0.5, -0.5, -0.5, -0.5, -0.5, -0.5, -0.5, -0.5, -0.5, -0.5, -0.5, -0.5, -0.5, -0.5, -0.5, -0.5, -0.5, -0.5, -0.5]","[0.8, 0.8, 0.8, 0.8, 0.9, 0.8, 0.8, 0.8, 0.9, 0.8, 0.8, 0.9, 0.8, 0.9, 0.8, 0.8, 0.9, 0.9, 0.8, 0.8, 0.8, 0.8, 0.9, 0.8, 0.8, 0.8, 0.9, 0.8, 0.8, 0.9, 0.8, 0.8, 0.8, 0.8, 0.8, 0.8, 0.8, 0.8, 0.9, 0.9]","[0.9, 0.8, 0.8, 0.8, 0.8, 0.8, 0.8, 0.8, 0.9, 0.9, 0.9, 0.8, 0.8, 0.9, 0.8, 0.8, 0.8, 0.9, 0.9, 0.8]","[0.8, 0.8, 0.8, 0.9, 0.8, 0.8, 0.8, 0.8, 0.8, 0.9, 0.8, 0.8, 0.8, 0.8, 0.8, 0.8, 0.8, 0.8, 0.9, 0.8, 0.9, 0.8, 0.8, 0.9, 0.8, 0.8, 0.8, 0.8, 0.8, 0.8, 0.8, 0.8, 0.8, 0.8, 0.8, 0.8, 0.9, 0.8, 0.8, 0.8]","[0.7, 0.7, 0.7, 0.7, 0.7, 0.7, 0.7, 0.7, 0.7, 0.7, 0.7, 0.7, 0.7, 0.8, 0.7, 0.7, 0.7, 0.7, 0.7, 0.7]","[0.9, 0.9, 0.9, 0.9, 0.9, 0.9, 0.9, 0.9, 0.9, 0.9, 0.8, 0.9, 0.9, 0.9, 0.9, 0.9, 0.9, 0.9, 0.8, 0.9]",0.8,0.8,-0.5,0.8275,0.835,0.815,0.705,0.89
unknown,groq_llama-4-scout-17b-16e-instruct,fear,cambridge,"[0.7, 0.7, 0.7, 0.7, 0.7, 0.7, 0.7, 0.7, 0.7, 0.7, 0.7, 0.7, 0.7, 0.7, 0.7, 0.7, 0.7, 0.7, 0.7, 0.7, 0.7, 0.7, 0.7, 0.7, 0.7, 0.7, 0.7, 0.7, 0.7, 0.7, 0.7, 0.7, 0.7, 0.7, 0.7, 0.7, 0.7, 0.7, 0.7, 0.7]","[0.7, 0.7, 0.7, 0.8, 0.7, 0.7, 0.7, 0.7, 0.7, 0.7, 0.7, 0.7, 0.7, 0.7, 0.7, 0.7, 0.7, 0.8, 0.7, 0.7, 0.7, 0.7, 0.7, 0.7, 0.7, 0.7, 0.7, 0.7, 0.7, 0.7, 0.7, 0.7, 0.7, 0.7, 0.7, 0.7, 0.7, 0.7, 0.7, 0.7]","[-0.6, -0.6, -0.7, -0.6, -0.7, -0.6, -0.6, -0.7, -0.7, -0.6, -0.6, -0.7, -0.7, -0.7, -0.6, -0.7, -0.6, -0.6, -0.7, -0.6]","[-0.8, -0.8, -0.8, -0.8, -0.8, -0.8, -0.8, -0.8, -0.8, -0.8, -0.8, -0.8, -0.8, -0.8, -0.8, -0.8, -0.8, -0.8, -0.8, -0.8, -0.8, -0.8, -0.8, -0.8, -0.8, -0.8, -0.8, -0.8, -0.8, -0.8, -0.8, -0.8, -0.8, -0.8, -0.8, -0.8, -0.8, -0.8, -0.8, -0.8]","[-0.8, -0.8, -0.8, -0.8, -0.8, -0.8, -0.8, -0.8, -0.8, -0.8, -0.8, -0.8, -0.8, -0.8, -0.8, -0.8, -0.8, -0.8, -0.8, -0.8]","[0.8, 0.8, 0.8, 0.8, 0.8, 0.8, 0.8, 0.8, 0.8, 0.8, 0.8, 0.8, 0.8, 0.8, 0.8, 0.8, 0.8, 0.8, 0.8, 0.8, 0.8, 0.8, 0.8, 0.8, 0.8, 0.8, 0.8, 0.8, 0.8, 0.8, 0.8, 0.8, 0.8, 0.8, 0.8, 0.8, 0.8, 0.8, 0.8, 0.8]","[0.7, 0.7, 0.7, 0.7, 0.7, 0.7, 0.7, 0.7, 0.7, 0.7, 0.7, 0.7, 0.7, 0.7, 0.7, 0.7, 0.7, 0.7, 0.7, 0.7]","[-0.8, -0.8, -0.8, -0.8, -0.8, -0.8, -0.8, -0.8, -0.8, -0.8, -0.8, -0.8, -0.8, -0.8, -0.8, -0.8, -0.7, -0.8, -0.8, -0.8]",0.7,0.705,-0.645,-0.8,-0.8,0.8,0.7,-0.795
unknown,groq_llama-4-scout-17b-16e-instruct,fear,sentiwordnet,"[0.7, 0.7, 0.7, 0.7, 0.7, 0.7, 0.7, 0.7, 0.7, 0.7, 0.7, 0.7, 0.7, 0.7, 0.7, 0.7, 0.7, 0.7, 0.7, 0.7, 0.7, 0.7, 0.7, 0.7, 0.7, 0.7, 0.7, 0.7, 0.7, 0.7, 0.7, 0.7, 0.7, 0.7, 0.8, 0.7, 0.8, 0.7, 0.7, 0.7]","[0.8, 0.8, 0.8, 0.8, 0.8, 0.7, 0.8, 0.8, 0.8, 0.8, 0.8, 0.7, 0.7, 0.7, 0.8, 0.8, 0.8, 0.8, 0.7, 0.8, 0.8, 0.8, 0.8, 0.8, 0.7, 0.8, 0.8, 0.7, 0.8, 0.8, 0.8, 0.8, 0.8, 0.8, 0.8, 0.8, 0.7, 0.8, 0.7, 0.7]","[-0.7, -0.7, -0.7, -0.7, -0.7, -0.7, -0.7, -0.7, -0.7, -0.7, -0.7, -0.7, -0.6, -0.7, -0.7, -0.7, -0.7, -0.7, -0.7, -0.7]","[-0.8, -0.8, -0.8, -0.8, -0.8, -0.8, -0.8, -0.8, -0.8, -0.8, -0.8, -0.8, -0.8, -0.8, -0.8, -0.8, -0.8, -0.8, -0.8, -0.8, -0.8, -0.8, -0.8, -0.8, -0.8, -0.8, -0.8, -0.8, -0.8, -0.8, -0.8, -0.8, -0.8, -0.8, -0.8, -0.8, -0.8, -0.8, -0.8, -0.8]","[-0.8, -0.8, -0.8, -0.8, -0.8, -0.8, -0.8, -0.8, -0.8, -0.8, -0.8, -0.8, -0.8, -0.8, -0.8, -0.8, -0.8, -0.8, -0.8, -0.8]","[0.8, 0.8, 0.8, 0.8, 0.8, 0.8, 0.8, 0.8, 0.8, 0.8, 0.8, 0.8, 0.8, 0.8, 0.8, 0.8, 0.8, 0.8, 0.8, 0.8, 0.8, 0.8, 0.8, 0.8, 0.8, 0.8, 0.8, 0.8, 0.8, 0.8, 0.8, 0.8, 0.8, 0.8, 0.8, 0.8, 0.8, 0.8, 0.8, 0.8]","[0.7, 0.7, 0.7, 0.7, 0.7, 0.7, 0.7, 0.7, 0.7, 0.7, 0.7, 0.7, 0.7, 0.7, 0.7, 0.7, 0.7, 0.7, 0.7, 0.7]","[-0.8, -0.8, -0.8, -0.8, -0.8, -0.8, -0.8, -0.8, -0.8, -0.8, -0.8, -0.8, -0.8, -0.8, -0.8, -0.8, -0.8, -0.8, -0.8, -0.8]",0.705,0.775,-0.695,-0.8,-0.8,0.8,0.7,-0.8
unknown,groq_llama-4-scout-17b-16e-instruct,grief,cambridge,"[0.6, 0.6, 0.6, 0.6, 0.6, 0.6, 0.6, 0.6, 0.6, 0.6, 0.6, 0.6, 0.6, 0.6, 0.6, 0.6, 0.6, 0.6, 0.6, 0.6, 0.6, 0.6, 0.6, 0.6, 0.6, 0.6, 0.6, 0.6, 0.6, 0.6, 0.6, 0.6, 0.6, 0.6, 0.6, 0.6, 0.6, 0.6, 0.6, 0.6]","[0.7, 0.7, 0.7, 0.6, 0.7, 0.7, 0.7, 0.7, 0.7, 0.7, 0.7, 0.7, 0.7, 0.7, 0.7, 0.6, 0.7, 0.7, 0.7, 0.7, 0.7, 0.7, 0.7, 0.7, 0.7, 0.6, 0.7, 0.7, 0.7, 0.7, 0.7, 0.7, 0.6, 0.6, 0.7, 0.7, 0.6, 0.7, 0.7, 0.7]","[-0.7, -0.7, -0.7, -0.7, -0.7, -0.7, -0.7, -0.7, -0.7, -0.7, -0.7, -0.7, -0.7, -0.7, -0.7, -0.7, -0.7, -0.7, -0.7, -0.7]","[-0.8, -0.8, -0.8, -0.8, -0.8, -0.8, -0.8, -0.8, -0.8, -0.8, -0.8, -0.8, -0.8, -0.8, -0.8, -0.8, -0.8, -0.8, -0.8, -0.8, -0.8, -0.8, -0.8, -0.8, -0.8, -0.8, -0.8, -0.8, -0.8, -0.8, -0.8, -0.8, -0.8, -0.8, -0.8, -0.8, -0.8, -0.8, -0.8, -0.8]","[-0.8, -0.8, -0.8, -0.8, -0.8, -0.8, -0.8, -0.8, -0.8, -0.8, -0.8, -0.8, -0.8, -0.8, -0.8, -0.8, -0.8, -0.8, -0.8, -0.8]","[0.8, 0.8, 0.8, 0.8, 0.8, 0.8, 0.8, 0.8, 0.8, 0.8, 0.8, 0.8, 0.8, 0.8, 0.8, 0.8, 0.8, 0.8, 0.8, 0.8, 0.8, 0.8, 0.8, 0.8, 0.8, 0.8, 0.8, 0.8, 0.8, 0.8, 0.8, 0.8, 0.8, 0.8, 0.8, 0.8, 0.8, 0.8, 0.8, 0.8]","[0.7, 0.7, 0.7, 0.7, 0.7, 0.7, 0.7, 0.7, 0.7, 0.7, 0.7, 0.7, 0.7, 0.7, 0.7, 0.7, 0.7, 0.7, 0.7, 0.7]","[-0.8, -0.8, -0.8, -0.8, -0.8, -0.8, -0.8, -0.8, -0.9, -0.8, -0.8, -0.8, -0.8, -0.8, -0.8, -0.8, -0.8, -0.8, -0.8, -0.8]",0.6,0.685,-0.7,-0.8,-0.8,0.8,0.7,-0.805
unknown,groq_llama-4-scout-17b-16e-instruct,grief,sentiwordnet,"[0.7, 0.7, 0.7, 0.7, 0.7, 0.7, 0.7, 0.7, 0.7, 0.7, 0.7, 0.7, 0.7, 0.7, 0.7, 0.7, 0.7, 0.7, 0.7, 0.7, 0.7, 0.7, 0.7, 0.7, 0.7, 0.6, 0.7, 0.7, 0.7, 0.7, 0.7, 0.7, 0.7, 0.7, 0.7, 0.7, 0.7, 0.7, 0.7, 0.7]","[0.7, 0.7, 0.7, 0.7, 0.7, 0.7, 0.7, 0.7, 0.7, 0.7, 0.7, 0.7, 0.7, 0.7, 0.7, 0.7, 0.7, 0.7, 0.7, 0.7, 0.7, 0.7, 0.7, 0.7, 0.7, 0.7, 0.7, 0.7, 0.7, 0.7, 0.7, 0.7, 0.7, 0.7, 0.7, 0.7, 0.7, 0.7, 0.7, 0.7]","[-0.7, -0.7, -0.7, -0.8, -0.7, -0.7, -0.8, -0.7, -0.7, -0.7, -0.7, -0.7, -0.7, -0.7, -0.7, -0.7, -0.7, -0.7, -0.7, -0.7]","[-0.8, -0.8, -0.8, -0.8, -0.8, -0.8, -0.8, -0.8, -0.8, -0.8, -0.8, -0.8, -0.8, -0.8, -0.8, -0.8, -0.8, -0.8, -0.8, -0.8, -0.8, -0.8, -0.8, -0.8, -0.8, -0.8, -0.8, -0.8, -0.8, -0.8, -0.8, -0.8, -0.8, -0.8, -0.8, -0.8, -0.8, -0.8, -0.8, -0.8]","[-0.8, -0.8, -0.8, -0.8, -0.8, -0.8, -0.8, -0.8, -0.8, -0.8, -0.8, -0.8, -0.8, -0.8, -0.8, -0.8, -0.8, -0.8, -0.8, -0.8]","[0.8, 0.8, 0.8, 0.8, 0.8, 0.8, 0.8, 0.8, 0.8, 0.8, 0.8, 0.8, 0.8, 0.8, 0.8, 0.8, 0.8, 0.8, 0.8, 0.8, 0.9, 0.8, 0.8, 0.8, 0.8, 0.8, 0.8, 0.8, 0.8, 0.8, 0.8, 0.8, 0.8, 0.8, 0.8, 0.8, 0.8, 0.8, 0.8, 0.8]","[0.7, 0.7, 0.7, 0.7, 0.7, 0.7, 0.7, 0.7, 0.7, 0.7, 0.7, 0.7, 0.7, 0.7, 0.7, 0.7, 0.7, 0.7, 0.7, 0.7]","[-0.8, -0.8, -0.8, -0.8, -0.8, -0.8, -0.8, -0.8, -0.8, -0.8, -0.8, -0.8, -0.8, -0.8, -0.8, -0.8, -0.8, -0.8, -0.8, -0.8]",0.6975,0.7,-0.71,-0.8,-0.8,0.8025,0.7,-0.8
unknown,groq_llama-4-scout-17b-16e-instruct,interest,cambridge,"[0.6, 0.6, 0.6, 0.6, 0.6, 0.6, 0.6, 0.7, 0.7, 0.6, 0.7, 0.6, 0.7, 0.7, 0.6, 0.6, 0.6, 0.6, 0.6, 0.6, 0.6, 0.7, 0.7, 0.7, 0.6, 0.6, 0.7, 0.6, 0.6, 0.6, 0.7, 0.7, 0.6, 0.7, 0.7, 0.6, 0.7, 0.6, 0.7, 0.6]","[0.5, 0.6, 0.6, 0.5, 0.7, 0.6, 0.6, 0.6, 0.6, 0.6, 0.5, 0.6, 0.6, 0.6, 0.6, 0.6, 0.6, 0.6, 0.6, 0.6, 0.6, 0.6, 0.6, 0.5, 0.6, 0.6, 0.7, 0.7, 0.6, 0.6, 0.6, 0.6, 0.6, 0.6, 0.6, 0.6, 0.6, 0.5, 0.5, 0.6]","[0.0, 0.0, 0.0, 0.0, 0.0, 0.0, 0.0, 0.0, 0.0, 0.0, 0.0, 0.0, 0.0, 0.0, 0.0, 0.0, 0.0, 0.0, 0.0, 0.0]","[0.8, 0.8, 0.8, 0.8, 0.7, 0.8, 0.8, 0.8, 0.8, 0.8, 0.8, 0.8, 0.8, 0.8, 0.8, 0.7, 0.8, 0.8, 0.8, 0.8, 0.8, 0.8, 0.8, 0.8, 0.8, 0.8, 0.8, 0.8, 0.8, 0.8, 0.8, 0.8, 0.8, 0.8, 0.8, 0.8, 0.8, 0.8, 0.8, 0.8]","[0.7, 0.8, 0.8, 0.8, 0.7, 0.8, 0.8, 0.7, 0.7, 0.8, 0.8, 0.8, 0.7, 0.8, 0.8, 0.8, 0.8, 0.7, 0.8, 0.7]","[0.6, 0.6, 0.6, 0.6, 0.6, 0.6, 0.6, 0.6, 0.6, 0.6, 0.6, 0.6, 0.6, 0.6, 0.6, 0.6, 0.6, 0.6, 0.6, 0.6, 0.6, 0.6, 0.6, 0.6, 0.6, 0.6, 0.6, 0.6, 0.6, 0.6, 0.6, 0.6, 0.6, 0.6, 0.6, 0.6, 0.6, 0.6, 0.6, 0.6]","[0.5, 0.5, 0.5, 0.5, 0.5, 0.5, 0.5, 0.5, 0.5, 0.5, 0.5, 0.5, 0.5, 0.5, 0.5, 0.5, 0.5, 0.5, 0.5, 0.5]","[0.8, 0.7, 0.8, 0.7, 0.8, 0.8, 0.8, 0.7, 0.8, 0.8, 0.8, 0.8, 0.8, 0.8, 0.8, 0.7, 0.8, 0.8, 0.7, 0.8]",0.6375,0.5925,0.0,0.795,0.765,0.6,0.5,0.775
unknown,groq_llama-4-scout-17b-16e-instruct,interest,sentiwordnet,"[0.7, 0.7, 0.7, 0.5, 0.7, 0.7, 0.7, 0.7, 0.7, 0.7, 0.7, 0.7, 0.7, 0.7, 0.7, 0.7, 0.7, 0.7, 0.7, 0.7, 0.7, 0.7, 0.7, 0.7, 0.7, 0.7, 0.7, 0.7, 0.7, 0.7, 0.7, 0.7, 0.7, 0.7, 0.5, 0.7, 0.7, 0.7, 0.7, 0.7]","[0.7, 0.7, 0.7, 0.7, 0.7, 0.7, 0.7, 0.7, 0.7, 0.7, 0.7, 0.7, 0.7, 0.7, 0.7, 0.7, 0.7, 0.7, 0.7, 0.7, 0.7, 0.7, 0.7, 0.7, 0.7, 0.7, 0.7, 0.7, 0.7, 0.7, 0.7, 0.7, 0.7, 0.7, 0.7, 0.7, 0.7, 0.7, 0.7, 0.7]","[0.2, 0.2, 0.5, 0.5, 0.5, 0.5, 0.5, 0.5, 0.5, 0.5, 0.5, 0.5, 0.5, 0.5, 0.5, 0.5, 0.5, 0.2, 0.5, 0.5]","[0.8, 0.8, 0.8, 0.8, 0.8, 0.8, 0.8, 0.8, 0.8, 0.8, 0.8, 0.8, 0.8, 0.8, 0.8, 0.8, 0.8, 0.8, 0.8, 0.8, 0.8, 0.8, 0.8, 0.8, 0.8, 0.8, 0.8, 0.8, 0.8, 0.8, 0.8, 0.8, 0.8, 0.8, 0.8, 0.8, 0.8, 0.8, 0.8, 0.8]","[0.8, 0.5, 0.8, 0.8, 0.8, 0.8, 0.8, 0.8, 0.8, 0.5, 0.8, 0.5, 0.8, 0.8, 0.8, 0.8, 0.8, 0.8, 0.8, 0.8]","[0.7, 0.7, 0.7, 0.7, 0.7, 0.7, 0.7, 0.7, 0.7, 0.7, 0.7, 0.7, 0.7, 0.7, 0.7, 0.7, 0.7, 0.7, 0.7, 0.7, 0.7, 0.7, 0.7, 0.7, 0.7, 0.7, 0.7, 0.7, 0.7, 0.7, 0.7, 0.7, 0.7, 0.7, 0.7, 0.7, 0.7, 0.7, 0.7, 0.7]","[0.5, 0.5, 0.5, 0.5, 0.5, 0.5, 0.5, 0.5, 0.5, 0.5, 0.5, 0.5, 0.5, 0.5, 0.5, 0.5, 0.5, 0.5, 0.5, 0.5]","[0.8, 0.8, 0.8, 0.8, 0.8, 0.8, 0.8, 0.8, 0.8, 0.8, 0.8, 0.8, 0.8, 0.8, 0.8, 0.8, 0.8, 0.8, 0.8, 0.8]",0.69,0.7,0.455,0.8,0.755,0.7,0.5,0.8
unknown,groq_llama-4-scout-17b-16e-instruct,joy,cambridge,"[0.7, 0.7, 0.7, 0.7, 0.7, 0.7, 0.7, 0.7, 0.7, 0.7, 0.7, 0.7, 0.7, 0.7, 0.7, 0.7, 0.7, 0.7, 0.7, 0.7, 0.7, 0.7, 0.7, 0.7, 0.7, 0.7, 0.7, 0.7, 0.7, 0.7, 0.7, 0.8, 0.7, 0.7, 0.7, 0.7, 0.7, 0.7, 0.7, 0.7]","[0.8, 0.7, 0.7, 0.8, 0.7, 0.8, 0.7, 0.8, 0.7, 0.7, 0.7, 0.7, 0.7, 0.8, 0.7, 0.7, 0.7, 0.7, 0.7, 0.8, 0.7, 0.7, 0.7, 0.7, 0.7, 0.7, 0.7, 0.7, 0.8, 0.7, 0.7, 0.7, 0.7, 0.7, 0.8, 0.7, 0.7, 0.8, 0.7, 0.7]","[0.6, 0.6, 0.6, 0.6, 0.6, 0.5, 0.6, 0.6, 0.6, 0.6, 0.6, 0.6, 0.6, 0.6, 0.6, 0.6, 0.6, 0.6, 0.5, 0.6]","[0.8, 0.8, 0.8, 0.8, 0.8, 0.8, 0.8, 0.8, 0.8, 0.8, 0.8, 0.9, 0.8, 0.8, 0.8, 0.8, 0.8, 0.8, 0.8, 0.8, 0.8, 0.8, 0.8, 0.8, 0.8, 0.8, 0.8, 0.8, 0.8, 0.8, 0.8, 0.8, 0.8, 0.8, 0.8, 0.8, 0.8, 0.8, 0.8, 0.8]","[0.8, 0.8, 0.8, 0.8, 0.8, 0.8, 0.8, 0.8, 0.8, 0.8, 0.8, 0.8, 0.8, 0.8, 0.8, 0.8, 0.8, 0.8, 0.8, 0.8]","[0.6, 0.6, 0.6, 0.6, 0.6, 0.6, 0.6, 0.6, 0.7, 0.7, 0.7, 0.7, 0.7, 0.6, 0.6, 0.7, 0.7, 0.6, 0.6, 0.6, 0.6, 0.7, 0.6, 0.6, 0.6, 0.6, 0.6, 0.7, 0.7, 0.6, 0.6, 0.6, 0.7, 0.7, 0.6, 0.7, 0.7, 0.6, 0.7, 0.6]","[0.5, 0.5, 0.5, 0.4, 0.5, 0.4, 0.5, 0.5, 0.4, 0.5, 0.5, 0.5, 0.4, 0.4, 0.5, 0.4, 0.5, 0.5, 0.5, 0.4]","[0.8, 0.8, 0.8, 0.8, 0.9, 0.8, 0.8, 0.8, 0.9, 0.8, 0.8, 0.8, 0.8, 0.8, 0.8, 0.8, 0.8, 0.8, 0.8, 0.8]",0.7025,0.7225,0.59,0.8025,0.8,0.6375,0.465,0.81
unknown,groq_llama-4-scout-17b-16e-instruct,joy,sentiwordnet,"[0.8, 0.7, 0.7, 0.7, 0.7, 0.7, 0.7, 0.7, 0.7, 0.7, 0.7, 0.8, 0.7, 0.7, 0.7, 0.7, 0.7, 0.7, 0.7, 0.7, 0.8, 0.7, 0.7, 0.7, 0.7, 0.7, 0.7, 0.7, 0.7, 0.7, 0.7, 0.7, 0.7, 0.7, 0.7, 0.7, 0.7, 0.7, 0.7, 0.7]","[0.7, 0.7, 0.8, 0.8, 0.7, 0.8, 0.8, 0.7, 0.7, 0.7, 0.7, 0.7, 0.8, 0.8, 0.8, 0.7, 0.7, 0.7, 0.8, 0.7, 0.7, 0.8, 0.7, 0.8, 0.8, 0.8, 0.7, 0.7, 0.7, 0.8, 0.7, 0.8, 0.7, 0.7, 0.8, 0.8, 0.7, 0.8, 0.7, 0.8]","[0.5, 0.5, 0.5, 0.5, 0.5, 0.5, 0.5, 0.5, 0.5, 0.5, 0.5, 0.5, 0.5, 0.5, 0.5, 0.5, 0.5, 0.5, 0.5, 0.5]","[0.8, 0.8, 0.8, 0.8, 0.8, 0.8, 0.8, 0.8, 0.8, 0.8, 0.8, 0.8, 0.8, 0.8, 0.8, 0.8, 0.8, 0.8, 0.8, 0.8, 0.8, 0.8, 0.8, 0.8, 0.8, 0.8, 0.8, 0.8, 0.8, 0.8, 0.8, 0.8, 0.8, 0.8, 0.8, 0.8, 0.8, 0.8, 0.8, 0.8]","[0.8, 0.8, 0.8, 0.8, 0.8, 0.8, 0.8, 0.8, 0.8, 0.8, 0.8, 0.8, 0.8, 0.8, 0.8, 0.8, 0.8, 0.8, 0.8, 0.8]","[0.6, 0.6, 0.6, 0.6, 0.6, 0.6, 0.6, 0.6, 0.6, 0.6, 0.6, 0.6, 0.6, 0.6, 0.6, 0.6, 0.6, 0.6, 0.6, 0.6, 0.6, 0.6, 0.6, 0.6, 0.6, 0.6, 0.6, 0.6, 0.6, 0.6, 0.6, 0.6, 0.6, 0.6, 0.6, 0.6, 0.6, 0.6, 0.6, 0.6]","[0.3, 0.3, 0.3, 0.2, 0.2, 0.4, 0.3, 0.3, 0.4, 0.4, 0.3, 0.2, 0.3, 0.4, 0.2, 0.4, 0.2, 0.3, 0.3, 0.2]","[0.8, 0.8, 0.8, 0.8, 0.8, 0.8, 0.8, 0.8, 0.8, 0.8, 0.8, 0.8, 0.8, 0.8, 0.8, 0.8, 0.8, 0.8, 0.8, 0.8]",0.7075,0.745,0.5,0.8,0.8,0.6,0.295,0.8
unknown,groq_llama-4-scout-17b-16e-instruct,loathing,cambridge,"[0.7, 0.7, 0.7, 0.7, 0.7, 0.7, 0.7, 0.7, 0.7, 0.7, 0.7, 0.7, 0.7, 0.7, 0.7, 0.7, 0.7, 0.7, 0.7, 0.7, 0.7, 0.7, 0.7, 0.7, 0.7, 0.7, 0.7, 0.7, 0.7, 0.7, 0.7, 0.7, 0.7, 0.7, 0.7, 0.7, 0.7, 0.7, 0.7, 0.7]","[0.7, 0.7, 0.7, 0.7, 0.7, 0.7, 0.7, 0.6, 0.7, 0.7, 0.7, 0.7, 0.7, 0.7, 0.7, 0.7, 0.7, 0.7, 0.7, 0.7, 0.7, 0.7, 0.7, 0.7, 0.7, 0.6, 0.7, 0.6, 0.7, 0.7, 0.6, 0.7, 0.7, 0.7, 0.7, 0.7, 0.7, 0.7, 0.7, 0.7]","[-0.7, -0.7, -0.7, -0.6, -0.6, -0.7, -0.6, -0.7, -0.7, -0.6, -0.6, -0.6, -0.6, -0.7, -0.7, -0.7, -0.7, -0.7, -0.6, -0.7]","[-0.8, -0.8, -0.8, -0.8, -0.8, -0.8, -0.8, -0.8, -0.8, -0.8, -0.8, -0.8, -0.8, -0.8, -0.8, -0.8, -0.8, -0.8, -0.8, -0.8, -0.8, -0.8, -0.8, -0.8, -0.8, -0.8, -0.8, -0.8, -0.8, -0.8, -0.8, -0.8, -0.8, -0.8, -0.8, -0.8, -0.8, -0.8, -0.8, -0.8]","[-0.8, -0.8, -0.8, -0.8, -0.8, -0.8, -0.8, -0.8, -0.8, -0.8, -0.8, -0.8, -0.8, -0.8, -0.8, -0.8, -0.8, -0.8, -0.8, -0.8]","[0.8, 0.8, 0.8, 0.8, 0.8, 0.8, 0.8, 0.8, 0.8, 0.8, 0.8, 0.8, 0.8, 0.8, 0.8, 0.8, 0.8, 0.8, 0.8, 0.8, 0.8, 0.8, 0.8, 0.8, 0.8, 0.8, 0.8, 0.8, 0.8, 0.8, 0.8, 0.8, 0.8, 0.8, 0.8, 0.8, 0.8, 0.8, 0.8, 0.8]","[0.7, 0.7, 0.7, 0.7, 0.7, 0.7, 0.7, 0.7, 0.7, 0.7, 0.7, 0.7, 0.7, 0.7, 0.7, 0.7, 0.7, 0.7, 0.7, 0.7]","[-0.8, -0.8, -0.8, -0.8, -0.8, -0.8, -0.8, -0.8, -0.8, -0.8, -0.8, -0.8, -0.8, -0.8, -0.8, -0.8, -0.8, -0.8, -0.8, -0.8]",0.7,0.69,-0.66,-0.8,-0.8,0.8,0.7,-0.8
unknown,groq_llama-4-scout-17b-16e-instruct,loathing,sentiwordnet,"[0.8, 0.8, 0.8, 0.8, 0.8, 0.8, 0.8, 0.8, 0.8, 0.8, 0.8, 0.8, 0.8, 0.8, 0.8, 0.8, 0.8, 0.8, 0.8, 0.8, 0.8, 0.8, 0.8, 0.8, 0.8, 0.8, 0.8, 0.8, 0.8, 0.8, 0.8, 0.8, 0.8, 0.8, 0.8, 0.8, 0.8, 0.8, 0.8, 0.8]","[0.7, 0.7, 0.8, 0.8, 0.7, 0.7, 0.7, 0.7, 0.7, 0.7, 0.7, 0.7, 0.7, 0.7, 0.7, 0.7, 0.7, 0.7, 0.7, 0.7, 0.7, 0.7, 0.7, 0.7, 0.7, 0.7, 0.7, 0.7, 0.7, 0.7, 0.7, 0.7, 0.7, 0.7, 0.7, 0.7, 0.7, 0.7, 0.7, 0.7]","[-0.7, -0.7, -0.7, -0.7, -0.7, -0.7, -0.7, -0.7, -0.7, -0.7, -0.7, -0.7, -0.7, -0.7, -0.7, -0.7, -0.7, -0.7, -0.7, -0.7]","[-0.8, -0.8, -0.8, -0.8, -0.8, -0.8, -0.8, -0.8, -0.9, -0.8, -0.8, -0.8, -0.8, -0.8, -0.8, -0.8, -0.8, -0.8, -0.9, -0.8, -0.8, -0.8, -0.8, -0.8, -0.8, -0.8, -0.8, -0.8, -0.8, -0.8, -0.8, -0.8, -0.8, -0.8, -0.8, -0.8, -0.8, -0.8, -0.8, -0.8]","[-0.8, -0.8, -0.8, -0.8, -0.8, -0.8, -0.8, -0.8, -0.8, -0.8, -0.8, -0.8, -0.8, -0.8, -0.8, -0.8, -0.8, -0.8, -0.8, -0.8]","[0.8, 0.8, 0.8, 0.8, 0.8, 0.8, 0.8, 0.8, 0.8, 0.8, 0.8, 0.8, 0.8, 0.8, 0.8, 0.8, 0.8, 0.8, 0.8, 0.8, 0.8, 0.8, 0.8, 0.8, 0.8, 0.8, 0.8, 0.8, 0.8, 0.8, 0.8, 0.8, 0.8, 0.8, 0.8, 0.8, 0.8, 0.8, 0.8, 0.8]","[0.7, 0.7, 0.7, 0.7, 0.7, 0.7, 0.7, 0.7, 0.7, 0.7, 0.7, 0.7, 0.7, 0.7, 0.7, 0.7, 0.7, 0.7, 0.7, 0.7]","[-0.8, -0.8, -0.8, -0.8, -0.8, -0.8, -0.8, -0.8, -0.8, -0.8, -0.8, -0.8, -0.8, -0.8, -0.8, -0.8, -0.8, -0.8, -0.8, -0.8]",0.8,0.705,-0.7,-0.805,-0.8,0.8,0.7,-0.8
unknown,groq_llama-4-scout-17b-16e-instruct,love,cambridge,"[0.5, 0.5, 0.5, 0.5, 0.5, 0.5, 0.7, 0.5, 0.5, 0.5, 0.5, 0.5, 0.5, 0.5, 0.5, 0.5, 0.5, 0.5, 0.5, 0.5, 0.5, 0.5, 0.7, 0.5, 0.5, 0.5, 0.5, 0.5, 0.5, 0.5, 0.5, 0.5, 0.5, 0.5, 0.5, 0.5, 0.5, 0.5, 0.5, 0.5]","[0.2, 0.2, 0.2, 0.2, 0.2, 0.2, 0.2, 0.2, 0.2, 0.2, 0.2, 0.2, 0.2, 0.2, 0.2, 0.2, 0.2, 0.2, 0.2, 0.2, 0.2, 0.2, 0.2, 0.2, 0.2, 0.2, 0.2, 0.2, 0.2, 0.2, 0.2, 0.2, 0.2, 0.2, 0.2, 0.2, 0.2, 0.2, 0.2, 0.2]","[0.0, 0.0, 0.0, 0.0, 0.0, 0.0, 0.0, 0.0, 0.0, 0.0, 0.0, 0.0, 0.0, 0.0, 0.0, 0.0, 0.0, 0.0, 0.0, 0.0]","[0.8, 0.8, 0.8, 0.8, 0.8, 0.8, 0.8, 0.8, 0.8, 0.8, 0.8, 0.8, 0.8, 0.8, 0.8, 0.8, 0.8, 0.8, 0.8, 0.8, 0.8, 0.8, 0.8, 0.8, 0.8, 0.8, 0.8, 0.8, 0.8, 0.8, 0.8, 0.8, 0.8, 0.8, 0.8, 0.8, 0.8, 0.8, 0.8, 0.8]","[0.8, 0.8, 0.8, 0.8, 0.8, 0.8, 0.8, 0.8, 0.8, 0.8, 0.8, 0.8, 0.8, 0.8, 0.8, 0.8, 0.8, 0.8, 0.8, 0.8]","[0.6, 0.6, 0.6, 0.6, 0.6, 0.6, 0.6, 0.6, 0.6, 0.6, 0.6, 0.6, 0.6, 0.6, 0.6, 0.6, 0.6, 0.6, 0.6, 0.6, 0.6, 0.6, 0.6, 0.6, 0.6, 0.6, 0.6, 0.6, 0.6, 0.6, 0.6, 0.6, 0.6, 0.6, 0.6, 0.6, 0.6, 0.6, 0.6, 0.6]","[0.5, 0.5, 0.5, 0.5, 0.5, 0.5, 0.5, 0.5, 0.5, 0.5, 0.5, 0.5, 0.5, 0.5, 0.5, 0.5, 0.5, 0.5, 0.5, 0.5]","[0.8, 0.8, 0.8, 0.8, 0.8, 0.8, 0.8, 0.8, 0.8, 0.8, 0.8, 0.8, 0.8, 0.8, 0.8, 0.8, 0.8, 0.8, 0.8, 0.8]",0.51,0.2,0.0,0.8,0.8,0.6,0.5,0.8
unknown,groq_llama-4-scout-17b-16e-instruct,love,sentiwordnet,"[0.7, 0.7, 0.6, 0.7, 0.7, 0.6, 0.7, 0.7, 0.7, 0.7, 0.6, 0.7, 0.7, 0.7, 0.6, 0.7, 0.7, 0.6, 0.7, 0.7, 0.7, 0.6, 0.6, 0.7, 0.7, 0.7, 0.6, 0.7, 0.6, 0.7, 0.7, 0.6, 0.7, 0.7, 0.6, 0.6, 0.7, 0.7, 0.6, 0.6]","[0.2, 0.2, 0.2, 0.2, 0.2, 0.2, 0.2, 0.2, 0.2, 0.2, 0.2, 0.2, 0.2, 0.2, 0.2, 0.2, 0.2, 0.2, 0.2, 0.2, 0.2, 0.2, 0.2, 0.2, 0.2, 0.2, 0.2, 0.2, 0.2, 0.2, 0.2, 0.2, 0.2, 0.2, 0.2, 0.2, 0.2, 0.2, 0.2, 0.2]","[-0.5, -0.5, -0.5, -0.5, -0.5, -0.5, -0.5, -0.5, -0.5, -0.5, -0.5, -0.5, -0.5, -0.5, -0.5, -0.5, -0.5, -0.5, -0.5, -0.5]","[0.8, 0.8, 0.8, 0.8, 0.8, 0.8, 0.8, 0.8, 0.8, 0.8, 0.8, 0.8, 0.8, 0.8, 0.8, 0.8, 0.8, 0.8, 0.8, 0.8, 0.8, 0.8, 0.8, 0.8, 0.8, 0.8, 0.8, 0.8, 0.8, 0.8, 0.8, 0.8, 0.8, 0.8, 0.8, 0.8, 0.8, 0.8, 0.8, 0.8]","[0.8, 0.8, 0.8, 0.8, 0.8, 0.8, 0.8, 0.8, 0.8, 0.8, 0.8, 0.8, 0.8, 0.8, 0.8, 0.8, 0.8, 0.8, 0.8, 0.8]","[0.6, 0.6, 0.6, 0.6, 0.6, 0.6, 0.6, 0.6, 0.6, 0.6, 0.6, 0.6, 0.6, 0.6, 0.6, 0.6, 0.6, 0.6, 0.6, 0.6, 0.6, 0.6, 0.6, 0.6, 0.6, 0.6, 0.6, 0.6, 0.6, 0.6, 0.6, 0.6, 0.6, 0.6, 0.6, 0.6, 0.6, 0.6, 0.6, 0.6]","[0.5, 0.5, 0.5, 0.5, 0.5, 0.5, 0.5, 0.5, 0.5, 0.5, 0.5, 0.5, 0.4, 0.4, 0.4, 0.5, 0.4, 0.5, 0.5, 0.4]","[0.8, 0.8, 0.8, 0.8, 0.8, 0.8, 0.8, 0.8, 0.8, 0.8, 0.8, 0.8, 0.8, 0.8, 0.8, 0.8, 0.8, 0.8, 0.8, 0.8]",0.665,0.2,-0.5,0.8,0.8,0.6,0.475,0.8
unknown,groq_llama-4-scout-17b-16e-instruct,optimism,cambridge,"[0.6, 0.6, 0.6, 0.6, 0.6, 0.6, 0.6, 0.6, 0.6, 0.6, 0.6, 0.6, 0.6, 0.6, 0.6, 0.6, 0.6, 0.6, 0.6, 0.6, 0.6, 0.6, 0.6, 0.6, 0.6, 0.6, 0.6, 0.6, 0.6, 0.6, 0.6, 0.6, 0.6, 0.6, 0.6, 0.6, 0.6, 0.6, 0.6, 0.6]","[0.6, 0.4, 0.6, 0.6, 0.6, 0.6, 0.6, 0.6, 0.6, 0.6, 0.4, 0.6, 0.6, 0.4, 0.6, 0.4, 0.6, 0.6, 0.4, 0.6, 0.6, 0.6, 0.6, 0.4, 0.6, 0.6, 0.6, 0.4, 0.6, 0.6, 0.6, 0.6, 0.4, 0.4, 0.6, 0.6, 0.6, 0.6, 0.6, 0.6]","[0.5, 0.5, 0.5, 0.5, 0.5, 0.5, 0.5, 0.5, 0.6, 0.5, 0.5, 0.6, 0.5, 0.5, 0.5, 0.5, 0.5, 0.5, 0.5, 0.5]","[0.8, 0.8, 0.8, 0.8, 0.8, 0.8, 0.8, 0.8, 0.8, 0.8, 0.8, 0.8, 0.8, 0.8, 0.8, 0.8, 0.8, 0.8, 0.8, 0.8, 0.8, 0.8, 0.8, 0.8, 0.8, 0.8, 0.8, 0.8, 0.8, 0.8, 0.8, 0.8, 0.8, 0.8, 0.8, 0.8, 0.8, 0.8, 0.8, 0.7]","[0.8, 0.8, 0.8, 0.8, 0.8, 0.8, 0.7, 0.8, 0.8, 0.8, 0.8, 0.8, 0.8, 0.8, 0.8, 0.8, 0.8, 0.8, 0.8, 0.8]","[0.6, 0.6, 0.6, 0.6, 0.6, 0.6, 0.6, 0.6, 0.6, 0.6, 0.6, 0.6, 0.6, 0.6, 0.6, 0.6, 0.6, 0.6, 0.6, 0.6, 0.6, 0.6, 0.6, 0.6, 0.6, 0.6, 0.6, 0.6, 0.6, 0.6, 0.6, 0.6, 0.6, 0.6, 0.6, 0.6, 0.6, 0.6, 0.6, 0.6]","[0.4, 0.3, 0.4, 0.4, 0.3, 0.3, 0.3, 0.4, 0.4, 0.4, 0.4, 0.3, 0.4, 0.4, 0.4, 0.4, 0.4, 0.4, 0.4, 0.3]","[0.7, 0.8, 0.8, 0.8, 0.8, 0.8, 0.8, 0.7, 0.8, 0.8, 0.8, 0.7, 0.8, 0.8, 0.8, 0.8, 0.7, 0.8, 0.8, 0.7]",0.6,0.555,0.51,0.7975,0.795,0.6,0.37,0.775
unknown,groq_llama-4-scout-17b-16e-instruct,optimism,sentiwordnet,"[0.6, 0.6, 0.6, 0.6, 0.6, 0.6, 0.6, 0.6, 0.6, 0.6, 0.6, 0.6, 0.6, 0.6, 0.6, 0.6, 0.6, 0.6, 0.6, 0.6, 0.6, 0.6, 0.6, 0.6, 0.6, 0.6, 0.6, 0.6, 0.6, 0.6, 0.6, 0.6, 0.6, 0.6, 0.6, 0.6, 0.6, 0.6, 0.6, 0.6]","[0.6, 0.6, 0.6, 0.6, 0.4, 0.6, 0.6, 0.6, 0.6, 0.6, 0.6, 0.6, 0.4, 0.6, 0.6, 0.4, 0.6, 0.4, 0.6, 0.6, 0.6, 0.6, 0.6, 0.6, 0.6, 0.6, 0.4, 0.6, 0.4, 0.6, 0.6, 0.6, 0.6, 0.6, 0.4, 0.6, 0.6, 0.6, 0.6, 0.4]","[0.5, 0.6, 0.5, 0.5, 0.5, 0.5, 0.5, 0.5, 0.5, 0.5, 0.5, 0.5, 0.5, 0.5, 0.5, 0.5, 0.5, 0.5, 0.5, 0.5]","[0.8, 0.8, 0.8, 0.8, 0.8, 0.8, 0.8, 0.8, 0.8, 0.8, 0.8, 0.8, 0.8, 0.8, 0.8, 0.8, 0.8, 0.8, 0.8, 0.8, 0.8, 0.8, 0.8, 0.8, 0.8, 0.8, 0.8, 0.8, 0.8, 0.8, 0.8, 0.8, 0.8, 0.8, 0.8, 0.8, 0.8, 0.8, 0.8, 0.8]","[0.8, 0.8, 0.8, 0.8, 0.8, 0.8, 0.8, 0.8, 0.8, 0.8, 0.8, 0.8, 0.8, 0.8, 0.8, 0.8, 0.8, 0.8, 0.8, 0.8]","[0.6, 0.6, 0.6, 0.6, 0.6, 0.6, 0.6, 0.6, 0.6, 0.6, 0.6, 0.6, 0.6, 0.6, 0.6, 0.6, 0.6, 0.6, 0.6, 0.6, 0.6, 0.6, 0.6, 0.6, 0.6, 0.6, 0.6, 0.6, 0.6, 0.6, 0.6, 0.6, 0.6, 0.6, 0.6, 0.6, 0.6, 0.6, 0.6, 0.6]","[0.4, 0.4, 0.3, 0.4, 0.4, 0.4, 0.3, 0.4, 0.3, 0.4, 0.3, 0.4, 0.4, 0.4, 0.4, 0.4, 0.4, 0.3, 0.4, 0.4]","[0.8, 0.8, 0.8, 0.8, 0.8, 0.8, 0.8, 0.8, 0.8, 0.8, 0.8, 0.8, 0.8, 0.8, 0.8, 0.8, 0.8, 0.8, 0.8, 0.8]",0.6,0.56,0.505,0.8,0.8,0.6,0.375,0.8
unknown,groq_llama-4-scout-17b-16e-instruct,pensiveness,cambridge,"[0.2, 0.2, 0.2, 0.2, 0.2, 0.2, 0.2, 0.2, 0.2, 0.2, 0.2, 0.2, 0.2, 0.2, 0.2, 0.2, 0.2, 0.2, 0.2, 0.2, 0.2, 0.2, 0.2, 0.2, 0.2, 0.2, 0.2, 0.2, 0.2, 0.2, 0.2, 0.2, 0.2, 0.2, 0.2, 0.2, 0.2, 0.2, 0.2, 0.2]","[0.2, 0.2, 0.2, 0.2, 0.2, 0.2, 0.2, 0.2, 0.2, 0.2, 0.2, 0.2, 0.2, 0.2, 0.2, 0.2, 0.2, 0.2, 0.2, 0.2, 0.2, 0.2, 0.2, 0.2, 0.2, 0.2, 0.2, 0.2, 0.2, 0.2, 0.2, 0.2, 0.2, 0.2, 0.2, 0.2, 0.2, 0.2, 0.2, 0.2]","[-0.2, -0.3, -0.3, -0.3, -0.3, -0.2, -0.3, -0.3, -0.3, -0.2, -0.3, -0.3, -0.2, -0.3, -0.2, -0.3, -0.3, -0.3, -0.3, -0.3]","[-0.2, -0.2, -0.2, -0.2, -0.2, -0.2, -0.2, -0.2, -0.2, -0.2, -0.2, -0.2, -0.2, -0.2, -0.2, -0.2, -0.2, -0.2, -0.2, -0.2, -0.2, -0.2, -0.2, -0.2, -0.2, -0.2, -0.2, -0.2, -0.2, -0.2, -0.2, -0.2, -0.2, -0.2, -0.2, -0.2, -0.2, -0.2, -0.2, -0.2]","[-0.2, -0.3, -0.3, -0.3, -0.3, -0.3, -0.2, -0.2, -0.3, -0.2, -0.3, -0.2, -0.2, -0.3, -0.2, -0.2, -0.3, -0.3, -0.3, -0.3]","[0.3, 0.3, 0.3, 0.3, 0.3, 0.3, 0.3, 0.3, 0.3, 0.3, 0.3, 0.3, 0.3, 0.3, 0.3, 0.3, 0.3, 0.3, 0.3, 0.3, 0.3, 0.3, 0.3, 0.3, 0.3, 0.3, 0.3, 0.3, 0.3, 0.3, 0.3, 0.3, 0.3, 0.3, 0.3, 0.3, 0.3, 0.3, 0.3, 0.3]","[0.6, 0.6, 0.6, 0.6, 0.6, 0.6, 0.6, 0.6, 0.6, 0.6, 0.6, 0.6, 0.6, 0.6, 0.6, 0.6, 0.6, 0.6, 0.6, 0.6]","[-0.2, -0.2, -0.2, -0.2, -0.2, -0.2, -0.2, -0.2, -0.2, -0.2, -0.2, -0.2, -0.2, -0.2, -0.2, -0.2, -0.2, -0.2, -0.2, -0.2]",0.2,0.2,-0.275,-0.2,-0.26,0.3,0.6,-0.2
unknown,groq_llama-4-scout-17b-16e-instruct,pensiveness,sentiwordnet,"[0.2, 0.2, 0.2, 0.2, 0.2, 0.2, 0.2, 0.2, 0.2, 0.2, 0.2, 0.2, 0.2, 0.2, 0.2, 0.2, 0.2, 0.2, 0.2, 0.2, 0.2, 0.2, 0.2, 0.2, 0.2, 0.2, 0.2, 0.2, 0.2, 0.2, 0.2, 0.2, 0.2, 0.2, 0.2, 0.2, 0.2, 0.2, 0.2, 0.2]","[0.2, 0.2, 0.2, 0.2, 0.2, 0.2, 0.2, 0.2, 0.2, 0.2, 0.2, 0.2, 0.2, 0.2, 0.2, 0.2, 0.2, 0.2, 0.2, 0.2, 0.2, 0.2, 0.2, 0.2, 0.2, 0.2, 0.2, 0.2, 0.2, 0.2, 0.2, 0.2, 0.2, 0.2, 0.2, 0.2, 0.2, 0.2, 0.2, 0.2]","[-0.4, -0.4, -0.3, -0.4, -0.4, -0.4, -0.3, -0.3, -0.3, -0.4, -0.3, -0.4, -0.3, -0.4, -0.4, -0.4, -0.4, -0.4, -0.3, -0.4]","[-0.5, -0.5, -0.5, -0.5, -0.5, -0.5, -0.5, -0.5, -0.5, -0.5, -0.5, -0.5, -0.5, -0.5, -0.5, -0.5, -0.5, -0.5, -0.5, -0.5, -0.5, -0.5, -0.5, -0.5, -0.5, -0.5, -0.5, -0.5, -0.5, -0.5, -0.5, -0.5, -0.5, -0.5, -0.5, -0.5, -0.5, -0.5, -0.5, -0.5]","[-0.5, -0.5, -0.5, -0.5, -0.5, -0.5, -0.5, -0.5, -0.5, -0.5, -0.5, -0.5, -0.5, -0.5, -0.5, -0.5, -0.5, -0.5, -0.5, -0.5]","[0.6, 0.6, 0.6, 0.6, 0.4, 0.6, 0.4, 0.6, 0.6, 0.6, 0.6, 0.6, 0.6, 0.6, 0.6, 0.6, 0.6, 0.6, 0.6, 0.6, 0.6, 0.6, 0.6, 0.6, 0.6, 0.6, 0.6, 0.6, 0.6, 0.4, 0.6, 0.6, 0.6, 0.6, 0.6, 0.6, 0.6, 0.4, 0.6, 0.4]","[0.6, 0.6, 0.7, 0.6, 0.6, 0.6, 0.6, 0.6, 0.6, 0.6, 0.6, 0.6, 0.6, 0.6, 0.6, 0.6, 0.7, 0.6, 0.6, 0.7]","[-0.2, -0.2, -0.2, -0.2, -0.5, -0.5, -0.2, -0.5, -0.2, -0.2, -0.2, -0.2, -0.5, -0.2, -0.5, -0.2, -0.2, -0.2, -0.5, -0.5]",0.2,0.2,-0.365,-0.5,-0.5,0.575,0.615,-0.305
unknown,groq_llama-4-scout-17b-16e-instruct,rage,cambridge,"[0.8, 0.8, 0.8, 0.8, 0.8, 0.8, 0.8, 0.8, 0.8, 0.8, 0.8, 0.8, 0.8, 0.8, 0.8, 0.8, 0.8, 0.8, 0.8, 0.8, 0.8, 0.8, 0.8, 0.8, 0.8, 0.8, 0.8, 0.8, 0.8, 0.8, 0.8, 0.8, 0.8, 0.8, 0.8, 0.8, 0.8, 0.8, 0.8, 0.8]","[0.8, 0.8, 0.8, 0.8, 0.8, 0.8, 0.8, 0.8, 0.8, 0.8, 0.8, 0.8, 0.8, 0.8, 0.8, 0.8, 0.8, 0.8, 0.8, 0.8, 0.8, 0.8, 0.8, 0.8, 0.8, 0.8, 0.8, 0.8, 0.8, 0.8, 0.8, 0.8, 0.8, 0.8, 0.8, 0.8, 0.8, 0.8, 0.8, 0.8]","[-0.7, -0.7, -0.7, -0.7, -0.7, -0.7, -0.7, -0.7, -0.7, -0.7, -0.5, -0.7, -0.7, -0.7, -0.7, -0.7, -0.7, -0.7, -0.7, -0.7]","[-0.8, -0.8, -0.8, -0.8, -0.8, -0.8, -0.8, -0.8, -0.8, -0.8, -0.8, -0.8, -0.8, -0.8, -0.8, -0.8, -0.8, -0.8, -0.8, -0.8, -0.8, -0.8, -0.9, -0.8, -0.8, -0.8, -0.8, -0.8, -0.8, -0.8, -0.8, -0.8, -0.8, -0.8, -0.8, -0.9, -0.8, -0.8, -0.8, -0.8]","[-0.8, -0.8, -0.8, -0.8, -0.8, -0.8, -0.8, -0.8, -0.8, -0.8, -0.8, -0.8, -0.8, -0.8, -0.8, -0.8, -0.8, -0.8, -0.8, -0.8]","[0.8, 0.8, 0.8, 0.8, 0.8, 0.8, 0.8, 0.8, 0.8, 0.8, 0.8, 0.8, 0.8, 0.8, 0.8, 0.8, 0.8, 0.8, 0.8, 0.8, 0.8, 0.8, 0.8, 0.8, 0.8, 0.8, 0.8, 0.8, 0.8, 0.8, 0.8, 0.8, 0.8, 0.8, 0.8, 0.8, 0.8, 0.8, 0.8, 0.8]","[0.8, 0.8, 0.8, 0.8, 0.8, 0.8, 0.8, 0.8, 0.8, 0.8, 0.8, 0.8, 0.8, 0.8, 0.8, 0.8, 0.8, 0.8, 0.8, 0.8]","[-0.8, -0.8, -0.8, -0.8, -0.8, -0.8, -0.9, -0.9, -0.8, -0.8, -0.8, -0.8, -0.8, -0.8, -0.8, -0.8, -0.8, -0.8, -0.8, -0.8]",0.8,0.8,-0.69,-0.805,-0.8,0.8,0.8,-0.81
unknown,groq_llama-4-scout-17b-16e-instruct,rage,sentiwordnet,"[0.8, 0.8, 0.8, 0.8, 0.8, 0.8, 0.8, 0.8, 0.8, 0.8, 0.8, 0.8, 0.8, 0.8, 0.8, 0.8, 0.8, 0.8, 0.8, 0.8, 0.8, 0.8, 0.8, 0.8, 0.8, 0.8, 0.8, 0.8, 0.8, 0.8, 0.8, 0.8, 0.8, 0.8, 0.8, 0.8, 0.8, 0.8, 0.8, 0.8]","[0.8, 0.8, 0.8, 0.8, 0.8, 0.8, 0.8, 0.8, 0.8, 0.8, 0.8, 0.8, 0.8, 0.8, 0.8, 0.8, 0.9, 0.8, 0.8, 0.8, 0.8, 0.8, 0.8, 0.8, 0.8, 0.8, 0.8, 0.8, 0.8, 0.8, 0.8, 0.8, 0.8, 0.8, 0.8, 0.8, 0.8, 0.8, 0.8, 0.8]","[-0.7, -0.7, -0.7, -0.7, -0.7, -0.7, -0.7, -0.7, -0.7, -0.7, -0.8, -0.7, -0.7, -0.7, -0.7, -0.7, -0.7, -0.8, -0.8, -0.7]","[-0.8, -0.8, -0.8, -0.8, -0.9, -0.8, -0.8, -0.8, -0.8, -0.8, -0.8, -0.8, -0.8, -0.8, -0.8, -0.8, -0.8, -0.8, -0.8, -0.8, -0.8, -0.8, -0.9, -0.8, -0.8, -0.9, -0.9, -0.9, -0.8, -0.9, -0.8, -0.9, -0.8, -0.8, -0.8, -0.8, -0.9, -0.8, -0.8, -0.8]","[-0.8, -0.8, -0.8, -0.8, -0.8, -0.8, -0.8, -0.8, -0.8, -0.8, -0.8, -0.8, -0.8, -0.8, -0.8, -0.8, -0.8, -0.8, -0.8, -0.8]","[0.8, 0.9, 0.9, 0.9, 0.9, 0.8, 0.8, 0.9, 0.8, 0.8, 0.8, 0.8, 0.8, 0.8, 0.9, 0.9, 0.8, 0.9, 0.8, 0.8, 0.8, 0.9, 0.9, 0.9, 0.8, 0.9, 0.8, 0.8, 0.8, 0.8, 0.9, 0.8, 0.8, 0.8, 0.9, 0.8, 0.8, 0.9, 0.8, 0.9]","[0.8, 0.8, 0.8, 0.8, 0.8, 0.8, 0.8, 0.8, 0.8, 0.7, 0.8, 0.8, 0.8, 0.8, 0.8, 0.8, 0.8, 0.8, 0.8, 0.8]","[-0.8, -0.8, -0.9, -0.8, -0.8, -0.9, -0.9, -0.8, -0.8, -0.8, -0.8, -0.8, -0.8, -0.8, -0.8, -0.8, -0.8, -0.8, -0.8, -0.8]",0.8,0.8025,-0.715,-0.82,-0.8,0.84,0.795,-0.815
unknown,groq_llama-4-scout-17b-16e-instruct,remorse,cambridge,"[0.6, 0.6, 0.6, 0.4, 0.6, 0.6, 0.6, 0.6, 0.6, 0.6, 0.6, 0.6, 0.6, 0.6, 0.4, 0.6, 0.6, 0.6, 0.6, 0.4, 0.6, 0.6, 0.6, 0.6, 0.6, 0.6, 0.6, 0.6, 0.6, 0.4, 0.6, 0.6, 0.6, 0.6, 0.6, 0.6, 0.6, 0.6, 0.6, 0.6]","[0.6, 0.6, 0.6, 0.6, 0.6, 0.6, 0.6, 0.6, 0.6, 0.6, 0.6, 0.6, 0.6, 0.6, 0.6, 0.6, 0.6, 0.6, 0.6, 0.6, 0.6, 0.6, 0.6, 0.6, 0.6, 0.6, 0.6, 0.6, 0.6, 0.6, 0.6, 0.6, 0.6, 0.6, 0.6, 0.6, 0.6, 0.6, 0.6, 0.6]","[-0.5, -0.5, -0.5, -0.5, -0.5, -0.5, -0.5, -0.5, -0.5, -0.5, -0.5, -0.5, -0.5, -0.5, -0.5, -0.5, -0.5, -0.5, -0.5, -0.5]","[-0.7, -0.8, -0.8, -0.8, -0.8, -0.8, -0.8, -0.8, -0.7, -0.8, -0.8, -0.8, -0.7, -0.8, -0.7, -0.8, -0.8, -0.8, -0.8, -0.8, -0.8, -0.8, -0.7, -0.8, -0.7, -0.7, -0.7, -0.7, -0.7, -0.8, -0.7, -0.7, -0.7, -0.8, -0.8, -0.8, -0.7, -0.8, -0.7, -0.7]","[-0.7, -0.7, -0.8, -0.7, -0.8, -0.8, -0.8, -0.8, -0.8, -0.8, -0.7, -0.8, -0.8, -0.8, -0.8, -0.8, -0.8, -0.8, -0.8, -0.7]","[0.6, 0.6, 0.6, 0.6, 0.6, 0.6, 0.6, 0.6, 0.6, 0.6, 0.6, 0.6, 0.6, 0.6, 0.6, 0.6, 0.6, 0.6, 0.6, 0.6, 0.6, 0.6, 0.6, 0.6, 0.6, 0.6, 0.6, 0.6, 0.6, 0.6, 0.6, 0.6, 0.6, 0.6, 0.6, 0.6, 0.6, 0.6, 0.6, 0.6]","[0.6, 0.6, 0.6, 0.6, 0.6, 0.6, 0.6, 0.6, 0.6, 0.6, 0.6, 0.6, 0.6, 0.6, 0.6, 0.6, 0.6, 0.6, 0.6, 0.6]","[-0.7, -0.7, -0.8, -0.7, -0.7, -0.7, -0.8, -0.7, -0.7, -0.7, -0.8, -0.8, -0.8, -0.7, -0.8, -0.7, -0.8, -0.7, -0.8, -0.7]",0.58,0.6,-0.5,-0.76,-0.775,0.6,0.6,-0.74
unknown,groq_llama-4-scout-17b-16e-instruct,remorse,sentiwordnet,"[0.6, 0.6, 0.6, 0.6, 0.4, 0.4, 0.6, 0.6, 0.6, 0.6, 0.6, 0.6, 0.4, 0.6, 0.4, 0.6, 0.6, 0.4, 0.6, 0.6, 0.6, 0.6, 0.6, 0.4, 0.6, 0.6, 0.4, 0.4, 0.6, 0.6, 0.4, 0.6, 0.6, 0.4, 0.6, 0.6, 0.4, 0.6, 0.6, 0.6]","[0.6, 0.6, 0.6, 0.6, 0.6, 0.6, 0.6, 0.6, 0.6, 0.6, 0.6, 0.6, 0.6, 0.6, 0.6, 0.6, 0.6, 0.6, 0.6, 0.6, 0.6, 0.6, 0.6, 0.6, 0.6, 0.6, 0.6, 0.6, 0.6, 0.6, 0.6, 0.6, 0.6, 0.6, 0.6, 0.6, 0.6, 0.6, 0.6, 0.6]","[-0.5, -0.5, -0.5, -0.5, -0.5, -0.5, -0.5, -0.5, -0.5, -0.5, -0.5, -0.5, -0.5, -0.5, -0.5, -0.5, -0.5, -0.5, -0.5, -0.5]","[-0.8, -0.8, -0.8, -0.8, -0.8, -0.8, -0.8, -0.8, -0.8, -0.8, -0.8, -0.8, -0.8, -0.8, -0.8, -0.8, -0.8, -0.8, -0.8, -0.8, -0.8, -0.8, -0.8, -0.8, -0.8, -0.8, -0.8, -0.8, -0.8, -0.8, -0.8, -0.8, -0.8, -0.8, -0.8, -0.8, -0.8, -0.8, -0.8, -0.8]","[-0.8, -0.8, -0.8, -0.8, -0.8, -0.8, -0.8, -0.8, -0.8, -0.8, -0.8, -0.8, -0.8, -0.8, -0.8, -0.8, -0.8, -0.8, -0.8, -0.8]","[0.7, 0.7, 0.7, 0.7, 0.7, 0.7, 0.7, 0.7, 0.7, 0.7, 0.7, 0.7, 0.7, 0.7, 0.7, 0.7, 0.7, 0.7, 0.7, 0.7, 0.7, 0.7, 0.7, 0.7, 0.7, 0.7, 0.7, 0.7, 0.7, 0.7, 0.7, 0.7, 0.7, 0.7, 0.7, 0.7, 0.7, 0.7, 0.7, 0.7]","[0.6, 0.6, 0.6, 0.6, 0.6, 0.6, 0.6, 0.6, 0.6, 0.6, 0.6, 0.6, 0.6, 0.6, 0.6, 0.6, 0.6, 0.6, 0.6, 0.6]","[-0.8, -0.8, -0.8, -0.8, -0.8, -0.8, -0.8, -0.8, -0.8, -0.8, -0.8, -0.8, -0.8, -0.8, -0.8, -0.8, -0.8, -0.8, -0.8, -0.8]",0.545,0.6,-0.5,-0.8,-0.8,0.7,0.6,-0.8
unknown,groq_llama-4-scout-17b-16e-instruct,sadness,cambridge,"[0.3, 0.4, 0.3, 0.4, 0.3, 0.3, 0.4, 0.3, 0.3, 0.3, 0.4, 0.3, 0.4, 0.3, 0.4, 0.4, 0.4, 0.3, 0.3, 0.3, 0.3, 0.4, 0.3, 0.3, 0.3, 0.3, 0.3, 0.3, 0.3, 0.4, 0.4, 0.4, 0.4, 0.4, 0.3, 0.3, 0.3, 0.3, 0.4, 0.3]","[0.4, 0.4, 0.3, 0.4, 0.4, 0.3, 0.4, 0.3, 0.3, 0.3, 0.4, 0.3, 0.4, 0.3, 0.3, 0.3, 0.3, 0.3, 0.3, 0.3, 0.3, 0.4, 0.4, 0.3, 0.3, 0.3, 0.3, 0.4, 0.4, 0.3, 0.4, 0.3, 0.3, 0.4, 0.4, 0.4, 0.3, 0.4, 0.3, 0.3]","[-0.7, -0.7, -0.7, -0.7, -0.7, -0.7, -0.7, -0.7, -0.7, -0.7, -0.7, -0.7, -0.7, -0.7, -0.7, -0.7, -0.7, -0.7, -0.7, -0.7]","[-0.8, -0.8, -0.8, -0.8, -0.8, -0.8, -0.8, -0.8, -0.8, -0.8, -0.8, -0.8, -0.8, -0.8, -0.8, -0.8, -0.8, -0.8, -0.8, -0.8, -0.8, -0.7, -0.7, -0.8, -0.8, -0.7, -0.8, -0.8, -0.8, -0.8, -0.8, -0.7, -0.8, -0.8, -0.8, -0.7, -0.7, -0.8, -0.8, -0.8]","[-0.7, -0.7, -0.7, -0.7, -0.7, -0.7, -0.7, -0.7, -0.7, -0.7, -0.7, -0.7, -0.7, -0.7, -0.8, -0.7, -0.7, -0.7, -0.7, -0.7]","[0.4, 0.4, 0.4, 0.4, 0.4, 0.4, 0.4, 0.4, 0.4, 0.6, 0.4, 0.4, 0.4, 0.4, 0.4, 0.4, 0.4, 0.4, 0.6, 0.4, 0.4, 0.4, 0.4, 0.4, 0.6, 0.4, 0.4, 0.4, 0.4, 0.4, 0.4, 0.4, 0.4, 0.4, 0.4, 0.4, 0.4, 0.4, 0.4, 0.4]","[0.6, 0.6, 0.6, 0.6, 0.6, 0.6, 0.6, 0.6, 0.6, 0.6, 0.6, 0.7, 0.6, 0.6, 0.6, 0.6, 0.7, 0.6, 0.6, 0.6]","[-0.8, -0.8, -0.7, -0.8, -0.8, -0.8, -0.8, -0.8, -0.8, -0.8, -0.7, -0.8, -0.8, -0.8, -0.8, -0.7, -0.8, -0.8, -0.8, -0.8]",0.3375,0.34,-0.7,-0.785,-0.705,0.415,0.61,-0.785
unknown,groq_llama-4-scout-17b-16e-instruct,sadness,sentiwordnet,"[0.4, 0.4, 0.4, 0.4, 0.4, 0.4, 0.4, 0.4, 0.3, 0.4, 0.4, 0.4, 0.4, 0.3, 0.4, 0.4, 0.4, 0.4, 0.4, 0.4, 0.4, 0.4, 0.4, 0.4, 0.4, 0.4, 0.4, 0.4, 0.4, 0.4, 0.4, 0.4, 0.4, 0.4, 0.4, 0.4, 0.4, 0.4, 0.4, 0.4]","[0.4, 0.4, 0.4, 0.4, 0.4, 0.4, 0.4, 0.4, 0.4, 0.4, 0.4, 0.4, 0.4, 0.4, 0.4, 0.4, 0.4, 0.4, 0.4, 0.4, 0.4, 0.4, 0.4, 0.4, 0.4, 0.4, 0.4, 0.4, 0.4, 0.4, 0.4, 0.4, 0.4, 0.4, 0.4, 0.4, 0.4, 0.4, 0.4, 0.4]","[-0.5, -0.5, -0.5, -0.7, -0.5, -0.7, -0.6, -0.7, -0.5, -0.7, -0.5, -0.5, -0.6, -0.5, -0.5, -0.5, -0.5, -0.7, -0.7, -0.5]","[-0.7, -0.7, -0.7, -0.7, -0.7, -0.7, -0.7, -0.7, -0.7, -0.7, -0.7, -0.7, -0.7, -0.7, -0.8, -0.7, -0.7, -0.7, -0.7, -0.7, -0.7, -0.7, -0.7, -0.7, -0.7, -0.8, -0.7, -0.7, -0.7, -0.8, -0.7, -0.7, -0.7, -0.7, -0.7, -0.7, -0.7, -0.7, -0.7, -0.7]","[-0.5, -0.5, -0.5, -0.7, -0.7, -0.5, -0.7, -0.5, -0.5, -0.5, -0.5, -0.6, -0.5, -0.5, -0.5, -0.5, -0.5, -0.5, -0.5, -0.5]","[0.4, 0.4, 0.4, 0.4, 0.4, 0.4, 0.4, 0.4, 0.4, 0.4, 0.4, 0.4, 0.4, 0.4, 0.6, 0.4, 0.4, 0.4, 0.6, 0.4, 0.4, 0.6, 0.4, 0.4, 0.4, 0.4, 0.4, 0.4, 0.6, 0.4, 0.6, 0.4, 0.6, 0.4, 0.4, 0.4, 0.4, 0.4, 0.4, 0.4]","[0.7, 0.7, 0.7, 0.6, 0.7, 0.7, 0.7, 0.7, 0.6, 0.6, 0.6, 0.6, 0.7, 0.6, 0.7, 0.7, 0.7, 0.7, 0.7, 0.7]","[-0.7, -0.7, -0.7, -0.7, -0.7, -0.7, -0.7, -0.7, -0.7, -0.7, -0.7, -0.7, -0.7, -0.7, -0.7, -0.7, -0.7, -0.7, -0.7, -0.7]",0.395,0.4,-0.57,-0.7075,-0.535,0.43,0.67,-0.7
unknown,groq_llama-4-scout-17b-16e-instruct,serenity,cambridge,"[0.2, 0.2, 0.2, 0.2, 0.2, 0.2, 0.2, 0.2, 0.2, 0.2, 0.2, 0.2, 0.2, 0.2, 0.2, 0.2, 0.2, 0.2, 0.2, 0.2, 0.2, 0.2, 0.2, 0.2, 0.2, 0.2, 0.2, 0.2, 0.2, 0.2, 0.2, 0.2, 0.2, 0.2, 0.2, 0.2, 0.2, 0.2, 0.2, 0.2]","[0.2, 0.2, 0.2, 0.2, 0.2, 0.2, 0.2, 0.2, 0.2, 0.2, 0.2, 0.2, 0.2, 0.2, 0.2, 0.2, 0.2, 0.2, 0.2, 0.2, 0.2, 0.2, 0.2, 0.2, 0.2, 0.2, 0.2, 0.2, 0.2, 0.2, 0.2, 0.2, 0.2, 0.2, 0.2, 0.2, 0.2, 0.2, 0.2, 0.2]","[-0.5, -0.4, -0.5, -0.5, -0.5, -0.5, -0.5, -0.5, -0.5, -0.5, -0.5, -0.5, -0.3, -0.5, -0.4, -0.5, -0.5, -0.5, -0.5, -0.5]","[0.8, 0.8, 0.8, 0.8, 0.8, 0.8, 0.8, 0.8, 0.8, 0.8, 0.8, 0.8, 0.8, 0.8, 0.8, 0.8, 0.8, 0.8, 0.8, 0.8, 0.8, 0.8, 0.8, 0.8, 0.8, 0.8, 0.8, 0.8, 0.8, 0.8, 0.8, 0.8, 0.8, 0.8, 0.8, 0.8, 0.8, 0.8, 0.8, 0.8]","[0.8, 0.8, 0.8, 0.8, 0.8, 0.8, 0.8, 0.8, 0.8, 0.8, 0.8, 0.8, 0.8, 0.8, 0.8, 0.8, 0.8, 0.8, 0.8, 0.8]","[0.2, 0.2, 0.2, 0.2, 0.2, 0.2, 0.2, 0.2, 0.2, 0.2, 0.2, 0.2, 0.2, 0.2, 0.2, 0.2, 0.2, 0.2, 0.2, 0.2, 0.2, 0.2, 0.2, 0.2, 0.2, 0.2, 0.2, 0.2, 0.2, 0.2, 0.2, 0.2, 0.2, 0.2, 0.2, 0.2, 0.2, 0.2, 0.2, 0.2]","[0.2, 0.2, 0.2, 0.2, 0.2, 0.2, 0.2, 0.2, 0.2, 0.2, 0.2, 0.2, 0.2, 0.2, 0.2, 0.2, 0.2, 0.2, 0.2, 0.2]","[0.8, 0.8, 0.8, 0.8, 0.8, 0.8, 0.8, 0.8, 0.8, 0.8, 0.8, 0.8, 0.8, 0.8, 0.8, 0.8, 0.8, 0.8, 0.8, 0.8]",0.2,0.2,-0.48,0.8,0.8,0.2,0.2,0.8
unknown,groq_llama-4-scout-17b-16e-instruct,serenity,sentiwordnet,"[0.2, 0.2, 0.2, 0.2, 0.2, 0.2, 0.2, 0.2, 0.2, 0.2, 0.2, 0.2, 0.2, 0.2, 0.2, 0.2, 0.2, 0.2, 0.2, 0.2, 0.2, 0.2, 0.2, 0.2, 0.2, 0.2, 0.2, 0.2, 0.2, 0.2, 0.2, 0.2, 0.2, 0.2, 0.2, 0.2, 0.2, 0.2, 0.2, 0.2]","[0.1, 0.1, 0.1, 0.1, 0.1, 0.1, 0.1, 0.1, 0.1, 0.1, 0.1, 0.1, 0.1, 0.1, 0.1, 0.1, 0.1, 0.1, 0.1, 0.1, 0.1, 0.1, 0.1, 0.1, 0.1, 0.1, 0.1, 0.1, 0.1, 0.1, 0.1, 0.1, 0.1, 0.1, 0.1, 0.1, 0.1, 0.1, 0.1, 0.1]","[0.5, 0.5, 0.5, 0.5, 0.5, 0.5, 0.5, 0.5, 0.5, 0.5, 0.5, 0.5, 0.5, 0.5, 0.5, 0.5, 0.5, 0.5, 0.5, 0.5]","[0.8, 0.8, 0.8, 0.8, 0.8, 0.8, 0.8, 0.8, 0.8, 0.8, 0.8, 0.8, 0.8, 0.8, 0.8, 0.8, 0.8, 0.5, 0.8, 0.8, 0.8, 0.8, 0.8, 0.8, 0.8, 0.8, 0.8, 0.8, 0.8, 0.8, 0.8, 0.8, 0.8, 0.8, 0.8, 0.8, 0.8, 0.8, 0.8, 0.8]","[0.5, 0.5, 0.5, 0.5, 0.5, 0.5, 0.1, 0.1, 0.5, 0.5, 0.5, 0.5, 0.5, 0.5, 0.5, 0.1, 0.5, 0.5, 0.1, 0.5]","[0.1, 0.1, 0.1, 0.1, 0.1, 0.1, 0.1, 0.1, 0.1, 0.1, 0.1, 0.1, 0.1, 0.1, 0.1, 0.1, 0.1, 0.1, 0.1, 0.1, 0.1, 0.1, 0.1, 0.1, 0.1, 0.1, 0.1, 0.1, 0.1, 0.1, 0.1, 0.1, 0.1, 0.1, 0.1, 0.1, 0.1, 0.1, 0.1, 0.1]","[0.2, 0.2, 0.2, 0.2, 0.2, 0.2, 0.2, 0.2, 0.2, 0.2, 0.2, 0.2, 0.2, 0.2, 0.2, 0.2, 0.2, 0.2, 0.2, 0.2]","[0.8, 0.8, 0.8, 0.8, 0.8, 0.8, 0.8, 0.8, 0.8, 0.8, 0.8, 0.8, 0.9, 0.8, 0.8, 0.8, 0.8, 0.8, 0.8, 0.8]",0.2,0.1,0.5,0.7925,0.42,0.1,0.2,0.805
unknown,groq_llama-4-scout-17b-16e-instruct,submission,cambridge,"[0.3, 0.3, 0.2, 0.3, 0.3, 0.3, 0.3, 0.3, 0.3, 0.3, 0.2, 0.3, 0.3, 0.3, 0.3, 0.3, 0.3, 0.3, 0.3, 0.3, 0.4, 0.3, 0.3, 0.3, 0.3, 0.3, 0.4, 0.3, 0.3, 0.3, 0.3, 0.3, 0.3, 0.4, 0.3, 0.2, 0.3, 0.3, 0.3, 0.3]","[0.3, 0.3, 0.3, 0.3, 0.3, 0.3, 0.3, 0.3, 0.3, 0.3, 0.3, 0.3, 0.3, 0.3, 0.3, 0.3, 0.3, 0.3, 0.3, 0.3, 0.3, 0.3, 0.3, 0.3, 0.3, 0.3, 0.3, 0.3, 0.3, 0.3, 0.3, 0.2, 0.3, 0.3, 0.3, 0.3, 0.3, 0.3, 0.3, 0.3]","[-0.5, -0.5, -0.5, -0.5, -0.5, -0.5, -0.5, -0.5, -0.5, -0.5, -0.5, -0.5, -0.5, -0.5, -0.5, -0.5, -0.5, -0.5, -0.5, -0.5]","[-0.3, -0.2, -0.2, -0.2, -0.4, -0.3, -0.2, -0.2, -0.2, -0.2, -0.2, -0.2, -0.2, -0.2, -0.2, -0.2, -0.3, -0.2, -0.2, -0.2, -0.2, -0.2, -0.3, -0.2, -0.2, -0.2, -0.3, -0.2, -0.2, -0.2, -0.3, -0.2, -0.2, -0.3, -0.2, -0.2, -0.2, -0.2, -0.2, -0.2]","[-0.4, -0.4, -0.4, -0.4, -0.4, -0.3, -0.4, -0.4, -0.4, -0.4, -0.3, -0.4, -0.4, -0.4, -0.4, -0.4, -0.4, -0.4, -0.4, -0.4]","[0.2, 0.2, 0.2, 0.2, 0.2, 0.2, 0.2, 0.2, 0.2, 0.2, 0.2, 0.2, 0.2, 0.2, 0.2, 0.2, 0.2, 0.2, 0.2, 0.2, 0.2, 0.2, 0.2, 0.2, 0.2, 0.2, 0.2, 0.2, 0.2, 0.2, 0.2, 0.2, 0.2, 0.2, 0.2, 0.2, 0.2, 0.2, 0.2, 0.2]","[0.6, 0.6, 0.6, 0.6, 0.6, 0.6, 0.6, 0.6, 0.6, 0.6, 0.6, 0.6, 0.6, 0.6, 0.6, 0.6, 0.6, 0.6, 0.6, 0.6]","[-0.2, -0.2, -0.2, -0.2, -0.2, -0.2, -0.2, -0.2, -0.2, -0.2, -0.2, -0.2, -0.2, -0.2, -0.2, -0.2, -0.2, -0.2, -0.2, -0.2]",0.3,0.2975,-0.5,-0.2225,-0.39,0.2,0.6,-0.2
unknown,groq_llama-4-scout-17b-16e-instruct,submission,sentiwordnet,"[0.2, 0.2, 0.3, 0.2, 0.2, 0.2, 0.2, 0.2, 0.2, 0.2, 0.2, 0.2, 0.2, 0.2, 0.2, 0.2, 0.2, 0.2, 0.3, 0.2, 0.3, 0.2, 0.2, 0.2, 0.2, 0.2, 0.3, 0.2, 0.3, 0.2, 0.2, 0.2, 0.2, 0.2, 0.2, 0.3, 0.2, 0.2, 0.2, 0.2]","[0.2, 0.2, 0.2, 0.2, 0.2, 0.2, 0.2, 0.2, 0.2, 0.2, 0.2, 0.2, 0.2, 0.2, 0.2, 0.2, 0.2, 0.2, 0.2, 0.2, 0.2, 0.2, 0.2, 0.2, 0.2, 0.2, 0.2, 0.2, 0.2, 0.2, 0.2, 0.2, 0.2, 0.2, 0.2, 0.2, 0.2, 0.2, 0.2, 0.2]","[-0.8, -0.8, -0.8, -0.8, -0.7, -0.8, -0.8, -0.8, -0.8, -0.8, -0.7, -0.8, -0.8, -0.8, -0.7, -0.8, -0.7, -0.8, -0.7, -0.8]","[-0.2, -0.2, -0.2, -0.2, -0.2, -0.2, -0.5, -0.3, -0.2, -0.2, -0.3, -0.2, -0.3, -0.3, -0.2, -0.2, -0.2, -0.3, -0.2, -0.5, -0.2, -0.2, -0.2, -0.2, -0.2, -0.2, -0.3, -0.2, -0.2, -0.3, -0.2, -0.2, -0.2, -0.3, -0.2, -0.2, -0.2, -0.2, -0.2, -0.2]","[-0.2, -0.2, -0.2, -0.2, -0.2, -0.4, -0.2, -0.3, -0.2, -0.2, -0.2, -0.2, -0.2, -0.2, -0.2, -0.2, -0.2, -0.2, -0.2, -0.2]","[0.2, 0.2, 0.2, 0.2, 0.2, 0.2, 0.2, 0.2, 0.2, 0.2, 0.2, 0.2, 0.2, 0.2, 0.2, 0.2, 0.2, 0.2, 0.2, 0.2, 0.2, 0.2, 0.2, 0.2, 0.2, 0.2, 0.2, 0.2, 0.2, 0.2, 0.2, 0.2, 0.2, 0.2, 0.2, 0.2, 0.2, 0.2, 0.2, 0.2]","[0.6, 0.6, 0.6, 0.6, 0.6, 0.6, 0.6, 0.6, 0.6, 0.6, 0.6, 0.6, 0.6, 0.6, 0.6, 0.6, 0.6, 0.6, 0.6, 0.6]","[-0.2, -0.2, -0.2, -0.2, -0.2, -0.2, -0.2, -0.2, -0.2, -0.2, -0.2, -0.3, -0.2, -0.2, -0.3, -0.2, -0.2, -0.2, -0.2, -0.2]",0.215,0.2,-0.775,-0.235,-0.215,0.2,0.6,-0.21
unknown,groq_llama-4-scout-17b-16e-instruct,surprise,cambridge,"[0.7, 0.7, 0.7, 0.7, 0.7, 0.7, 0.7, 0.7, 0.7, 0.7, 0.7, 0.7, 0.7, 0.7, 0.7, 0.7, 0.7, 0.7, 0.7, 0.7, 0.7, 0.7, 0.7, 0.7, 0.7, 0.7, 0.7, 0.7, 0.7, 0.7, 0.7, 0.7, 0.7, 0.7, 0.7, 0.7, 0.7, 0.7, 0.7, 0.7]","[0.7, 0.7, 0.7, 0.7, 0.7, 0.7, 0.7, 0.7, 0.7, 0.7, 0.7, 0.7, 0.7, 0.7, 0.7, 0.7, 0.7, 0.7, 0.7, 0.7, 0.7, 0.7, 0.7, 0.7, 0.7, 0.7, 0.7, 0.7, 0.7, 0.7, 0.7, 0.7, 0.7, 0.7, 0.7, 0.7, 0.7, 0.7, 0.7, 0.7]","[-0.5, -0.5, -0.5, -0.5, -0.5, -0.5, -0.5, -0.2, -0.5, -0.5, -0.5, -0.5, -0.5, -0.5, -0.5, -0.5, -0.2, -0.5, -0.5, -0.2]","[0.0, 0.0, 0.0, 0.0, 0.0, 0.0, 0.0, 0.0, 0.0, 0.0, 0.0, 0.0, 0.0, 0.0, 0.0, 0.0, 0.0, 0.0, 0.0, 0.0, 0.0, 0.0, 0.0, 0.0, 0.0, 0.0, 0.0, 0.0, 0.0, 0.0, 0.0, 0.0, 0.0, 0.0, 0.0, 0.0, 0.0, 0.0, 0.0, 0.0]","[0.2, 0.2, 0.2, 0.2, 0.2, 0.2, 0.2, 0.2, 0.2, 0.2, 0.2, 0.2, 0.2, 0.2, 0.2, 0.2, 0.2, 0.2, 0.2, 0.2]","[0.7, 0.7, 0.7, 0.7, 0.7, 0.7, 0.7, 0.7, 0.7, 0.7, 0.7, 0.7, 0.7, 0.7, 0.7, 0.7, 0.7, 0.7, 0.7, 0.7, 0.7, 0.7, 0.7, 0.7, 0.7, 0.7, 0.7, 0.7, 0.7, 0.7, 0.7, 0.7, 0.7, 0.7, 0.7, 0.7, 0.7, 0.7, 0.7, 0.7]","[0.5, 0.5, 0.5, 0.5, 0.5, 0.5, 0.5, 0.5, 0.5, 0.5, 0.5, 0.5, 0.5, 0.5, 0.5, 0.5, 0.5, 0.5, 0.5, 0.5]","[0.0, 0.0, 0.0, 0.0, 0.0, 0.0, 0.0, 0.0, 0.0, 0.0, 0.0, 0.0, 0.0, 0.0, 0.0, 0.0, 0.0, 0.0, 0.0, 0.0]",0.7,0.7,-0.455,0.0,0.2,0.7,0.5,0.0
unknown,groq_llama-4-scout-17b-16e-instruct,surprise,sentiwordnet,"[0.8, 0.8, 0.7, 0.8, 0.7, 0.8, 0.8, 0.8, 0.8, 0.7, 0.8, 0.7, 0.8, 0.8, 0.8, 0.8, 0.8, 0.7, 0.7, 0.7, 0.7, 0.7, 0.8, 0.8, 0.7, 0.8, 0.7, 0.8, 0.8, 0.8, 0.8, 0.8, 0.8, 0.8, 0.8, 0.8, 0.7, 0.8, 0.8, 0.8]","[0.8, 0.8, 0.8, 0.8, 0.8, 0.8, 0.8, 0.8, 0.8, 0.8, 0.8, 0.8, 0.8, 0.8, 0.8, 0.8, 0.8, 0.8, 0.8, 0.8, 0.8, 0.8, 0.8, 0.8, 0.8, 0.8, 0.8, 0.8, 0.8, 0.8, 0.8, 0.8, 0.8, 0.8, 0.8, 0.8, 0.8, 0.8, 0.8, 0.8]","[-0.5, -0.5, -0.5, -0.5, -0.5, -0.5, -0.5, -0.5, -0.5, -0.5, -0.5, -0.5, -0.5, -0.5, -0.5, -0.5, -0.5, -0.5, -0.5, -0.5]","[0.0, 0.0, 0.0, 0.0, 0.0, 0.0, 0.0, 0.0, 0.0, 0.0, 0.0, 0.0, 0.0, 0.0, 0.0, 0.0, 0.0, 0.0, 0.0, 0.0, 0.0, 0.0, 0.0, 0.0, 0.0, 0.0, 0.0, 0.0, 0.0, 0.0, 0.0, 0.0, 0.0, 0.0, 0.0, 0.0, 0.0, 0.0, 0.0, 0.0]","[0.0, 0.0, 0.2, 0.2, 0.0, 0.0, 0.2, 0.0, 0.0, 0.0, 0.0, -0.5, 0.2, -0.5, 0.0, 0.0, 0.2, 0.0, 0.0, 0.0]","[0.8, 0.8, 0.7, 0.7, 0.8, 0.8, 0.8, 0.8, 0.8, 0.8, 0.8, 0.8, 0.8, 0.8, 0.8, 0.8, 0.8, 0.8, 0.8, 0.7, 0.8, 0.8, 0.8, 0.8, 0.8, 0.8, 0.8, 0.8, 0.8, 0.8, 0.8, 0.8, 0.8, 0.8, 0.8, 0.8, 0.8, 0.8, 0.7, 0.8]","[0.5, 0.5, 0.5, 0.5, 0.5, 0.5, 0.5, 0.5, 0.5, 0.5, 0.5, 0.5, 0.5, 0.5, 0.5, 0.5, 0.5, 0.5, 0.5, 0.5]","[-0.5, -0.5, -0.5, -0.5, -0.5, -0.5, -0.5, -0.5, -0.5, -0.5, -0.5, -0.5, -0.5, -0.5, -0.5, -0.5, -0.5, -0.5, -0.5, -0.5]",0.77,0.8,-0.5,0.0,0.0,0.79,0.5,-0.5
unknown,groq_llama-4-scout-17b-16e-instruct,terror,cambridge,"[0.9, 0.9, 0.9, 0.9, 0.9, 0.9, 0.9, 0.9, 0.9, 0.9, 0.9, 0.8, 0.9, 0.9, 0.9, 0.9, 0.9, 0.9, 0.9, 0.9, 0.9, 0.9, 0.8, 0.9, 0.9, 0.9, 0.9, 0.9, 0.9, 0.9, 0.9, 0.9, 0.9, 0.9, 0.9, 0.9, 0.9, 0.9, 0.9, 0.9]","[0.9, 0.9, 0.9, 0.9, 0.9, 0.9, 0.9, 0.9, 0.9, 0.9, 0.9, 0.9, 0.9, 0.9, 0.9, 0.9, 0.9, 0.9, 0.9, 0.9, 0.9, 0.9, 0.9, 0.9, 0.9, 0.9, 0.9, 0.9, 0.9, 0.9, 0.9, 0.9, 0.9, 0.9, 0.9, 0.9, 0.9, 0.9, 0.9, 0.9]","[-0.8, -0.8, -0.8, -0.8, -0.8, -0.8, -0.8, -0.8, -0.8, -0.8, -0.8, -0.8, -0.8, -0.8, -0.8, -0.8, -0.8, -0.8, -0.8, -0.8]","[-1.0, -1.0, -1.0, -1.0, -1.0, -1.0, -1.0, -1.0, -1.0, -1.0, -1.0, -1.0, -1.0, -1.0, -1.0, -1.0, -1.0, -1.0, -1.0, -1.0, -1.0, -1.0, -1.0, -1.0, -1.0, -1.0, -1.0, -1.0, -1.0, -1.0, -1.0, -1.0, -1.0, -1.0, -1.0, -1.0, -1.0, -1.0, -1.0, -1.0]","[-1.0, -1.0, -1.0, -0.9, -0.8, -1.0, -1.0, -1.0, -1.0, -1.0, -1.0, -1.0, -1.0, -1.0, -1.0, -1.0, -1.0, -0.9, -1.0, -1.0]","[0.9, 0.9, 0.9, 0.9, 0.9, 0.9, 0.9, 0.9, 0.9, 0.9, 0.9, 0.9, 0.9, 0.9, 0.9, 0.9, 0.9, 0.9, 0.9, 0.9, 0.9, 0.9, 0.9, 0.9, 0.9, 0.9, 0.9, 0.9, 0.9, 0.9, 0.9, 0.9, 0.9, 0.9, 0.9, 0.9, 0.9, 0.9, 0.9, 0.9]","[0.8, 0.8, 0.8, 0.8, 0.8, 0.8, 0.8, 0.8, 0.8, 0.8, 0.8, 0.8, 0.8, 0.8, 0.8, 0.8, 0.8, 0.8, 0.8, 0.8]","[-1.0, -1.0, -1.0, -1.0, -1.0, -1.0, -1.0, -1.0, -1.0, -1.0, -1.0, -1.0, -1.0, -1.0, -1.0, -1.0, -1.0, -1.0, -1.0, -1.0]",0.895,0.9,-0.8,-1.0,-0.98,0.9,0.8,-1.0
unknown,groq_llama-4-scout-17b-16e-instruct,terror,sentiwordnet,"[0.8, 0.8, 0.8, 0.8, 0.8, 0.8, 0.8, 0.8, 0.8, 0.8, 0.8, 0.8, 0.8, 0.8, 0.8, 0.8, 0.8, 0.8, 0.8, 0.8, 0.9, 0.8, 0.8, 0.8, 0.8, 0.8, 0.8, 0.8, 0.8, 0.8, 0.8, 0.8, 0.8, 0.8, 0.8, 0.8, 0.8, 0.8, 0.8, 0.8]","[0.9, 0.9, 0.9, 0.9, 0.9, 0.9, 0.9, 0.9, 0.9, 0.9, 0.9, 0.9, 0.9, 0.9, 0.8, 0.9, 0.9, 0.9, 0.9, 0.9, 0.9, 0.9, 0.9, 0.9, 0.9, 0.9, 0.9, 0.9, 0.9, 0.9, 0.9, 0.9, 0.9, 0.9, 0.9, 0.9, 0.9, 0.9, 0.9, 0.9]","[-0.8, -0.8, -0.8, -0.8, -0.8, -0.8, -0.8, -0.8, -0.8, -0.8, -0.8, -0.8, -0.8, -0.8, -0.8, -0.8, -0.8, -0.8, -0.8, -0.8]","[-0.8, -0.8, -0.8, -0.8, -0.8, -0.9, -0.9, -0.8, -0.8, -0.8, -0.8, -0.8, -0.8, -0.8, -1.0, -0.8, -0.8, -0.8, -0.8, -0.8, -1.0, -0.8, -0.8, -0.8, -0.8, -0.8, -0.8, -0.8, -0.8, -0.8, -0.8, -0.8, -0.8, -0.8, -0.8, -0.8, -0.8, -0.8, -0.8, -0.8]","[-0.8, -0.8, -0.8, -0.8, -0.8, -0.8, -0.8, -0.8, -0.8, -0.8, -0.8, -0.8, -0.8, -0.8, -0.8, -0.8, -0.8, -0.8, -0.8, -0.8]","[0.9, 0.9, 0.9, 0.9, 0.9, 0.9, 0.9, 0.9, 0.9, 0.9, 0.9, 0.9, 0.9, 0.9, 0.9, 0.9, 0.9, 0.8, 0.9, 0.9, 0.9, 0.8, 0.9, 0.9, 0.9, 0.9, 0.9, 0.9, 0.9, 0.9, 0.9, 0.9, 0.8, 0.9, 0.9, 0.9, 0.8, 0.9, 0.9, 0.9]","[0.8, 0.8, 0.8, 0.8, 0.8, 0.8, 0.8, 0.8, 0.8, 0.8, 0.8, 0.8, 0.8, 0.8, 0.8, 0.8, 0.8, 0.8, 0.8, 0.8]","[-0.8, -0.8, -0.8, -0.8, -0.8, -0.8, -0.8, -0.8, -0.8, -0.8, -0.8, -0.8, -0.8, -0.8, -0.8, -0.8, -0.8, -0.8, -0.8, -0.8]",0.8025,0.8975,-0.8,-0.815,-0.8,0.89,0.8,-0.8
unknown,groq_llama-4-scout-17b-16e-instruct,trust,cambridge,"[0.5, 0.5, 0.5, 0.5, 0.5, 0.5, 0.5, 0.5, 0.5, 0.5, 0.5, 0.5, 0.5, 0.5, 0.5, 0.5, 0.5, 0.5, 0.5, 0.5, 0.5, 0.5, 0.5, 0.5, 0.5, 0.5, 0.5, 0.5, 0.5, 0.5, 0.5, 0.5, 0.5, 0.5, 0.5, 0.5, 0.5, 0.5, 0.5, 0.5]","[0.2, 0.2, 0.2, 0.2, 0.2, 0.2, 0.2, 0.2, 0.2, 0.2, 0.2, 0.2, 0.2, 0.2, 0.2, 0.2, 0.2, 0.2, 0.2, 0.2, 0.2, 0.2, 0.2, 0.2, 0.2, 0.2, 0.2, 0.2, 0.2, 0.2, 0.2, 0.2, 0.2, 0.2, 0.2, 0.2, 0.2, 0.2, 0.2, 0.2]","[0.2, 0.2, 0.2, 0.2, 0.2, 0.2, 0.2, 0.2, 0.2, 0.2, 0.2, 0.2, 0.2, 0.2, 0.2, 0.2, 0.2, 0.2, 0.2, 0.2]","[0.8, 0.8, 0.8, 0.8, 0.8, 0.8, 0.8, 0.8, 0.8, 0.8, 0.8, 0.8, 0.8, 0.8, 0.8, 0.8, 0.8, 0.8, 0.8, 0.8, 0.8, 0.8, 0.8, 0.8, 0.8, 0.8, 0.8, 0.8, 0.8, 0.8, 0.8, 0.8, 0.8, 0.8, 0.8, 0.8, 0.8, 0.8, 0.8, 0.8]","[0.8, 0.8, 0.7, 0.8, 0.8, 0.8, 0.8, 0.7, 0.8, 0.8, 0.8, 0.7, 0.8, 0.8, 0.8, 0.7, 0.8, 0.8, 0.8, 0.8]","[0.6, 0.6, 0.6, 0.6, 0.6, 0.6, 0.6, 0.6, 0.6, 0.6, 0.6, 0.6, 0.6, 0.6, 0.6, 0.6, 0.6, 0.6, 0.6, 0.6, 0.6, 0.6, 0.6, 0.6, 0.6, 0.6, 0.6, 0.6, 0.6, 0.6, 0.6, 0.6, 0.6, 0.6, 0.6, 0.6, 0.6, 0.6, 0.6, 0.6]","[0.5, 0.5, 0.5, 0.5, 0.5, 0.5, 0.5, 0.5, 0.5, 0.5, 0.5, 0.5, 0.5, 0.5, 0.5, 0.5, 0.5, 0.5, 0.5, 0.5]","[0.8, 0.8, 0.8, 0.8, 0.8, 0.8, 0.8, 0.8, 0.8, 0.8, 0.8, 0.8, 0.8, 0.8, 0.8, 0.8, 0.8, 0.8, 0.8, 0.8]",0.5,0.2,0.2,0.8,0.78,0.6,0.5,0.8
unknown,groq_llama-4-scout-17b-16e-instruct,trust,sentiwordnet,"[0.2, 0.2, 0.2, 0.2, 0.2, 0.2, 0.3, 0.2, 0.2, 0.2, 0.2, 0.2, 0.2, 0.3, 0.2, 0.2, 0.3, 0.2, 0.2, 0.2, 0.2, 0.2, 0.2, 0.2, 0.2, 0.2, 0.2, 0.2, 0.2, 0.2, 0.2, 0.2, 0.3, 0.2, 0.2, 0.2, 0.2, 0.2, 0.2, 0.2]","[0.2, 0.2, 0.2, 0.2, 0.2, 0.2, 0.2, 0.3, 0.2, 0.2, 0.2, 0.2, 0.2, 0.2, 0.2, 0.2, 0.2, 0.2, 0.2, 0.2, 0.2, 0.2, 0.2, 0.2, 0.2, 0.2, 0.2, 0.2, 0.2, 0.2, 0.2, 0.2, 0.2, 0.2, 0.2, 0.2, 0.2, 0.2, 0.2, 0.2]","[0.2, 0.2, 0.2, 0.2, 0.2, 0.2, 0.2, 0.2, 0.2, 0.2, 0.2, 0.2, 0.2, 0.2, 0.2, 0.2, 0.2, 0.2, 0.2, 0.2]","[0.8, 0.8, 0.8, 0.8, 0.8, 0.8, 0.8, 0.8, 0.8, 0.8, 0.8, 0.8, 0.8, 0.8, 0.8, 0.8, 0.8, 0.8, 0.8, 0.8, 0.8, 0.8, 0.8, 0.8, 0.8, 0.8, 0.8, 0.8, 0.8, 0.8, 0.8, 0.8, 0.8, 0.8, 0.8, 0.8, 0.8, 0.8, 0.8, 0.8]","[0.8, 0.8, 0.7, 0.8, 0.8, 0.8, 0.8, 0.8, 0.8, 0.8, 0.7, 0.8, 0.8, 0.8, 0.8, 0.8, 0.8, 0.8, 0.8, 0.8]","[0.6, 0.6, 0.6, 0.6, 0.6, 0.6, 0.6, 0.6, 0.6, 0.6, 0.6, 0.6, 0.6, 0.6, 0.6, 0.6, 0.6, 0.6, 0.6, 0.6, 0.6, 0.6, 0.6, 0.6, 0.6, 0.6, 0.6, 0.6, 0.6, 0.6, 0.6, 0.6, 0.6, 0.6, 0.6, 0.6, 0.6, 0.6, 0.6, 0.6]","[0.3, 0.3, 0.3, 0.3, 0.3, 0.4, 0.3, 0.3, 0.4, 0.3, 0.3, 0.3, 0.3, 0.4, 0.4, 0.3, 0.2, 0.4, 0.3, 0.4]","[0.8, 0.8, 0.8, 0.8, 0.8, 0.8, 0.8, 0.8, 0.8, 0.8, 0.8, 0.8, 0.8, 0.8, 0.8, 0.8, 0.8, 0.8, 0.8, 0.8]",0.21,0.2025,0.2,0.8,0.79,0.6,0.325,0.8
unknown,groq_llama-4-scout-17b-16e-instruct,vigilance,cambridge,"[0.7, 0.6, 0.7, 0.6, 0.7, 0.6, 0.7, 0.7, 0.6, 0.7, 0.6, 0.6, 0.6, 0.7, 0.6, 0.7, 0.6, 0.7, 0.6, 0.6, 0.6, 0.7, 0.7, 0.7, 0.6, 0.6, 0.6, 0.6, 0.7, 0.7, 0.7, 0.7, 0.6, 0.6, 0.7, 0.7, 0.6, 0.6, 0.7, 0.7]","[0.6, 0.7, 0.6, 0.7, 0.7, 0.7, 0.7, 0.7, 0.7, 0.7, 0.7, 0.7, 0.7, 0.7, 0.7, 0.7, 0.7, 0.7, 0.7, 0.7, 0.7, 0.7, 0.7, 0.7, 0.7, 0.7, 0.7, 0.7, 0.7, 0.7, 0.7, 0.7, 0.6, 0.7, 0.7, 0.7, 0.7, 0.7, 0.7, 0.7]","[0.2, 0.2, 0.2, 0.2, 0.2, 0.2, 0.2, 0.2, 0.2, 0.2, 0.2, 0.2, 0.2, 0.2, 0.2, 0.2, 0.2, 0.2, 0.2, 0.2]","[-0.2, -0.2, -0.2, -0.2, -0.2, -0.2, -0.2, -0.2, -0.2, -0.2, -0.2, -0.2, -0.2, -0.2, -0.2, -0.2, -0.2, -0.2, -0.2, -0.2, -0.2, -0.2, 0.1, -0.2, -0.2, -0.2, -0.2, -0.2, -0.2, -0.2, -0.2, -0.2, -0.2, -0.2, -0.2, -0.2, -0.2, -0.2, -0.2, -0.2]","[-0.2, -0.3, -0.2, -0.2, -0.2, -0.2, -0.2, -0.2, -0.2, -0.2, -0.2, -0.2, -0.2, -0.2, -0.2, -0.2, -0.2, -0.2, -0.2, -0.2]","[0.6, 0.6, 0.6, 0.6, 0.6, 0.6, 0.6, 0.6, 0.6, 0.7, 0.6, 0.6, 0.6, 0.6, 0.6, 0.6, 0.6, 0.6, 0.6, 0.6, 0.6, 0.6, 0.6, 0.6, 0.6, 0.6, 0.6, 0.6, 0.6, 0.7, 0.6, 0.6, 0.7, 0.6, 0.6, 0.7, 0.6, 0.6, 0.6, 0.6]","[0.5, 0.7, 0.6, 0.7, 0.5, 0.6, 0.6, 0.7, 0.7, 0.7, 0.5, 0.7, 0.5, 0.7, 0.6, 0.6, 0.5, 0.7, 0.6, 0.5]","[0.0, 0.1, 0.0, 0.1, -0.2, 0.1, 0.0, -0.2, -0.2, 0.0, 0.0, -0.2, -0.2, 0.0, 0.0, -0.2, 0.0, 0.1, -0.2, -0.2]",0.65,0.6925,0.2,-0.1925,-0.205,0.61,0.61,-0.06
unknown,groq_llama-4-scout-17b-16e-instruct,vigilance,sentiwordnet,"[0.7, 0.7, 0.7, 0.7, 0.7, 0.7, 0.7, 0.7, 0.7, 0.7, 0.7, 0.7, 0.7, 0.7, 0.7, 0.7, 0.7, 0.7, 0.7, 0.7, 0.7, 0.7, 0.7, 0.7, 0.7, 0.7, 0.7, 0.7, 0.7, 0.7, 0.7, 0.7, 0.7, 0.7, 0.7, 0.7, 0.7, 0.7, 0.7, 0.7]","[0.7, 0.7, 0.7, 0.7, 0.7, 0.7, 0.7, 0.7, 0.7, 0.7, 0.7, 0.7, 0.7, 0.7, 0.7, 0.7, 0.7, 0.7, 0.7, 0.7, 0.7, 0.7, 0.7, 0.7, 0.7, 0.7, 0.7, 0.7, 0.7, 0.7, 0.7, 0.7, 0.7, 0.7, 0.7, 0.7, 0.7, 0.7, 0.7, 0.7]","[0.5, 0.5, 0.6, 0.5, 0.5, 0.5, 0.5, 0.5, 0.6, 0.5, 0.5, 0.5, 0.5, 0.6, 0.6, 0.5, 0.5, 0.5, 0.5, 0.5]","[0.2, 0.2, 0.2, 0.2, 0.2, 0.2, 0.2, 0.2, 0.2, 0.2, 0.2, 0.2, 0.2, 0.2, 0.2, 0.2, 0.2, 0.2, 0.2, 0.2, 0.2, 0.2, 0.2, 0.2, 0.2, 0.2, 0.2, 0.2, 0.2, 0.2, 0.2, 0.2, 0.2, 0.2, 0.2, 0.2, 0.2, 0.2, 0.2, 0.2]","[-0.2, -0.2, -0.2, -0.2, -0.2, -0.2, -0.2, -0.2, -0.2, -0.2, -0.2, -0.2, -0.2, -0.2, -0.2, -0.2, -0.2, -0.2, -0.2, -0.2]","[0.6, 0.6, 0.6, 0.6, 0.6, 0.6, 0.6, 0.6, 0.6, 0.6, 0.6, 0.6, 0.6, 0.6, 0.6, 0.6, 0.6, 0.6, 0.6, 0.6, 0.6, 0.6, 0.6, 0.6, 0.6, 0.6, 0.6, 0.6, 0.6, 0.6, 0.6, 0.6, 0.6, 0.6, 0.6, 0.6, 0.6, 0.6, 0.6, 0.6]","[0.5, 0.5, 0.5, 0.5, 0.5, 0.5, 0.5, 0.5, 0.5, 0.5, 0.5, 0.5, 0.5, 0.5, 0.5, 0.5, 0.5, 0.5, 0.5, 0.5]","[0.1, 0.1, 0.2, 0.2, 0.2, 0.1, 0.1, 0.1, 0.2, 0.1, 0.2, 0.2, 0.1, 0.2, 0.2, 0.2, 0.1, 0.1, 0.1, 0.1]",0.7,0.7,0.52,0.2,-0.2,0.6,0.5,0.145
unknown,openai_gpt-5-mini,acceptance,cambridge,"[0.25, 0.25, 0.25, 0.25, 0.3, 0.2, 0.25, 0.3, 0.25, 0.2, 0.25, 0.2, 0.25, 0.25, 0.2, 0.25, 0.25, 0.25, 0.25, 0.25, 0.25, 0.25, 0.25, 0.3, 0.3, 0.25, 0.25, 0.25, 0.25, 0.2, 0.25, 0.25, 0.25, 0.25, 0.2, 0.2, 0.25, 0.25, 0.25, 0.25]","[0.3, 0.35, 0.25, 0.35, 0.35, 0.25, 0.3, 0.35, 0.35, 0.35, 0.35, 0.25, 0.35, 0.35, 0.3, 0.3, 0.3, 0.35, 0.25, 0.33, 0.35, 0.3, 0.3, 0.35, 0.35, 0.3, 0.25, 0.35, 0.35, 0.25, 0.3, 0.35, 0.25, 0.25, 0.35, 0.28, 0.3, 0.25, 0.35, 0.35]","[0.3, 0.15, 0.2, 0.2, 0.3, 0.2, 0.3, -0.2, 0.2, 0.2, 0.4, 0.35, 0.3, -0.2, 0.2, 0.25, 0.3, 0.1, 0.2, 0.3]","[0.75, 0.6, 0.7, 0.7, 0.75, 0.7, 0.75, 0.8, 0.7, 0.7, 0.7, 0.7, 0.75, 0.7, 0.7, 0.6, 0.8, 0.7, 0.6, 0.75, 0.8, 0.7, 0.7, 0.8, 0.7, 0.7, 0.8, 0.7, 0.65, 0.6, 0.7, 0.7, 0.7, 0.7, 0.7, 0.75, 0.7, 0.7, 0.6, 0.7]","[0.7, 0.7, 0.5, 0.7, 0.6, 0.7, 0.8, 0.7, 0.8, 0.7, 0.75, 0.7, 0.7, 0.75, 0.7, 0.75, 0.7, 0.7, 0.75, 0.7]","[0.35, 0.35, 0.35, 0.45, 0.4, 0.35, 0.35, 0.35, 0.4, 0.35, 0.45, 0.35, 0.35, 0.35, 0.35, 0.35, 0.35, 0.4, 0.45, 0.35, 0.35, 0.35, 0.35, 0.35, 0.4, 0.35, 0.35, 0.35, 0.35, 0.45, 0.35, 0.35, 0.4, 0.35, 0.35, 0.35, 0.35, 0.3, 0.4, 0.35]","[0.3, 0.3, 0.2, 0.3, 0.3, 0.25, 0.2, 0.23, 0.2, 0.2, 0.25, 0.25, 0.35, 0.35, 0.25, 0.3, 0.25, 0.2, 0.3, 0.2]","[0.8, 0.7, 0.7, 0.75, 0.75, 0.75, 0.8, 0.7, 0.75, 0.8, 0.7, 0.7, 0.85, 0.8, 0.75, 0.7, 0.7, 0.75, 0.7, 0.75]",0.2462,0.3127,0.2025,0.7062,0.705,0.3662,0.259,0.745
unknown,openai_gpt-5-mini,admiration,cambridge,"[0.5, 0.45, 0.45, 0.4, 0.45, 0.45, 0.4, 0.5, 0.45, 0.35, 0.45, 0.5, 0.45, 0.4, 0.45, 0.5, 0.45, 0.4, 0.5, 0.35, 0.45, 0.35, 0.45, 0.35, 0.4, 0.45, 0.45, 0.35, 0.4, 0.35, 0.4, 0.35, 0.45, 0.45, 0.4, 0.5, 0.35, 0.45, 0.55, 0.45]","[0.6, 0.65, 0.65, 0.65, 0.55, 0.55, 0.6, 0.6, 0.45, 0.55, 0.65, 0.6, 0.65, 0.65, 0.5, 0.65, 0.6, 0.6, 0.6, 0.65, 0.6, 0.6, 0.65, 0.6, 0.55, 0.6, 0.65, 0.6, 0.5, 0.6, 0.6, 0.6, 0.6, 0.6, 0.55, 0.65, 0.55, 0.45, 0.65, 0.55]","[-0.4, -0.3, -0.4, -0.3, -0.3, -0.25, -0.3, -0.3, -0.3, -0.3, -0.3, -0.2, -0.4, -0.4, -0.3, -0.3, -0.3, -0.25, -0.3, -0.3]","[0.8, 0.7, 0.8, 0.8, 0.8, 0.85, 0.8, 0.8, 0.8, 0.8, 0.8, 0.8, 0.85, 0.8, 0.85, 0.8, 0.8, 0.8, 0.8, 0.8, 0.8, 0.8, 0.8, 0.8, 0.8, 0.8, 0.85, 0.8, 0.8, 0.8, 0.85, 0.8, 0.8, 0.8, 0.8, 0.8, 0.8, 0.85, 0.8, 0.8]","[0.7, 0.7, 0.8, 0.7, 0.8, 0.75, 0.8, 0.7, 0.8, 0.7, 0.75, 0.7, 0.7, 0.7, 0.7, 0.8, 0.7, 0.75, 0.8, 0.7]","[0.45, 0.45, 0.35, 0.45, 0.35, 0.45, 0.4, 0.4, 0.35, 0.45, 0.4, 0.6, 0.6, 0.35, 0.4, 0.6, 0.35, 0.6, 0.45, 0.35, 0.5, 0.55, 0.45, 0.55, 0.45, 0.5, 0.3, 0.4, 0.45, 0.45, 0.6, 0.4, 0.45, 0.6, 0.6, 0.45, 0.45, 0.45, 0.6, 0.6]","[0.45, 0.35, 0.35, 0.35, 0.45, 0.5, 0.4, 0.3, 0.3, 0.35, 0.4, 0.32, 0.6, 0.65, 0.4, 0.7, 0.35, 0.4, 0.4, 0.3]","[0.8, 0.75, 0.85, 0.8, 0.8, 0.8, 0.8, 0.8, 0.8, 0.8, 0.8, 0.8, 0.8, 0.75, 0.8, 0.8, 0.8, 0.75, 0.8, 0.8]",0.43,0.5938,-0.31,0.805,0.7375,0.465,0.416,0.795
unknown,openai_gpt-5-mini,aggressiveness,cambridge,"[0.7, 0.75, 0.7, 0.75, 0.7, 0.7, 0.7, 0.65, 0.7, 0.7, 0.7, 0.7, 0.75, 0.75, 0.65, 0.7, 0.75, 0.7, 0.7, 0.7, 0.7, 0.75, 0.7, 0.7, 0.7, 0.72, 0.75, 0.75, 0.7, 0.7, 0.75, 0.65, 0.7, 0.65, 0.7, 0.7, 0.75, 0.75, 0.7, 0.7]","[0.7, 0.75, 0.75, 0.75, 0.7, 0.7, 0.75, 0.75, 0.75, 0.75, 0.7, 0.7, 0.75, 0.75, 0.75, 0.8, 0.75, 0.75, 0.7, 0.75, 0.72, 0.75, 0.7, 0.75, 0.75, 0.75, 0.75, 0.7, 0.75, 0.7, 0.75, 0.75, 0.7, 0.75, 0.75, 0.7, 0.7, 0.75, 0.75, 0.75]","[0.7, 0.7, 0.6, 0.65, 0.7, 0.6, 0.5, 0.4, 0.7, 0.6, 0.7, 0.6, 0.7, 0.7, 0.6, 0.7, 0.6, 0.7, 0.7, 0.6]","[-0.85, -0.85, -0.85, -0.8, -0.8, -0.85, -0.85, -0.8, -0.85, -0.9, -0.8, -0.8, -0.9, -0.9, -0.8, -0.9, -0.9, -0.85, -0.9, -0.85, -0.85, -0.85, -0.85, -0.85, -0.85, -0.8, -0.85, -0.85, -0.85, -0.9, -0.85, -0.85, -0.85, -0.85, -0.8, -0.85, -0.8, -0.9, -0.85, -0.85]","[-0.7, -0.7, -0.7, -0.7, -0.7, -0.7, -0.7, -0.7, -0.7, -0.7, -0.75, -0.7, -0.7, -0.8, -0.7, -0.8, -0.75, -0.8, -0.7, -0.6]","[0.9, 0.85, 0.85, 0.85, 0.85, 0.85, 0.85, 0.8, 0.85, 0.85, 0.85, 0.85, 0.8, 0.85, 0.85, 0.85, 0.85, 0.8, 0.85, 0.85, 0.8, 0.85, 0.85, 0.85, 0.85, 0.85, 0.8, 0.85, 0.85, 0.85, 0.85, 0.85, 0.8, 0.85, 0.85, 0.8, 0.9, 0.85, 0.85, 0.85]","[0.7, 0.65, 0.65, 0.7, 0.65, 0.65, 0.65, 0.6, 0.65, 0.7, 0.7, 0.7, 0.6, 0.7, 0.65, 0.7, 0.6, 0.65, 0.7, 0.65]","[-0.8, -0.85, -0.85, -0.85, -0.9, -0.8, -0.8, -0.85, -0.8, -0.85, -0.85, -0.75, -0.85, -0.8, -0.8, -0.8, -0.8, -0.8, -0.8, -0.8]",0.7092,0.7355,0.6375,-0.8488,-0.715,0.8438,0.6625,-0.82
unknown,openai_gpt-5-mini,amazement,cambridge,"[0.85, 0.85, 0.8, 0.85, 0.8, 0.8, 0.8, 0.8, 0.8, 0.85, 0.85, 0.85, 0.8, 0.8, 0.8, 0.85, 0.85, 0.85, 0.8, 0.8, 0.85, 0.75, 0.8, 0.8, 0.85, 0.85, 0.8, 0.85, 0.85, 0.8, 0.8, 0.85, 0.85, 0.8, 0.8, 0.85, 0.8, 0.8, 0.85, 0.8]","[0.85, 0.85, 0.9, 0.85, 0.85, 0.85, 0.85, 0.85, 0.85, 0.85, 0.85, 0.9, 0.85, 0.9, 0.85, 0.85, 0.85, 0.9, 0.85, 0.85, 0.85, 0.85, 0.9, 0.85, 0.9, 0.9, 0.9, 0.9, 0.85, 0.85, 0.85, 0.85, 0.85, 0.85, 0.85, 0.85, 0.85, 0.85, 0.85, 0.85]","[-0.5, -0.6, -0.5, -0.4, -0.48, -0.35, -0.6, -0.4, -0.6, -0.4, -0.4, -0.4, -0.4, -0.3, -0.6, -0.4, -0.6, -0.4, -0.4, -0.6]","[0.5, 0.6, 0.6, 0.6, 0.7, 0.6, 0.7, 0.7, 0.4, 0.6, 0.5, 0.7, 0.7, 0.4, 0.6, 0.6, 0.5, 0.6, 0.65, 0.7, 0.7, 0.6, 0.6, 0.7, 0.7, 0.7, 0.7, 0.7, 0.6, 0.4, 0.6, 0.6, 0.5, 0.5, 0.5, 0.7, 0.5, 0.6, 0.6, 0.3]","[0.7, 0.7, 0.7, 0.7, 0.7, 0.6, 0.7, 0.6, 0.7, 0.7, 0.5, 0.7, 0.65, 0.6, 0.6, 0.7, 0.6, 0.4, 0.4, 0.6]","[0.45, 0.3, 0.65, 0.35, 0.6, 0.6, 0.3, 0.35, 0.25, 0.35, 0.35, 0.35, 0.45, 0.4, 0.35, 0.35, 0.25, 0.35, 0.35, 0.3, 0.35, 0.35, 0.35, 0.35, 0.45, 0.35, 0.3, 0.7, 0.3, 0.4, 0.6, 0.35, 0.35, 0.3, 0.35, 0.45, 0.3, 0.25, 0.45, 0.35]","[0.85, 0.9, 0.85, 0.85, 0.85, 0.85, 0.85, 0.8, 0.85, 0.9, 0.85, 0.85, 0.85, 0.9, 0.85, 0.9, 0.85, 0.85, 0.9, 0.85]","[0.5, 0.4, 0.5, 0.4, 0.5, 0.6, 0.3, 0.6, 0.6, 0.6, 0.6, 0.7, 0.6, 0.4, 0.5, 0.3, 0.6, 0.6, 0.5, 0.6]",0.8213,0.8613,-0.4665,0.5938,0.6275,0.3837,0.86,0.52
unknown,openai_gpt-5-mini,anger,cambridge,"[0.8, 0.8, 0.78, 0.75, 0.8, 0.75, 0.85, 0.8, 0.8, 0.8, 0.8, 0.8, 0.75, 0.8, 0.7, 0.85, 0.75, 0.8, 0.8, 0.8, 0.8, 0.8, 0.8, 0.8, 0.75, 0.8, 0.75, 0.75, 0.8, 0.8, 0.8, 0.8, 0.8, 0.8, 0.8, 0.8, 0.75, 0.75, 0.8, 0.85]","[0.8, 0.8, 0.8, 0.8, 0.8, 0.8, 0.8, 0.85, 0.8, 0.8, 0.8, 0.8, 0.85, 0.8, 0.85, 0.8, 0.8, 0.8, 0.8, 0.8, 0.8, 0.8, 0.8, 0.8, 0.8, 0.8, 0.85, 0.85, 0.8, 0.8, 0.8, 0.75, 0.8, 0.8, 0.8, 0.8, 0.8, 0.85, 0.8, 0.8]","[0.3, 0.6, 0.4, 0.4, 0.4, 0.6, 0.5, 0.4, 0.6, 0.4, 0.5, 0.6, 0.6, 0.6, 0.5, 0.5, 0.5, 0.6, 0.3, 0.6]","[-0.8, -0.8, -0.9, -0.85, -0.9, -0.85, -0.85, -0.85, -0.85, -0.85, -0.85, -0.9, -0.85, -0.9, -0.85, -0.85, -0.8, -0.9, -0.9, -0.8, -0.85, -0.8, -0.8, -0.9, -0.9, -0.85, -0.9, -0.85, -0.8, -0.9, -0.85, -0.85, -0.9, -0.8, -0.9, -0.9, -0.9, -0.8, -0.9, -0.8]","[-0.8, -0.8, -0.8, -0.9, -0.75, -0.8, -0.8, -0.85, -0.8, -0.8, -0.85, -0.8, -0.8, -0.8, -0.8, -0.8, -0.8, -0.8, -0.7, -0.8]","[0.8, 0.8, 0.8, 0.85, 0.75, 0.8, 0.8, 0.75, 0.8, 0.75, 0.8, 0.8, 0.78, 0.8, 0.75, 0.75, 0.8, 0.75, 0.8, 0.8, 0.78, 0.82, 0.75, 0.8, 0.85, 0.8, 0.78, 0.8, 0.78, 0.8, 0.8, 0.8, 0.85, 0.8, 0.7, 0.8, 0.8, 0.8, 0.8, 0.8]","[0.65, 0.6, 0.6, 0.45, 0.6, 0.65, 0.65, 0.6, 0.65, 0.5, 0.65, 0.7, 0.65, 0.65, 0.65, 0.65, 0.6, 0.45, 0.45, 0.4]","[-0.75, -0.8, -0.8, -0.7, -0.75, -0.8, -0.8, -0.7, -0.8, -0.8, -0.8, -0.8, -0.8, -0.8, -0.8, -0.8, -0.75, -0.8, -0.8, -0.75]",0.7895,0.8063,0.495,-0.8562,-0.8025,0.791,0.59,-0.78
unknown,openai_gpt-5-mini,annoyance,cambridge,"[0.45, 0.45, 0.35, 0.45, 0.35, 0.45, 0.45, 0.45, 0.35, 0.35, 0.35, 0.45, 0.35, 0.35, 0.35, 0.35, 0.45, 0.4, 0.4, 0.45, 0.35, 0.45, 0.45, 0.35, 0.35, 0.45, 0.35, 0.35, 0.4, 0.45, 0.4, 0.35, 0.35, 0.35, 0.4, 0.35, 0.35, 0.55, 0.45, 0.4]","[0.5, 0.45, 0.5, 0.45, 0.45, 0.45, 0.55, 0.45, 0.45, 0.45, 0.55, 0.5, 0.5, 0.45, 0.5, 0.5, 0.55, 0.5, 0.45, 0.45, 0.55, 0.5, 0.55, 0.45, 0.5, 0.45, 0.55, 0.45, 0.45, 0.6, 0.45, 0.55, 0.45, 0.6, 0.45, 0.45, 0.55, 0.45, 0.55, 0.5]","[-0.35, -0.3, -0.4, -0.35, -0.15, -0.3, -0.25, -0.4, -0.3, -0.2, -0.15, -0.3, -0.25, -0.3, -0.25, -0.3, -0.3, -0.4, -0.3, -0.3]","[-0.6, -0.6, -0.6, -0.6, -0.7, -0.6, -0.6, -0.7, -0.7, -0.6, -0.6, -0.6, -0.7, -0.6, -0.6, -0.7, -0.7, -0.6, -0.6, -0.6, -0.7, -0.6, -0.6, -0.6, -0.6, -0.6, -0.6, -0.7, -0.6, -0.6, -0.6, -0.6, -0.6, -0.6, -0.7, -0.7, -0.6, -0.5, -0.6, -0.65]","[-0.6, -0.6, -0.6, -0.6, -0.6, -0.6, -0.5, -0.6, -0.5, -0.5, -0.6, -0.6, -0.6, -0.6, -0.6, -0.6, -0.6, -0.6, -0.6, -0.5]","[0.35, 0.35, 0.35, 0.4, 0.35, 0.4, 0.42, 0.45, 0.35, 0.4, 0.35, 0.35, 0.4, 0.4, 0.35, 0.35, 0.45, 0.4, 0.4, 0.45, 0.45, 0.35, 0.35, 0.4, 0.35, 0.4, 0.35, 0.35, 0.35, 0.35, 0.35, 0.35, 0.4, 0.35, 0.4, 0.35, 0.4, 0.35, 0.35, 0.35]","[0.6, 0.6, 0.45, 0.5, 0.4, 0.45, 0.5, 0.35, 0.55, 0.5, 0.45, 0.4, 0.45, 0.3, 0.35, 0.6, 0.35, 0.6, 0.6, 0.6]","[-0.5, -0.6, -0.6, -0.6, -0.6, -0.6, -0.6, -0.6, -0.65, -0.6, -0.6, -0.6, -0.6, -0.6, -0.6, -0.6, -0.6, -0.5, -0.6, -0.6]",0.3975,0.4925,-0.2925,-0.6238,-0.58,0.3767,0.48,-0.5925
unknown,openai_gpt-5-mini,anticipation,cambridge,"[0.65, 0.6, 0.6, 0.65, 0.6, 0.6, 0.65, 0.6, 0.6, 0.65, 0.6, 0.6, 0.6, 0.6, 0.65, 0.6, 0.6, 0.65, 0.6, 0.6, 0.7, 0.6, 0.6, 0.6, 0.65, 0.5, 0.6, 0.6, 0.6, 0.65, 0.6, 0.7, 0.65, 0.65, 0.7, 0.7, 0.6, 0.65, 0.65, 0.65]","[0.7, 0.65, 0.65, 0.7, 0.7, 0.7, 0.65, 0.7, 0.7, 0.7, 0.7, 0.65, 0.65, 0.7, 0.65, 0.75, 0.7, 0.7, 0.7, 0.65, 0.65, 0.65, 0.65, 0.65, 0.65, 0.65, 0.7, 0.65, 0.65, 0.7, 0.65, 0.7, 0.7, 0.7, 0.7, 0.65, 0.75, 0.7, 0.7, 0.7]","[0.4, 0.2, 0.15, 0.25, 0.2, 0.15, 0.15, 0.3, 0.2, 0.2, 0.2, 0.25, 0.15, 0.2, 0.2, 0.2, 0.3, -0.2, 0.3, 0.2]","[0.6, 0.7, 0.5, 0.7, 0.7, 0.7, 0.7, 0.7, 0.7, 0.6, 0.7, 0.7, 0.6, 0.6, 0.6, 0.6, 0.6, 0.7, 0.6, 0.75, 0.7, 0.7, 0.6, 0.7, 0.7, 0.7, 0.7, 0.7, 0.6, 0.7, 0.7, 0.6, 0.7, 0.7, 0.7, 0.7, 0.6, 0.7, 0.7, 0.7]","[0.7, 0.7, 0.7, 0.65, 0.6, 0.7, 0.6, 0.7, 0.6, 0.7, 0.6, 0.7, 0.7, 0.7, 0.7, 0.6, 0.6, 0.7, 0.7, 0.7]","[0.5, 0.45, 0.6, 0.6, 0.55, 0.6, 0.6, 0.6, 0.5, 0.6, 0.55, 0.6, 0.55, 0.6, 0.6, 0.55, 0.6, 0.55, 0.5, 0.6, 0.6, 0.58, 0.55, 0.55, 0.6, 0.5, 0.6, 0.6, 0.5, 0.6, 0.6, 0.6, 0.6, 0.6, 0.6, 0.55, 0.5, 0.6, 0.6, 0.5]","[0.35, 0.35, 0.3, 0.35, 0.4, 0.35, 0.4, 0.3, 0.5, 0.3, 0.4, 0.3, 0.35, 0.35, 0.4, 0.2, 0.6, 0.5, 0.35, 0.35]","[0.7, 0.7, 0.7, 0.6, 0.6, 0.6, 0.7, 0.7, 0.7, 0.6, 0.7, 0.7, 0.7, 0.7, 0.7, 0.7, 0.7, 0.7, 0.7, 0.6]",0.6237,0.6812,0.2,0.6662,0.6675,0.5683,0.37,0.675
unknown,openai_gpt-5-mini,apprehension,cambridge,"[0.45, 0.45, 0.4, 0.5, 0.45, 0.55, 0.45, 0.45, 0.45, 0.45, 0.45, 0.45, 0.45, 0.5, 0.45, 0.45, 0.5, 0.45, 0.45, 0.4, 0.5, 0.45, 0.6, 0.5, 0.45, 0.45, 0.45, 0.45, 0.45, 0.6, 0.45, 0.45, 0.45, 0.45, 0.45, 0.45, 0.5, 0.55, 0.45, 0.5]","[0.6, 0.65, 0.65, 0.6, 0.6, 0.6, 0.55, 0.6, 0.6, 0.65, 0.6, 0.65, 0.6, 0.65, 0.6, 0.6, 0.6, 0.6, 0.6, 0.65, 0.55, 0.6, 0.6, 0.6, 0.6, 0.6, 0.65, 0.6, 0.65, 0.6, 0.6, 0.6, 0.6, 0.65, 0.65, 0.6, 0.65, 0.65, 0.65, 0.65]","[-0.5, -0.6, -0.6, -0.5, -0.4, -0.5, -0.6, -0.6, -0.6, -0.7, -0.7, -0.5, -0.6, -0.6, -0.6, -0.6, -0.65, -0.6, -0.6, -0.6]","[-0.7, -0.7, -0.6, -0.75, -0.7, -0.7, -0.7, -0.7, -0.7, -0.7, -0.6, -0.7, -0.7, -0.7, -0.8, -0.65, -0.6, -0.7, -0.6, -0.7, -0.7, -0.7, -0.6, -0.7, -0.7, -0.6, -0.65, -0.7, -0.7, -0.7, -0.7, -0.6, -0.6, -0.7, -0.7, -0.7, -0.7, -0.7, -0.7, -0.7]","[-0.6, -0.6, -0.6, -0.7, -0.6, -0.6, -0.6, -0.65, -0.6, -0.6, -0.6, -0.7, -0.6, -0.65, -0.6, -0.7, -0.6, -0.7, -0.6, -0.6]","[0.45, 0.4, 0.5, 0.45, 0.45, 0.35, 0.45, 0.45, 0.4, 0.35, 0.5, 0.35, 0.35, 0.45, 0.45, 0.45, 0.35, 0.45, 0.45, 0.4, 0.45, 0.45, 0.4, 0.45, 0.45, 0.45, 0.45, 0.45, 0.45, 0.4, 0.45, 0.45, 0.4, 0.35, 0.45, 0.45, 0.45, 0.35, 0.4, 0.45]","[0.7, 0.65, 0.7, 0.7, 0.72, 0.7, 0.7, 0.7, 0.75, 0.7, 0.7, 0.75, 0.72, 0.7, 0.65, 0.7, 0.7, 0.7, 0.75, 0.75]","[-0.6, -0.6, -0.65, -0.6, -0.6, -0.6, -0.6, -0.6, -0.6, -0.6, -0.6, -0.6, -0.6, -0.6, -0.6, -0.6, -0.65, -0.65, -0.6, -0.6]",0.4687,0.615,-0.5825,-0.6812,-0.625,0.4262,0.707,-0.6075
unknown,openai_gpt-5-mini,awe,cambridge,"[0.65, 0.7, 0.55, 0.65, 0.6, 0.65, 0.65, 0.6, 0.6, 0.6, 0.6, 0.65, 0.65, 0.6, 0.65, 0.65, 0.62, 0.6, 0.65, 0.6, 0.7, 0.65, 0.6, 0.65, 0.6, 0.65, 0.6, 0.65, 0.6, 0.65, 0.6, 0.7, 0.6, 0.6, 0.65, 0.7, 0.6, 0.6, 0.6, 0.65]","[0.78, 0.75, 0.75, 0.75, 0.8, 0.75, 0.7, 0.75, 0.7, 0.7, 0.7, 0.75, 0.75, 0.8, 0.7, 0.7, 0.7, 0.75, 0.75, 0.75, 0.75, 0.75, 0.7, 0.7, 0.7, 0.7, 0.75, 0.75, 0.7, 0.75, 0.75, 0.75, 0.75, 0.7, 0.75, 0.75, 0.75, 0.7, 0.75, 0.75]","[-0.5, -0.6, -0.6, -0.6, -0.6, -0.7, -0.65, -0.6, -0.6, -0.7, -0.6, -0.6, -0.6, -0.6, -0.6, -0.45, -0.6, -0.6, -0.6, -0.6]","[0.6, 0.6, 0.6, 0.5, 0.35, 0.5, 0.6, 0.5, 0.6, 0.5, 0.45, 0.7, 0.5, 0.4, 0.5, 0.4, 0.5, 0.5, 0.5, 0.6, 0.6, 0.4, 0.5, 0.6, 0.6, 0.5, 0.3, 0.4, 0.6, 0.6, 0.6, 0.7, 0.5, 0.6, 0.25, 0.6, 0.5, 0.5, 0.4, 0.4]","[0.35, 0.45, 0.6, 0.5, 0.35, 0.4, 0.5, 0.4, 0.4, 0.4, 0.4, 0.4, 0.4, 0.5, 0.5, 0.4, 0.45, 0.5, 0.45, 0.6]","[0.35, 0.4, 0.35, 0.35, 0.35, 0.25, 0.3, 0.3, 0.7, 0.65, 0.65, 0.7, 0.3, 0.8, 0.65, 0.35, 0.35, 0.3, 0.35, 0.35, 0.3, 0.72, 0.35, 0.35, 0.7, 0.7, 0.75, 0.35, 0.25, 0.25, 0.35, 0.6, 0.35, 0.35, 0.6, 0.35, 0.7, 0.35, 0.3, 0.3]","[0.75, 0.8, 0.7, 0.8, 0.75, 0.75, 0.8, 0.75, 0.7, 0.8, 0.75, 0.75, 0.75, 0.75, 0.75, 0.8, 0.7, 0.8, 0.75, 0.75]","[0.5, 0.3, 0.4, 0.35, 0.6, 0.5, 0.4, 0.5, 0.3, 0.3, 0.3, 0.4, 0.3, 0.3, 0.4, 0.35, 0.3, 0.4, 0.4, 0.4]",0.6293,0.7357,-0.6,0.5138,0.4475,0.4442,0.7575,0.385
unknown,openai_gpt-5-mini,boredom,cambridge,"[0.2, 0.25, 0.2, 0.25, 0.2, 0.2, 0.25, 0.2, 0.25, 0.2, 0.15, 0.2, 0.25, 0.25, 0.15, 0.2, 0.2, 0.25, 0.25, 0.3, 0.2, 0.25, 0.25, 0.2, 0.25, 0.25, 0.25, 0.25, 0.2, 0.2, 0.2, 0.2, 0.25, 0.25, 0.2, 0.2, 0.25, 0.2, 0.2, 0.2]","[0.2, 0.25, 0.25, 0.25, 0.25, 0.25, 0.25, 0.25, 0.25, 0.25, 0.25, 0.2, 0.25, 0.25, 0.25, 0.25, 0.25, 0.25, 0.25, 0.25, 0.25, 0.3, 0.3, 0.3, 0.25, 0.25, 0.25, 0.25, 0.25, 0.25, 0.3, 0.25, 0.2, 0.25, 0.2, 0.25, 0.2, 0.25, 0.25, 0.25]","[-0.3, -0.4, -0.3, -0.4, -0.4, -0.5, -0.4, -0.35, -0.4, -0.4, -0.5, -0.3, -0.4, -0.4, -0.4, -0.4, -0.3, -0.4, -0.4, -0.3]","[-0.6, -0.6, -0.6, -0.6, -0.6, -0.65, -0.6, -0.7, -0.7, -0.7, -0.6, -0.6, -0.6, -0.7, -0.65, -0.6, -0.6, -0.6, -0.6, -0.6, -0.6, -0.7, -0.7, -0.6, -0.6, -0.6, -0.6, -0.7, -0.6, -0.6, -0.6, -0.6, -0.6, -0.6, -0.6, -0.7, -0.6, -0.6, -0.6, -0.6]","[-0.6, -0.5, -0.65, -0.6, -0.6, -0.6, -0.6, -0.6, -0.6, -0.6, -0.5, -0.6, -0.6, -0.5, -0.5, -0.6, -0.6, -0.6, -0.6, -0.6]","[0.25, 0.25, 0.25, 0.25, 0.2, 0.25, 0.25, 0.3, 0.25, 0.25, 0.3, 0.25, 0.25, 0.25, 0.25, 0.3, 0.25, 0.25, 0.25, 0.25, 0.2, 0.25, 0.25, 0.2, 0.25, 0.25, 0.25, 0.25, 0.25, 0.25, 0.25, 0.25, 0.25, 0.2, 0.25, 0.25, 0.2, 0.25, 0.25, 0.25]","[0.25, 0.2, 0.2, 0.25, 0.2, 0.25, 0.3, 0.25, 0.2, 0.2, 0.25, 0.25, 0.2, 0.2, 0.2, 0.25, 0.2, 0.25, 0.2, 0.2]","[-0.5, -0.5, -0.6, -0.5, -0.6, -0.6, -0.5, -0.5, -0.6, -0.6, -0.6, -0.5, -0.6, -0.5, -0.5, -0.6, -0.6, -0.6, -0.5, -0.6]",0.2213,0.2487,-0.3825,-0.6225,-0.5825,0.2475,0.225,-0.555
unknown,openai_gpt-5-mini,contempt,cambridge,"[0.35, 0.4, 0.4, 0.35, 0.3, 0.3, 0.3, 0.4, 0.35, 0.35, 0.45, 0.35, 0.35, 0.4, 0.35, 0.4, 0.35, 0.35, 0.35, 0.35, 0.45, 0.45, 0.45, 0.35, 0.35, 0.35, 0.35, 0.35, 0.35, 0.35, 0.35, 0.35, 0.4, 0.35, 0.35, 0.35, 0.4, 0.35, 0.35, 0.35]","[0.4, 0.45, 0.45, 0.45, 0.35, 0.35, 0.35, 0.45, 0.4, 0.3, 0.45, 0.45, 0.45, 0.45, 0.45, 0.45, 0.35, 0.35, 0.35, 0.45, 0.45, 0.35, 0.37, 0.4, 0.45, 0.4, 0.35, 0.45, 0.45, 0.45, 0.45, 0.45, 0.4, 0.35, 0.45, 0.45, 0.4, 0.45, 0.35, 0.35]","[0.6, 0.6, 0.7, 0.7, 0.6, 0.6, 0.7, 0.6, 0.7, 0.5, 0.7, 0.7, 0.6, 0.7, 0.5, 0.6, 0.4, 0.7, 0.7, 0.7]","[-0.85, -0.8, -0.8, -0.75, -0.8, -0.8, -0.8, -0.7, -0.9, -0.7, -0.8, -0.7, -0.85, -0.85, -0.9, -0.8, -0.8, -0.8, -0.85, -0.75, -0.8, -0.75, -0.8, -0.85, -0.85, -0.7, -0.8, -0.85, -0.85, -0.8, -0.85, -0.8, -0.85, -0.75, -0.75, -0.8, -0.8, -0.8, -0.8, -0.75]","[-0.7, -0.6, -0.7, -0.6, -0.7, -0.7, -0.7, -0.7, -0.7, -0.7, -0.7, -0.6, -0.65, -0.7, -0.7, -0.75, -0.7, -0.7, -0.7, -0.6]","[0.7, 0.75, 0.65, 0.7, 0.7, 0.75, 0.7, 0.7, 0.7, 0.65, 0.75, 0.65, 0.78, 0.7, 0.75, 0.75, 0.7, 0.7, 0.7, 0.7, 0.7, 0.7, 0.75, 0.7, 0.75, 0.65, 0.7, 0.7, 0.75, 0.75, 0.75, 0.75, 0.75, 0.75, 0.7, 0.65, 0.6, 0.7, 0.75, 0.7]","[0.25, 0.25, 0.3, 0.25, 0.3, 0.28, 0.3, 0.25, 0.3, 0.3, 0.3, 0.25, 0.25, 0.2, 0.35, 0.35, 0.3, 0.35, 0.35, 0.25]","[-0.7, -0.7, -0.75, -0.75, -0.7, -0.7, -0.7, -0.75, -0.7, -0.7, -0.7, -0.75, -0.75, -0.75, -0.6, -0.7, -0.75, -0.7, -0.7, -0.7]",0.365,0.4092,0.63,-0.8,-0.68,0.7107,0.2865,-0.7125
unknown,openai_gpt-5-mini,disappointment,cambridge,"[0.25, 0.35, 0.35, 0.35, 0.35, 0.35, 0.35, 0.35, 0.35, 0.4, 0.35, 0.35, 0.35, 0.35, 0.35, 0.4, 0.4, 0.3, 0.35, 0.35, 0.35, 0.35, 0.35, 0.4, 0.3, 0.45, 0.35, 0.35, 0.35, 0.45, 0.35, 0.4, 0.35, 0.3, 0.35, 0.35, 0.35, 0.35, 0.35, 0.35]","[0.45, 0.35, 0.35, 0.35, 0.35, 0.35, 0.35, 0.4, 0.35, 0.35, 0.35, 0.45, 0.35, 0.35, 0.35, 0.35, 0.35, 0.35, 0.35, 0.35, 0.35, 0.35, 0.35, 0.35, 0.35, 0.35, 0.35, 0.35, 0.35, 0.35, 0.35, 0.35, 0.35, 0.35, 0.35, 0.35, 0.35, 0.35, 0.4, 0.35]","[-0.4, -0.3, -0.43, -0.5, -0.4, -0.45, -0.5, -0.4, -0.4, -0.5, -0.4, -0.45, -0.5, -0.5, -0.4, -0.5, -0.5, -0.4, -0.5, -0.4]","[-0.6, -0.6, -0.7, -0.6, -0.7, -0.7, -0.6, -0.7, -0.65, -0.6, -0.7, -0.6, -0.6, -0.7, -0.7, -0.6, -0.6, -0.7, -0.7, -0.65, -0.6, -0.7, -0.7, -0.6, -0.7, -0.6, -0.6, -0.7, -0.7, -0.6, -0.65, -0.6, -0.7, -0.7, -0.65, -0.65, -0.7, -0.7, -0.65, -0.7]","[-0.6, -0.6, -0.6, -0.6, -0.6, -0.6, -0.6, -0.6, -0.65, -0.6, -0.6, -0.6, -0.6, -0.6, -0.6, -0.6, -0.6, -0.6, -0.7, -0.6]","[0.35, 0.35, 0.4, 0.35, 0.4, 0.35, 0.4, 0.35, 0.35, 0.35, 0.35, 0.35, 0.38, 0.35, 0.35, 0.35, 0.35, 0.35, 0.35, 0.35, 0.35, 0.35, 0.3, 0.45, 0.35, 0.4, 0.45, 0.35, 0.45, 0.35, 0.35, 0.4, 0.4, 0.35, 0.3, 0.35, 0.35, 0.4, 0.35, 0.35]","[0.35, 0.4, 0.35, 0.4, 0.4, 0.3, 0.45, 0.35, 0.35, 0.35, 0.35, 0.35, 0.4, 0.3, 0.35, 0.35, 0.4, 0.3, 0.3, 0.7]","[-0.7, -0.6, -0.7, -0.6, -0.6, -0.6, -0.6, -0.65, -0.6, -0.6, -0.6, -0.6, -0.7, -0.6, -0.6, -0.6, -0.6, -0.6, -0.6, -0.6]",0.355,0.3575,-0.4415,-0.655,-0.6075,0.3645,0.375,-0.6175
unknown,openai_gpt-5-mini,disgust,cambridge,"[0.6, 0.45, 0.55, 0.7, 0.45, 0.45, 0.6, 0.4, 0.55, 0.55, 0.45, 0.6, 0.65, 0.45, 0.55, 0.45, 0.6, 0.5, 0.45, 0.6, 0.35, 0.45, 0.45, 0.4, 0.45, 0.5, 0.35, 0.45, 0.45, 0.35, 0.4, 0.6, 0.6, 0.5, 0.45, 0.6, 0.65, 0.4, 0.65, 0.35]","[0.7, 0.55, 0.6, 0.6, 0.7, 0.6, 0.6, 0.65, 0.65, 0.55, 0.6, 0.6, 0.55, 0.65, 0.65, 0.65, 0.65, 0.45, 0.65, 0.6, 0.65, 0.65, 0.7, 0.65, 0.65, 0.6, 0.6, 0.6, 0.65, 0.6, 0.65, 0.7, 0.5, 0.35, 0.65, 0.65, 0.56, 0.65, 0.6, 0.6]","[-0.3, -0.6, -0.4, -0.5, -0.5, -0.4, -0.6, -0.4, -0.5, -0.3, -0.35, -0.6, -0.5, -0.4, -0.3, -0.5, -0.45, -0.55, -0.4, -0.3]","[-0.9, -0.85, -0.9, -0.9, -0.9, -0.85, -0.9, -0.9, -0.9, -0.9, -0.9, -0.9, -0.9, -0.9, -0.85, -0.9, -0.9, -0.85, -0.9, -0.9, -0.9, -0.9, -0.9, -0.9, -0.9, -0.9, -0.85, -0.9, -0.9, -0.9, -0.9, -0.9, -0.9, -0.9, -0.9, -0.9, -0.9, -0.9, -0.9, -0.9]","[-0.85, -0.85, -0.8, -0.9, -0.85, -0.85, -0.9, -0.9, -0.85, -0.8, -0.8, -0.85, -0.8, -0.9, -0.85, -0.8, -0.85, -0.9, -0.9, -0.85]","[0.7, 0.7, 0.75, 0.72, 0.65, 0.72, 0.7, 0.75, 0.7, 0.7, 0.65, 0.7, 0.65, 0.7, 0.72, 0.7, 0.68, 0.7, 0.75, 0.7, 0.72, 0.55, 0.7, 0.8, 0.65, 0.7, 0.7, 0.7, 0.65, 0.7, 0.75, 0.7, 0.75, 0.7, 0.7, 0.6, 0.7, 0.7, 0.7, 0.45]","[0.35, 0.3, 0.45, 0.4, 0.35, 0.4, 0.35, 0.3, 0.35, 0.3, 0.35, 0.6, 0.35, 0.3, 0.35, 0.35, 0.4, 0.35, 0.3, 0.35]","[-0.85, -0.85, -0.9, -0.85, -0.85, -0.9, -0.85, -0.85, -0.8, -0.85, -0.85, -0.85, -0.85, -0.8, -0.85, -0.85, -0.85, -0.85, -0.85, -0.8]",0.5,0.6128,-0.4425,-0.8937,-0.8525,0.6915,0.3625,-0.8475
unknown,openai_gpt-5-mini,distraction,cambridge,"[0.3, 0.4, 0.35, 0.35, 0.45, 0.35, 0.3, 0.3, 0.35, 0.35, 0.35, 0.38, 0.3, 0.45, 0.3, 0.3, 0.4, 0.4, 0.35, 0.3, 0.25, 0.35, 0.4, 0.35, 0.4, 0.35, 0.35, 0.45, 0.25, 0.35, 0.35, 0.4, 0.3, 0.3, 0.45, 0.25, 0.4, 0.4, 0.45, 0.4]","[0.4, 0.35, 0.4, 0.4, 0.35, 0.4, 0.4, 0.4, 0.4, 0.35, 0.4, 0.4, 0.35, 0.35, 0.4, 0.45, 0.4, 0.35, 0.35, 0.45, 0.4, 0.35, 0.35, 0.4, 0.4, 0.35, 0.4, 0.4, 0.35, 0.35, 0.4, 0.45, 0.4, 0.4, 0.4, 0.3, 0.4, 0.4, 0.4, 0.4]","[-0.6, -0.5, -0.5, -0.6, -0.45, -0.5, -0.6, -0.5, -0.5, -0.5, -0.5, -0.5, -0.45, -0.4, -0.4, -0.4, -0.5, -0.4, -0.35, -0.4]","[-0.6, -0.6, -0.7, -0.7, -0.6, -0.7, -0.75, -0.6, -0.7, -0.65, -0.6, -0.6, -0.7, -0.7, -0.6, -0.6, -0.7, -0.6, -0.65, -0.6, -0.65, -0.7, -0.5, -0.7, -0.7, -0.6, -0.7, -0.6, -0.7, -0.65, -0.6, -0.6, -0.7, -0.65, -0.6, -0.6, -0.7, -0.6, -0.6, -0.7]","[-0.7, -0.5, -0.7, -0.5, -0.65, -0.7, -0.7, -0.6, -0.7, -0.6, -0.6, -0.7, -0.6, -0.6, -0.7, -0.6, -0.6, -0.6, -0.6, -0.6]","[0.3, 0.35, 0.35, 0.35, 0.35, 0.35, 0.35, 0.4, 0.35, 0.35, 0.35, 0.4, 0.4, 0.4, 0.45, 0.35, 0.35, 0.35, 0.35, 0.4, 0.35, 0.35, 0.35, 0.4, 0.4, 0.4, 0.35, 0.38, 0.35, 0.4, 0.3, 0.35, 0.35, 0.4, 0.35, 0.35, 0.4, 0.35, 0.35, 0.35]","[0.2, 0.6, 0.6, 0.7, 0.35, 0.72, 0.7, 0.6, 0.6, 0.35, 0.65, 0.65, 0.3, 0.25, 0.3, 0.6, 0.35, 0.6, 0.65, 0.6]","[-0.6, -0.65, -0.5, -0.65, -0.6, -0.65, -0.65, -0.65, -0.6, -0.5, -0.65, -0.6, -0.65, -0.65, -0.65, -0.6, -0.65, -0.6, -0.65, -0.7]",0.3557,0.3863,-0.4775,-0.645,-0.6275,0.3645,0.5185,-0.6225
unknown,openai_gpt-5-mini,ecstasy,cambridge,"[0.85, 0.85, 0.85, 0.85, 0.85, 0.85, 0.8, 0.9, 0.85, 0.85, 0.85, 0.85, 0.85, 0.85, 0.85, 0.85, 0.75, 0.85, 0.9, 0.85, 0.85, 0.85, 0.85, 0.85, 0.85, 0.85, 0.85, 0.85, 0.85, 0.85, 0.8, 0.85, 0.85, 0.85, 0.85, 0.85, 0.85, 0.85, 0.9, 0.85]","[0.9, 0.95, 0.9, 0.9, 0.95, 0.95, 0.95, 0.9, 0.95, 0.9, 0.95, 0.9, 0.9, 0.9, 0.9, 0.9, 0.9, 0.9, 0.9, 0.9, 0.95, 0.9, 0.9, 0.85, 0.9, 0.95, 0.9, 0.9, 0.9, 0.9, 0.95, 0.9, 0.9, 0.95, 0.95, 0.9, 0.9, 0.95, 0.9, 0.92]","[0.25, 0.4, 0.6, 0.5, 0.6, 0.5, -0.3, -0.4, 0.7, 0.8, 0.6, 0.8, -0.7, -0.45, 0.7, -0.4, 0.4, 0.6, 0.6, 0.4]","[0.98, 0.98, 0.97, 0.95, 0.95, 0.95, 0.95, 0.98, 0.95, 0.98, 0.95, 0.95, 0.98, 0.95, 0.95, 0.98, 0.98, 0.95, 0.98, 0.95, 0.95, 0.95, 0.95, 0.95, 0.98, 0.98, 0.98, 0.98, 0.95, 0.98, 0.95, 0.98, 0.98, 0.95, 0.98, 0.98, 0.98, 0.95, 0.98, 0.98]","[0.98, 0.95, 0.95, 0.98, 0.98, 0.95, 0.98, 0.95, 0.95, 0.95, 0.95, 0.95, 0.98, 0.95, 0.98, 0.95, 0.95, 0.95, 0.98, 0.98]","[0.85, 0.85, 0.92, 0.85, 0.9, 0.9, 0.9, 0.9, 0.9, 0.75, 0.92, 0.9, 0.92, 0.95, 0.75, 0.9, 0.9, 0.85, 0.9, 0.9, 0.9, 0.9, 0.8, 0.75, 0.9, 0.9, 0.6, 0.9, 0.85, 0.92, 0.9, 0.75, 0.8, 0.92, 0.9, 0.85, 0.9, 0.9, 0.92, 0.8]","[0.45, 0.3, 0.6, 0.65, 0.25, 0.3, 0.3, 0.7, 0.25, 0.3, 0.25, 0.3, 0.7, 0.65, 0.65, 0.7, 0.65, 0.45, 0.3, 0.35]","[0.98, 0.98, 0.98, 0.95, 0.95, 0.95, 0.95, 0.98, 0.98, 0.98, 0.95, 0.98, 0.98, 0.95, 0.95, 0.95, 0.98, 0.95, 0.98, 0.95]",0.8488,0.9142,0.31,0.9655,0.962,0.8667,0.455,0.965
unknown,openai_gpt-5-mini,fear,cambridge,"[0.8, 0.75, 0.65, 0.8, 0.65, 0.7, 0.8, 0.7, 0.75, 0.7, 0.7, 0.7, 0.75, 0.65, 0.8, 0.7, 0.7, 0.8, 0.75, 0.65, 0.75, 0.7, 0.75, 0.7, 0.7, 0.65, 0.7, 0.8, 0.75, 0.7, 0.8, 0.75, 0.7, 0.8, 0.8, 0.75, 0.7, 0.75, 0.75, 0.8]","[0.9, 0.85, 0.8, 0.85, 0.8, 0.85, 0.85, 0.85, 0.85, 0.85, 0.85, 0.85, 0.8, 0.82, 0.85, 0.85, 0.8, 0.85, 0.85, 0.85, 0.85, 0.85, 0.85, 0.85, 0.85, 0.85, 0.8, 0.85, 0.85, 0.85, 0.85, 0.85, 0.85, 0.85, 0.85, 0.85, 0.85, 0.85, 0.85, 0.85]","[-0.75, -0.7, -0.8, -0.75, -0.7, -0.75, -0.63, -0.75, -0.7, -0.8, -0.68, -0.7, -0.7, -0.68, -0.8, -0.7, -0.7, -0.8, -0.7, -0.8]","[-0.85, -0.85, -0.8, -0.9, -0.85, -0.85, -0.85, -0.9, -0.9, -0.9, -0.85, -0.85, -0.9, -0.85, -0.85, -0.9, -0.85, -0.9, -0.8, -0.7, -0.8, -0.9, -0.8, -0.85, -0.9, -0.85, -0.85, -0.85, -0.85, -0.8, -0.85, -0.8, -0.9, -0.8, -0.9, -0.9, -0.85, -0.9, -0.85, -0.85]","[-0.9, -0.85, -0.8, -0.9, -0.8, -0.85, -0.8, -0.85, -0.9, -0.9, -0.9, -0.8, -0.85, -0.8, -0.8, -0.8, -0.85, -0.8, -0.8, -0.8]","[0.25, 0.8, 0.75, 0.8, 0.8, 0.8, 0.8, 0.8, 0.13, 0.75, 0.8, 0.75, 0.75, 0.25, 0.75, 0.8, 0.8, 0.7, 0.7, 0.8, 0.75, 0.8, 0.75, 0.75, 0.75, 0.35, 0.75, 0.7, 0.75, 0.8, 0.72, 0.2, 0.8, 0.75, 0.7, 0.75, 0.75, 0.75, 0.8, 0.78]","[0.65, 0.7, 0.7, 0.7, 0.75, 0.7, 0.7, 0.65, 0.7, 0.75, 0.75, 0.7, 0.7, 0.7, 0.7, 0.7, 0.65, 0.7, 0.7, 0.7]","[-0.85, -0.85, -0.8, -0.8, -0.8, -0.8, -0.85, -0.8, -0.8, -0.8, -0.8, -0.8, -0.85, -0.85, -0.85, -0.85, -0.85, -0.9, -0.8, -0.8]",0.7325,0.8443,-0.7295,-0.8538,-0.8375,0.6983,0.7,-0.825
unknown,openai_gpt-5-mini,grief,cambridge,"[0.45, 0.65, 0.35, 0.6, 0.4, 0.4, 0.7, 0.6, 0.45, 0.45, 0.6, 0.5, 0.35, 0.6, 0.5, 0.3, 0.6, 0.35, 0.3, 0.5, 0.65, 0.6, 0.45, 0.7, 0.65, 0.5, 0.6, 0.6, 0.35, 0.5, 0.4, 0.35, 0.65, 0.7, 0.65, 0.6, 0.6, 0.7, 0.45, 0.6]","[0.25, 0.35, 0.3, 0.3, 0.35, 0.3, 0.35, 0.35, 0.4, 0.35, 0.35, 0.25, 0.35, 0.35, 0.3, 0.35, 0.35, 0.35, 0.25, 0.3, 0.4, 0.35, 0.35, 0.6, 0.38, 0.35, 0.35, 0.35, 0.3, 0.35, 0.35, 0.3, 0.3, 0.6, 0.45, 0.35, 0.35, 0.35, 0.3, 0.35]","[-0.75, -0.7, -0.8, -0.7, -0.7, -0.7, -0.7, -0.7, -0.7, -0.8, -0.75, -0.75, -0.7, -0.75, -0.7, -0.7, -0.7, -0.7, -0.6, -0.7]","[-0.95, -0.9, -0.95, -0.95, -0.95, -0.95, -0.9, -0.95, -0.95, -0.95, -0.9, -0.95, -0.95, -0.95, -0.95, -0.9, -0.95, -0.95, -0.95, -0.95, -0.95, -0.95, -0.9, -0.95, -0.95, -0.95, -0.95, -0.95, -0.9, -0.95, -0.95, -0.9, -0.95, -0.9, -0.95, -0.9, -0.9, -0.9, -0.95, -0.95]","[-0.9, -0.9, -0.9, -0.9, -0.9, -0.9, -0.9, -0.9, -0.9, -0.9, -0.9, -0.9, -0.9, -0.9, -0.9, -0.92, -0.9, -0.9, -0.9, -0.9]","[0.8, 0.75, 0.9, 0.35, 0.8, 0.3, 0.65, 0.7, 0.3, 0.25, 0.65, 0.25, 0.3, 0.3, 0.25, 0.25, 0.65, 0.75, 0.85, 0.45, 0.25, 0.45, 0.35, 0.6, 0.25, 0.3, 0.75, 0.8, 0.8, 0.75, 0.25, 0.85, 0.35, 0.3, 0.8, 0.35, 0.45, 0.25, 0.35, 0.3]","[0.6, 0.7, 0.65, 0.7, 0.7, 0.65, 0.65, 0.7, 0.65, 0.7, 0.65, 0.7, 0.65, 0.65, 0.65, 0.7, 0.65, 0.65, 0.65, 0.7]","[-0.9, -0.9, -0.9, -0.9, -0.9, -0.9, -0.9, -0.85, -0.9, -0.9, -0.9, -0.9, -0.9, -0.9, -0.95, -0.9, -0.9, -0.9, -0.9, -0.9]",0.5237,0.3495,-0.715,-0.9362,-0.901,0.5013,0.6675,-0.9
unknown,openai_gpt-5-mini,interest,cambridge,"[0.45, 0.5, 0.6, 0.6, 0.45, 0.5, 0.5, 0.5, 0.45, 0.5, 0.5, 0.55, 0.5, 0.5, 0.5, 0.5, 0.5, 0.5, 0.5, 0.45, 0.45, 0.55, 0.5, 0.6, 0.5, 0.5, 0.55, 0.5, 0.5, 0.6, 0.5, 0.55, 0.6, 0.6, 0.5, 0.5, 0.55, 0.6, 0.5, 0.5]","[0.55, 0.65, 0.65, 0.6, 0.65, 0.6, 0.6, 0.6, 0.6, 0.6, 0.6, 0.6, 0.6, 0.6, 0.5, 0.5, 0.6, 0.6, 0.6, 0.6, 0.6, 0.6, 0.6, 0.6, 0.55, 0.6, 0.6, 0.6, 0.6, 0.6, 0.6, 0.6, 0.65, 0.65, 0.6, 0.6, 0.6, 0.6, 0.6, 0.6]","[0.25, 0.4, 0.2, 0.3, 0.3, 0.35, 0.2, 0.2, 0.2, 0.25, 0.2, 0.3, 0.3, 0.25, 0.2, 0.25, 0.2, 0.2, 0.2, 0.2]","[0.7, 0.5, 0.6, 0.6, 0.7, 0.5, 0.7, 0.65, 0.6, 0.7, 0.7, 0.6, 0.7, 0.75, 0.7, 0.6, 0.6, 0.75, 0.6, 0.6, 0.7, 0.6, 0.6, 0.7, 0.6, 0.6, 0.6, 0.7, 0.6, 0.6, 0.6, 0.6, 0.6, 0.6, 0.7, 0.6, 0.6, 0.7, 0.6, 0.7]","[0.7, 0.7, 0.6, 0.6, 0.6, 0.5, 0.5, 0.6, 0.6, 0.7, 0.4, 0.6, 0.5, 0.6, 0.6, 0.6, 0.6, 0.4, 0.5, 0.5]","[0.55, 0.45, 0.45, 0.45, 0.4, 0.45, 0.45, 0.45, 0.6, 0.4, 0.5, 0.5, 0.5, 0.5, 0.45, 0.45, 0.5, 0.5, 0.55, 0.45, 0.6, 0.45, 0.45, 0.5, 0.35, 0.5, 0.45, 0.6, 0.45, 0.45, 0.55, 0.5, 0.45, 0.55, 0.55, 0.45, 0.5, 0.5, 0.45, 0.55]","[0.6, 0.6, 0.6, 0.6, 0.6, 0.4, 0.6, 0.6, 0.65, 0.5, 0.45, 0.6, 0.6, 0.6, 0.5, 0.6, 0.6, 0.6, 0.5, 0.6]","[0.65, 0.5, 0.65, 0.7, 0.6, 0.6, 0.65, 0.6, 0.5, 0.6, 0.65, 0.5, 0.6, 0.6, 0.7, 0.6, 0.7, 0.6, 0.5, 0.6]",0.5175,0.5988,0.2475,0.6363,0.57,0.485,0.57,0.605
unknown,openai_gpt-5-mini,joy,cambridge,"[0.7, 0.75, 0.7, 0.7, 0.7, 0.7, 0.8, 0.7, 0.7, 0.7, 0.8, 0.7, 0.75, 0.75, 0.7, 0.72, 0.7, 0.7, 0.75, 0.7, 0.7, 0.7, 0.7, 0.7, 0.7, 0.7, 0.75, 0.7, 0.7, 0.7, 0.7, 0.75, 0.7, 0.7, 0.65, 0.75, 0.7, 0.7, 0.8, 0.75]","[0.8, 0.75, 0.8, 0.8, 0.8, 0.8, 0.8, 0.75, 0.8, 0.8, 0.8, 0.8, 0.75, 0.8, 0.8, 0.8, 0.8, 0.8, 0.8, 0.8, 0.75, 0.75, 0.8, 0.75, 0.8, 0.75, 0.75, 0.8, 0.8, 0.75, 0.8, 0.75, 0.75, 0.8, 0.75, 0.8, 0.8, 0.75, 0.75, 0.75]","[0.6, 0.6, 0.6, 0.6, 0.7, 0.6, 0.6, 0.6, 0.6, 0.4, 0.5, 0.55, 0.4, 0.5, 0.5, 0.6, 0.7, 0.6, 0.5, 0.4]","[0.95, 0.95, 0.95, 0.95, 0.95, 0.95, 0.95, 0.95, 0.95, 0.9, 0.95, 0.95, 0.95, 0.95, 0.95, 0.95, 0.95, 0.95, 0.95, 0.9, 0.95, 0.95, 0.95, 0.95, 0.95, 0.95, 0.95, 0.95, 0.95, 0.95, 0.95, 0.95, 0.95, 0.9, 0.95, 0.95, 0.95, 0.95, 0.95, 0.95]","[0.95, 0.9, 0.95, 0.95, 0.95, 0.95, 0.95, 0.9, 0.95, 0.9, 0.95, 0.95, 0.9, 0.95, 0.95, 0.95, 0.95, 0.95, 0.95, 0.95]","[0.6, 0.7, 0.65, 0.65, 0.6, 0.7, 0.6, 0.6, 0.7, 0.65, 0.65, 0.65, 0.7, 0.75, 0.6, 0.7, 0.6, 0.65, 0.7, 0.7, 0.65, 0.7, 0.65, 0.6, 0.7, 0.7, 0.65, 0.6, 0.6, 0.6, 0.65, 0.65, 0.65, 0.7, 0.7, 0.7, 0.65, 0.7, 0.7, 0.7]","[0.3, 0.3, 0.35, 0.4, 0.35, 0.35, 0.35, 0.3, 0.25, 0.4, 0.25, 0.35, 0.25, 0.35, 0.35, 0.35, 0.35, 0.35, 0.35, 0.25]","[0.9, 0.95, 0.95, 0.95, 0.95, 0.9, 0.95, 0.95, 0.95, 0.95, 0.95, 0.95, 0.95, 0.95, 0.95, 0.95, 0.95, 0.95, 0.95, 0.95]",0.7167,0.7813,0.5575,0.9463,0.94,0.66,0.3275,0.945
unknown,openai_gpt-5-mini,loathing,cambridge,"[0.85, 0.8, 0.75, 0.7, 0.75, 0.8, 0.75, 0.75, 0.8, 0.75, 0.7, 0.8, 0.75, 0.75, 0.75, 0.75, 0.75, 0.78, 0.75, 0.75, 0.8, 0.75, 0.75, 0.75, 0.75, 0.8, 0.85, 0.75, 0.75, 0.75, 0.75, 0.75, 0.75, 0.75, 0.8, 0.75, 0.75, 0.75, 0.8, 0.75]","[0.8, 0.75, 0.8, 0.75, 0.75, 0.75, 0.82, 0.8, 0.75, 0.8, 0.8, 0.85, 0.75, 0.8, 0.8, 0.75, 0.8, 0.8, 0.8, 0.8, 0.8, 0.8, 0.8, 0.8, 0.75, 0.75, 0.8, 0.75, 0.8, 0.75, 0.8, 0.8, 0.8, 0.8, 0.78, 0.78, 0.7, 0.8, 0.75, 0.8]","[0.4, 0.3, 0.2, 0.3, 0.3, -0.3, -0.25, -0.25, 0.3, 0.3, 0.3, 0.2, -0.2, 0.2, 0.4, -0.2, 0.3, -0.2, -0.3, -0.3]","[-0.95, -0.95, -0.95, -0.95, -0.95, -0.95, -0.95, -0.95, -0.95, -0.95, -0.95, -0.95, -0.95, -0.95, -0.95, -0.95, -0.95, -0.95, -0.95, -0.95, -0.95, -0.95, -0.95, -0.95, -0.95, -0.95, -0.95, -0.95, -0.95, -0.95, -0.95, -0.95, -0.95, -0.95, -0.95, -0.95, -0.95, -0.95, -0.95, -0.95]","[-0.9, -0.95, -0.9, -0.95, -0.9, -0.9, -0.9, -0.95, -0.9, -0.95, -0.9, -0.9, -0.9, -0.9, -0.95, -0.9, -0.95, -0.95, -0.9, -0.9]","[0.9, 0.9, 0.85, 0.9, 0.87, 0.9, 0.9, 0.9, 0.9, 0.9, 0.85, 0.85, 0.9, 0.9, 0.88, 0.9, 0.9, 0.9, 0.85, 0.9, 0.9, 0.88, 0.9, 0.85, 0.9, 0.9, 0.9, 0.9, 0.85, 0.9, 0.9, 0.9, 0.9, 0.88, 0.9, 0.85, 0.9, 0.9, 0.9, 0.9]","[0.3, 0.2, 0.35, 0.35, 0.2, 0.2, 0.2, 0.25, 0.25, 0.35, 0.28, 0.25, 0.25, 0.2, 0.25, 0.3, 0.3, 0.2, 0.35, 0.3]","[-0.9, -0.95, -0.95, -0.95, -0.95, -0.9, -0.95, -0.95, -0.9, -0.95, -0.95, -0.95, -0.95, -0.95, -0.9, -0.95, -0.95, -0.9, -0.92, -0.95]",0.7632,0.7833,0.075,-0.95,-0.9175,0.889,0.2665,-0.936
unknown,openai_gpt-5-mini,love,cambridge,"[0.6, 0.6, 0.65, 0.6, 0.65, 0.6, 0.6, 0.65, 0.7, 0.6, 0.6, 0.6, 0.65, 0.65, 0.6, 0.65, 0.6, 0.7, 0.6, 0.6, 0.6, 0.6, 0.7, 0.65, 0.6, 0.6, 0.65, 0.6, 0.65, 0.6, 0.6, 0.7, 0.7, 0.6, 0.6, 0.6, 0.6, 0.65, 0.6, 0.65]","[0.65, 0.7, 0.7, 0.7, 0.6, 0.7, 0.6, 0.65, 0.7, 0.7, 0.65, 0.65, 0.65, 0.6, 0.75, 0.6, 0.7, 0.7, 0.72, 0.6, 0.65, 0.7, 0.6, 0.65, 0.7, 0.6, 0.65, 0.6, 0.7, 0.65, 0.7, 0.5, 0.7, 0.7, 0.65, 0.7, 0.65, 0.65, 0.6, 0.65]","[-0.3, -0.2, -0.3, -0.4, -0.3, -0.2, 0.4, 0.28, -0.4, -0.4, -0.3, 0.3, 0.35, -0.3, -0.4, -0.3, 0.34, -0.4, -0.3, -0.2]","[0.95, 0.95, 0.95, 0.95, 0.95, 0.95, 0.95, 0.9, 0.95, 0.95, 0.9, 0.95, 0.9, 0.95, 0.9, 0.9, 0.95, 0.95, 0.9, 0.9, 0.95, 0.95, 0.9, 0.95, 0.95, 0.95, 0.9, 0.9, 0.9, 0.9, 0.95, 0.95, 0.95, 0.9, 0.9, 0.95, 0.9, 0.95, 0.95, 0.95]","[0.9, 0.9, 0.9, 0.9, 0.9, 0.9, 0.9, 0.9, 0.9, 0.9, 0.9, 0.9, 0.9, 0.9, 0.9, 0.9, 0.9, 0.9, 0.8, 0.9]","[0.8, 0.8, 0.8, 0.75, 0.75, 0.8, 0.8, 0.8, 0.85, 0.7, 0.8, 0.85, 0.85, 0.8, 0.85, 0.8, 0.8, 0.75, 0.8, 0.85, 0.8, 0.85, 0.8, 0.85, 0.8, 0.75, 0.8, 0.75, 0.8, 0.8, 0.85, 0.8, 0.8, 0.85, 0.8, 0.75, 0.75, 0.7, 0.8, 0.8]","[0.3, 0.35, 0.4, 0.35, 0.3, 0.25, 0.4, 0.35, 0.4, 0.3, 0.4, 0.6, 0.3, 0.3, 0.3, 0.45, 0.35, 0.35, 0.35, 0.35]","[0.9, 0.9, 0.95, 0.9, 0.95, 0.9, 0.9, 0.9, 0.9, 0.9, 0.9, 0.9, 0.95, 0.9, 0.95, 0.9, 0.9, 0.9, 0.9, 0.95]",0.6262,0.658,-0.1515,0.9312,0.895,0.7975,0.3575,0.9125
unknown,openai_gpt-5-mini,optimism,cambridge,"[0.35, 0.45, 0.35, 0.35, 0.5, 0.35, 0.35, 0.4, 0.4, 0.4, 0.45, 0.45, 0.4, 0.4, 0.35, 0.45, 0.35, 0.4, 0.55, 0.45, 0.55, 0.35, 0.35, 0.42, 0.55, 0.35, 0.4, 0.35, 0.45, 0.4, 0.45, 0.45, 0.4, 0.4, 0.35, 0.55, 0.55, 0.35, 0.4, 0.45]","[0.55, 0.55, 0.55, 0.6, 0.55, 0.45, 0.55, 0.55, 0.6, 0.45, 0.6, 0.55, 0.45, 0.55, 0.45, 0.55, 0.45, 0.55, 0.55, 0.6, 0.6, 0.6, 0.45, 0.4, 0.6, 0.55, 0.6, 0.6, 0.6, 0.45, 0.5, 0.55, 0.55, 0.55, 0.55, 0.45, 0.55, 0.55, 0.45, 0.55]","[0.5, 0.35, 0.3, 0.45, 0.35, 0.45, 0.2, 0.5, 0.25, 0.4, 0.45, 0.4, 0.4, 0.6, 0.6, 0.4, 0.25, 0.4, 0.5, 0.3]","[0.8, 0.8, 0.8, 0.8, 0.8, 0.8, 0.8, 0.85, 0.8, 0.8, 0.8, 0.8, 0.8, 0.8, 0.8, 0.8, 0.8, 0.8, 0.8, 0.8, 0.8, 0.8, 0.8, 0.8, 0.8, 0.8, 0.8, 0.8, 0.8, 0.8, 0.8, 0.8, 0.8, 0.8, 0.85, 0.8, 0.8, 0.9, 0.8, 0.8]","[0.7, 0.75, 0.8, 0.8, 0.75, 0.8, 0.75, 0.7, 0.75, 0.7, 0.8, 0.8, 0.8, 0.8, 0.8, 0.8, 0.8, 0.8, 0.8, 0.8]","[0.65, 0.6, 0.6, 0.6, 0.6, 0.65, 0.6, 0.6, 0.6, 0.55, 0.6, 0.65, 0.65, 0.6, 0.6, 0.65, 0.6, 0.6, 0.65, 0.7, 0.6, 0.6, 0.6, 0.45, 0.6, 0.6, 0.55, 0.65, 0.6, 0.6, 0.65, 0.6, 0.6, 0.6, 0.6, 0.65, 0.6, 0.6, 0.65, 0.6]","[0.3, 0.3, 0.4, 0.3, 0.3, 0.35, 0.3, 0.3, 0.25, 0.3, 0.35, 0.3, 0.3, 0.25, 0.35, 0.3, 0.3, 0.35, 0.25, 0.3]","[0.7, 0.8, 0.8, 0.8, 0.8, 0.7, 0.75, 0.75, 0.8, 0.8, 0.8, 0.7, 0.8, 0.8, 0.8, 0.8, 0.75, 0.8, 0.8, 0.75]",0.4167,0.535,0.4025,0.805,0.775,0.6088,0.3075,0.775
unknown,openai_gpt-5-mini,pensiveness,cambridge,"[0.25, 0.25, 0.25, 0.2, 0.2, 0.2, 0.2, 0.2, 0.25, 0.25, 0.2, 0.2, 0.25, 0.2, 0.15, 0.25, 0.25, 0.25, 0.25, 0.15, 0.25, 0.2, 0.25, 0.2, 0.25, 0.25, 0.2, 0.25, 0.25, 0.25, 0.25, 0.25, 0.2, 0.15, 0.2, 0.2, 0.3, 0.25, 0.2, 0.2]","[0.25, 0.25, 0.25, 0.3, 0.3, 0.25, 0.25, 0.25, 0.25, 0.25, 0.3, 0.3, 0.25, 0.25, 0.25, 0.25, 0.25, 0.25, 0.25, 0.25, 0.25, 0.3, 0.25, 0.3, 0.25, 0.25, 0.25, 0.25, 0.25, 0.25, 0.25, 0.3, 0.25, 0.25, 0.25, 0.25, 0.35, 0.25, 0.25, 0.35]","[-0.35, -0.2, -0.3, -0.3, -0.3, -0.3, -0.3, -0.3, -0.25, -0.25, -0.3, -0.25, -0.25, -0.25, -0.3, -0.3, -0.25, -0.25, -0.35, -0.3]","[-0.2, -0.2, -0.2, -0.15, -0.2, -0.2, -0.2, -0.2, -0.15, -0.2, -0.2, -0.2, -0.2, -0.1, -0.2, -0.3, -0.2, -0.15, -0.15, -0.2, -0.2, -0.2, -0.2, -0.15, -0.1, -0.2, -0.2, -0.15, -0.2, -0.2, -0.2, -0.15, -0.2, -0.2, -0.2, -0.2, -0.2, -0.25, -0.2, -0.2]","[-0.2, -0.2, -0.2, -0.2, -0.2, -0.2, -0.2, -0.2, -0.2, -0.2, -0.2, -0.2, -0.2, -0.3, -0.2, -0.3, -0.2, -0.2, -0.15, -0.15]","[0.35, 0.35, 0.35, 0.35, 0.35, 0.35, 0.35, 0.35, 0.35, 0.35, 0.35, 0.35, 0.35, 0.35, 0.35, 0.35, 0.35, 0.35, 0.4, 0.35, 0.35, 0.35, 0.35, 0.35, 0.35, 0.3, 0.35, 0.35, 0.35, 0.35, 0.35, 0.35, 0.25, 0.25, 0.45, 0.35, 0.35, 0.3, 0.35, 0.35]","[0.25, 0.3, 0.25, 0.28, 0.18, 0.25, 0.25, 0.25, 0.25, 0.25, 0.25, 0.3, 0.25, 0.25, 0.25, 0.25, 0.25, 0.25, 0.2, 0.3]","[-0.2, -0.2, -0.15, -0.15, -0.2, -0.2, -0.2, -0.2, -0.2, -0.2, -0.2, -0.2, -0.15, -0.1, -0.2, -0.15, -0.2, -0.15, -0.15, -0.2]",0.2238,0.2637,-0.2825,-0.19,-0.205,0.3462,0.253,-0.18
unknown,openai_gpt-5-mini,rage,cambridge,"[0.9, 0.9, 0.9, 0.9, 0.9, 0.9, 0.9, 0.9, 0.9, 0.9, 0.95, 0.9, 0.9, 0.9, 0.9, 0.95, 0.9, 0.95, 0.9, 0.9, 0.9, 0.9, 0.9, 0.9, 0.9, 0.9, 0.9, 0.9, 0.9, 0.9, 0.95, 0.9, 0.9, 0.95, 0.9, 0.9, 0.9, 0.9, 0.9, 0.9]","[0.95, 0.92, 0.95, 0.9, 0.9, 0.95, 0.9, 0.9, 0.95, 0.95, 0.95, 0.9, 0.9, 0.9, 0.9, 0.9, 0.95, 0.9, 0.9, 0.9, 0.95, 0.9, 0.9, 0.92, 0.95, 0.95, 0.92, 0.95, 0.9, 0.95, 0.9, 0.92, 0.95, 0.95, 0.95, 0.9, 0.9, 0.9, 0.95, 0.9]","[0.3, 0.6, 0.6, 0.7, -0.5, 0.7, 0.7, 0.2, 0.4, -0.7, 0.6, -0.4, 0.6, 0.7, 0.6, 0.7, -0.3, -0.2, 0.6, 0.6]","[-0.95, -0.95, -0.95, -0.95, -0.95, -0.95, -0.95, -0.9, -0.95, -0.95, -0.95, -0.95, -0.95, -0.95, -0.95, -0.95, -0.95, -0.95, -0.95, -1.0, -0.95, -0.95, -0.95, -0.95, -0.95, -0.95, -0.95, -0.95, -0.95, -0.95, -0.95, -0.95, -0.9, -0.95, -0.95, -0.95, -0.95, -0.95, -0.95, -0.95]","[-0.95, -0.9, -0.95, -0.95, -0.95, -0.95, -0.95, -0.9, -0.95, -0.95, -0.9, -0.95, -0.9, -0.95, -0.95, -0.95, -0.95, -0.95, -0.95, -0.9]","[0.9, 0.92, 0.95, 0.92, 0.92, 0.9, 0.92, 0.9, 0.9, 0.9, 0.9, 0.9, 0.95, 0.9, 0.9, 0.9, 0.9, 0.9, 0.9, 0.9, 0.95, 0.9, 0.9, 0.9, 0.95, 0.95, 0.9, 0.9, 0.9, 0.92, 0.9, 0.9, 0.9, 0.9, 0.9, 0.9, 0.95, 0.9, 0.9, 0.92]","[0.8, 0.8, 0.78, 0.8, 0.8, 0.8, 0.8, 0.8, 0.8, 0.8, 0.8, 0.75, 0.85, 0.8, 0.8, 0.85, 0.8, 0.8, 0.8, 0.85]","[-0.95, -0.95, -0.95, -0.95, -0.9, -0.95, -0.95, -0.95, -0.95, -0.95, -0.95, -0.9, -0.95, -0.9, -0.95, -0.95, -0.95, -0.95, -0.95, -0.95]",0.9062,0.922,0.325,-0.9488,-0.9375,0.9105,0.804,-0.9425
unknown,openai_gpt-5-mini,remorse,cambridge,"[0.35, 0.35, 0.35, 0.45, 0.3, 0.35, 0.4, 0.4, 0.4, 0.4, 0.35, 0.4, 0.4, 0.35, 0.45, 0.4, 0.45, 0.35, 0.35, 0.4, 0.25, 0.45, 0.45, 0.35, 0.45, 0.35, 0.45, 0.35, 0.4, 0.3, 0.45, 0.3, 0.35, 0.35, 0.35, 0.4, 0.45, 0.4, 0.35, 0.4]","[0.35, 0.25, 0.35, 0.35, 0.35, 0.3, 0.35, 0.35, 0.25, 0.35, 0.35, 0.35, 0.35, 0.35, 0.3, 0.35, 0.4, 0.35, 0.45, 0.35, 0.35, 0.45, 0.4, 0.25, 0.3, 0.35, 0.3, 0.35, 0.35, 0.35, 0.35, 0.35, 0.35, 0.35, 0.4, 0.3, 0.45, 0.45, 0.35, 0.35]","[-0.5, -0.43, -0.6, -0.6, -0.7, -0.6, -0.45, -0.7, -0.4, -0.6, -0.4, -0.6, -0.5, -0.6, -0.7, -0.6, -0.5, -0.6, -0.6, -0.6]","[-0.8, -0.8, -0.8, -0.8, -0.8, -0.8, -0.85, -0.8, -0.8, -0.7, -0.8, -0.8, -0.75, -0.8, -0.8, -0.8, -0.8, -0.8, -0.85, -0.85, -0.8, -0.8, -0.8, -0.85, -0.85, -0.8, -0.8, -0.85, -0.85, -0.8, -0.85, -0.8, -0.85, -0.85, -0.85, -0.8, -0.8, -0.8, -0.85, -0.75]","[-0.8, -0.7, -0.75, -0.7, -0.7, -0.7, -0.7, -0.75, -0.8, -0.7, -0.8, -0.75, -0.8, -0.7, -0.7, -0.7, -0.7, -0.7, -0.7, -0.7]","[0.62, 0.35, 0.45, 0.6, 0.45, 0.55, 0.45, 0.45, 0.6, 0.35, 0.55, 0.38, 0.45, 0.65, 0.55, 0.35, 0.6, 0.3, 0.42, 0.45, 0.35, 0.25, 0.45, 0.35, 0.45, 0.75, 0.45, 0.35, 0.7, 0.35, 0.4, 0.35, 0.35, 0.65, 0.4, 0.35, 0.4, 0.45, 0.55, 0.28]","[0.25, 0.2, 0.3, 0.25, 0.2, 0.2, 0.25, 0.3, 0.25, 0.3, 0.25, 0.3, 0.25, 0.3, 0.2, 0.25, 0.25, 0.25, 0.2, 0.35]","[-0.65, -0.7, -0.75, -0.7, -0.75, -0.7, -0.7, -0.7, -0.75, -0.7, -0.7, -0.8, -0.7, -0.7, -0.7, -0.7, -0.7, -0.7, -0.7, -0.8]",0.3812,0.35,-0.564,-0.81,-0.7275,0.455,0.255,-0.715
unknown,openai_gpt-5-mini,sadness,cambridge,"[0.3, 0.25, 0.3, 0.3, 0.3, 0.3, 0.25, 0.25, 0.25, 0.25, 0.25, 0.25, 0.3, 0.25, 0.3, 0.3, 0.25, 0.35, 0.25, 0.3, 0.25, 0.35, 0.25, 0.3, 0.25, 0.25, 0.25, 0.25, 0.3, 0.25, 0.25, 0.2, 0.25, 0.25, 0.3, 0.35, 0.25, 0.25, 0.25, 0.25]","[0.25, 0.25, 0.25, 0.3, 0.3, 0.25, 0.25, 0.25, 0.3, 0.25, 0.25, 0.25, 0.25, 0.25, 0.3, 0.25, 0.25, 0.25, 0.25, 0.25, 0.25, 0.25, 0.3, 0.25, 0.25, 0.25, 0.25, 0.3, 0.2, 0.25, 0.25, 0.25, 0.25, 0.25, 0.3, 0.25, 0.25, 0.3, 0.25, 0.25]","[-0.6, -0.6, -0.6, -0.49, -0.58, -0.6, -0.5, -0.6, -0.6, -0.6, -0.7, -0.6, -0.6, -0.6, -0.6, -0.6, -0.6, -0.48, -0.6, -0.6]","[-0.75, -0.8, -0.8, -0.8, -0.8, -0.8, -0.8, -0.8, -0.8, -0.8, -0.8, -0.8, -0.8, -0.8, -0.8, -0.8, -0.8, -0.8, -0.8, -0.8, -0.8, -0.8, -0.8, -0.8, -0.8, -0.8, -0.8, -0.8, -0.85, -0.8, -0.8, -0.8, -0.8, -0.8, -0.8, -0.8, -0.85, -0.8, -0.8, -0.85]","[-0.7, -0.7, -0.7, -0.7, -0.7, -0.7, -0.7, -0.7, -0.7, -0.7, -0.7, -0.7, -0.7, -0.7, -0.7, -0.7, -0.7, -0.7, -0.7, -0.7]","[0.35, 0.25, 0.32, 0.3, 0.25, 0.35, 0.3, 0.3, 0.3, 0.3, 0.3, 0.3, 0.28, 0.3, 0.3, 0.25, 0.25, 0.3, 0.25, 0.3, 0.25, 0.35, 0.25, 0.25, 0.22, 0.3, 0.3, 0.28, 0.25, 0.35, 0.25, 0.35, 0.35, 0.3, 0.25, 0.25, 0.2, 0.3, 0.25, 0.35]","[0.35, 0.3, 0.35, 0.3, 0.35, 0.35, 0.3, 0.35, 0.35, 0.35, 0.35, 0.4, 0.35, 0.35, 0.25, 0.25, 0.35, 0.3, 0.2, 0.3]","[-0.75, -0.7, -0.8, -0.7, -0.75, -0.7, -0.7, -0.7, -0.7, -0.7, -0.7, -0.6, -0.75, -0.7, -0.8, -0.7, -0.7, -0.7, -0.7, -0.7]",0.2712,0.2588,-0.5875,-0.8025,-0.7,0.2875,0.3225,-0.7125
unknown,openai_gpt-5-mini,serenity,cambridge,"[0.2, 0.15, 0.2, 0.15, 0.12, 0.18, 0.15, 0.15, 0.12, 0.15, 0.12, 0.15, 0.15, 0.2, 0.2, 0.15, 0.2, 0.2, 0.15, 0.15, 0.2, 0.2, 0.15, 0.2, 0.15, 0.15, 0.15, 0.2, 0.15, 0.15, 0.15, 0.15, 0.15, 0.15, 0.2, 0.15, 0.15, 0.2, 0.18, 0.15]","[0.15, 0.2, 0.2, 0.2, 0.2, 0.15, 0.2, 0.15, 0.18, 0.2, 0.2, 0.2, 0.18, 0.2, 0.2, 0.2, 0.18, 0.15, 0.2, 0.2, 0.15, 0.18, 0.2, 0.2, 0.2, 0.15, 0.2, 0.18, 0.2, 0.18, 0.2, 0.2, 0.2, 0.15, 0.2, 0.15, 0.18, 0.2, 0.2, 0.2]","[0.45, 0.5, 0.35, 0.4, 0.4, 0.25, 0.6, 0.4, 0.4, 0.3, 0.3, 0.4, 0.4, 0.4, 0.3, 0.45, 0.25, 0.4, 0.4, 0.3]","[0.9, 0.85, 0.9, 0.8, 0.85, 0.9, 0.9, 0.9, 0.85, 0.85, 0.85, 0.85, 0.85, 0.9, 0.85, 0.85, 0.85, 0.85, 0.9, 0.9, 0.85, 0.9, 0.9, 0.9, 0.9, 0.9, 0.8, 0.9, 0.9, 0.9, 0.9, 0.85, 0.85, 0.85, 0.9, 0.85, 0.85, 0.85, 0.85, 0.85]","[0.8, 0.7, 0.7, 0.75, 0.7, 0.8, 0.8, 0.8, 0.7, 0.8, 0.9, 0.8, 0.8, 0.8, 0.8, 0.8, 0.8, 0.8, 0.8, 0.8]","[0.25, 0.4, 0.2, 0.25, 0.35, 0.35, 0.35, 0.25, 0.25, 0.55, 0.3, 0.3, 0.3, 0.35, 0.25, 0.3, 0.25, 0.3, 0.35, 0.25, 0.45, 0.6, 0.2, 0.25, 0.35, 0.3, 0.35, 0.6, 0.35, 0.25, 0.35, 0.25, 0.35, 0.25, 0.35, 0.3, 0.35, 0.3, 0.25, 0.25]","[0.2, 0.15, 0.2, 0.15, 0.2, 0.2, 0.25, 0.2, 0.15, 0.15, 0.15, 0.15, 0.15, 0.18, 0.15, 0.2, 0.15, 0.2, 0.2, 0.15]","[0.85, 0.8, 0.75, 0.85, 0.85, 0.85, 0.8, 0.85, 0.85, 0.85, 0.85, 0.8, 0.85, 0.85, 0.85, 0.85, 0.8, 0.85, 0.85, 0.8]",0.1643,0.1865,0.3825,0.87,0.7825,0.3212,0.1765,0.8325
unknown,openai_gpt-5-mini,submission,cambridge,"[0.2, 0.2, 0.25, 0.35, 0.25, 0.25, 0.3, 0.2, 0.25, 0.35, 0.25, 0.25, 0.25, 0.3, 0.25, 0.3, 0.25, 0.25, 0.2, 0.25, 0.3, 0.3, 0.3, 0.35, 0.2, 0.25, 0.3, 0.35, 0.3, 0.3, 0.3, 0.2, 0.25, 0.35, 0.25, 0.25, 0.2, 0.25, 0.25, 0.3]","[0.35, 0.35, 0.3, 0.35, 0.5, 0.35, 0.4, 0.35, 0.35, 0.3, 0.35, 0.35, 0.35, 0.35, 0.35, 0.4, 0.3, 0.3, 0.35, 0.35, 0.35, 0.3, 0.35, 0.35, 0.35, 0.3, 0.4, 0.45, 0.35, 0.35, 0.25, 0.3, 0.35, 0.35, 0.3, 0.3, 0.35, 0.45, 0.4, 0.35]","[-0.75, -0.7, -0.8, -0.8, -0.75, -0.7, -0.8, -0.8, -0.8, -0.8, -0.8, -0.8, -0.8, -0.9, -0.7, -0.8, -0.75, -0.8, -0.8, -0.8]","[-0.3, -0.4, -0.3, -0.3, -0.4, -0.25, -0.3, -0.4, -0.2, -0.2, -0.3, -0.2, -0.3, -0.3, -0.3, -0.25, -0.25, -0.4, -0.2, -0.3, -0.25, -0.2, -0.2, -0.2, -0.2, -0.3, -0.25, -0.25, -0.2, -0.3, -0.2, -0.2, -0.3, -0.2, -0.3, -0.3, -0.25, -0.2, -0.2, -0.2]","[-0.1, -0.1, -0.2, -0.1, -0.2, -0.2, -0.1, -0.1, -0.25, -0.2, -0.2, -0.25, -0.2, -0.2, -0.2, -0.2, -0.25, -0.1, -0.2, -0.2]","[0.2, 0.2, 0.15, 0.18, 0.15, 0.15, 0.18, 0.15, 0.2, 0.2, 0.15, 0.15, 0.15, 0.15, 0.18, 0.15, 0.2, 0.2, 0.15, 0.15, 0.15, 0.2, 0.15, 0.2, 0.2, 0.2, 0.2, 0.15, 0.2, 0.2, 0.2, 0.2, 0.15, 0.2, 0.2, 0.15, 0.2, 0.15, 0.2, 0.15]","[0.25, 0.2, 0.2, 0.3, 0.25, 0.2, 0.25, 0.25, 0.25, 0.25, 0.25, 0.25, 0.2, 0.2, 0.25, 0.25, 0.2, 0.2, 0.2, 0.25]","[-0.2, -0.2, -0.1, -0.2, -0.15, -0.15, -0.15, -0.25, -0.25, -0.2, -0.2, -0.2, -0.3, -0.2, -0.25, -0.3, -0.2, -0.25, -0.3, -0.15]",0.2675,0.35,-0.7825,-0.2637,-0.1775,0.176,0.2325,-0.21
unknown,openai_gpt-5-mini,surprise,cambridge,"[0.6, 0.7, 0.65, 0.7, 0.7, 0.6, 0.65, 0.65, 0.65, 0.6, 0.65, 0.65, 0.6, 0.6, 0.7, 0.65, 0.65, 0.65, 0.65, 0.65, 0.65, 0.65, 0.65, 0.7, 0.7, 0.65, 0.7, 0.7, 0.65, 0.7, 0.6, 0.65, 0.7, 0.7, 0.75, 0.75, 0.6, 0.7, 0.65, 0.6]","[0.75, 0.7, 0.8, 0.7, 0.75, 0.8, 0.8, 0.8, 0.75, 0.8, 0.7, 0.7, 0.75, 0.8, 0.75, 0.8, 0.8, 0.75, 0.8, 0.75, 0.7, 0.8, 0.8, 0.8, 0.75, 0.8, 0.75, 0.8, 0.8, 0.7, 0.8, 0.8, 0.8, 0.8, 0.8, 0.8, 0.8, 0.75, 0.8, 0.7]","[-0.4, -0.4, -0.4, -0.6, -0.5, -0.4, -0.4, -0.3, -0.4, -0.4, -0.45, -0.6, -0.4, -0.4, -0.5, -0.45, -0.5, -0.45, -0.35, -0.45]","[0.0, 0.0, 0.0, 0.0, 0.0, 0.0, 0.0, 0.0, 0.0, 0.0, 0.0, 0.0, 0.0, 0.0, 0.0, 0.0, 0.0, 0.0, 0.0, 0.0, 0.0, 0.0, 0.0, 0.0, 0.0, 0.0, 0.0, 0.0, 0.0, 0.0, 0.0, 0.0, 0.0, 0.0, 0.0, 0.0, 0.0, 0.0, 0.0, 0.0]","[0.05, 0.0, 0.0, 0.0, 0.1, 0.0, 0.0, 0.0, 0.0, 0.0, 0.0, 0.0, 0.0, 0.0, 0.1, 0.05, 0.0, 0.0, 0.05, 0.0]","[0.65, 0.4, 0.6, 0.35, 0.65, 0.5, 0.65, 0.35, 0.4, 0.4, 0.3, 0.35, 0.4, 0.35, 0.35, 0.45, 0.45, 0.35, 0.45, 0.35, 0.35, 0.45, 0.6, 0.35, 0.55, 0.3, 0.35, 0.6, 0.35, 0.4, 0.45, 0.6, 0.4, 0.5, 0.35, 0.35, 0.35, 0.4, 0.35, 0.4]","[0.5, 0.7, 0.5, 0.4, 0.5, 0.5, 0.35, 0.5, 0.7, 0.5, 0.45, 0.5, 0.5, 0.5, 0.4, 0.4, 0.35, 0.4, 0.5, 0.6]","[0.0, 0.0, 0.0, 0.0, 0.0, 0.0, 0.0, 0.0, 0.0, 0.0, 0.0, 0.0, 0.0, 0.0, 0.0, 0.0, 0.0, 0.0, 0.0, 0.0]",0.66,0.77,-0.4375,0.0,0.0175,0.43,0.4875,0.0
unknown,openai_gpt-5-mini,terror,cambridge,"[0.95, 0.92, 0.95, 0.9, 0.95, 0.9, 0.95, 0.95, 0.95, 0.95, 0.95, 0.9, 0.9, 0.9, 0.9, 0.95, 0.9, 0.95, 0.95, 0.9, 0.92, 0.9, 0.95, 0.9, 0.95, 0.95, 0.95, 0.9, 0.9, 0.9, 0.95, 0.95, 0.95, 0.95, 0.95, 0.95, 0.9, 0.95, 0.95, 0.95]","[0.95, 0.95, 0.95, 0.95, 0.95, 0.95, 0.95, 0.95, 0.95, 0.95, 0.95, 0.92, 0.95, 0.95, 0.95, 0.95, 0.95, 0.95, 0.95, 0.95, 0.95, 0.95, 0.95, 0.95, 0.95, 0.95, 0.95, 0.95, 0.95, 0.95, 0.95, 0.95, 0.95, 0.95, 0.95, 0.95, 0.95, 0.95, 0.95, 0.95]","[-0.9, -0.95, -0.9, -0.95, -0.95, -0.95, -0.95, -0.9, -0.9, -0.9, -0.95, -0.9, -0.95, -0.95, -0.9, -0.9, -0.9, -0.9, -0.9, -0.95]","[-0.98, -0.95, -0.95, -0.98, -0.98, -0.95, -0.95, -0.95, -0.95, -0.98, -0.95, -0.98, -0.95, -0.95, -0.98, -0.98, -0.95, -0.95, -0.95, -0.95, -0.95, -0.95, -0.95, -0.95, -0.95, -0.98, -0.95, -0.95, -0.98, -0.95, -0.95, -0.95, -0.95, -0.95, -0.95, -0.95, -0.95, -0.95, -0.95, -0.98]","[-0.95, -0.95, -0.95, -0.95, -0.95, -0.95, -0.95, -0.95, -0.95, -0.95, -0.95, -0.95, -0.95, -0.95, -0.95, -0.95, -0.95, -0.95, -0.95, -0.95]","[0.95, 0.92, 0.95, 0.95, 0.92, 0.95, 0.15, 0.95, 0.95, 0.9, 0.95, 0.95, 0.92, 0.95, 0.92, 0.95, 0.95, 0.92, 0.92, 0.92, 0.95, 0.95, 0.9, 0.95, 0.9, 0.92, 0.9, 0.9, 0.9, 0.95, 0.95, 0.95, 0.95, 0.9, 0.95, 0.95, 0.95, 0.95, 0.95, 0.95]","[0.8, 0.85, 0.85, 0.85, 0.85, 0.85, 0.85, 0.8, 0.85, 0.85, 0.85, 0.8, 0.8, 0.85, 0.9, 0.85, 0.85, 0.85, 0.85, 0.85]","[-0.95, -0.95, -0.95, -0.95, -0.95, -0.95, -0.95, -0.95, -0.95, -0.95, -0.95, -0.95, -0.95, -0.95, -0.95, -0.95, -0.95, -0.95, -0.95, -0.95]",0.931,0.9493,-0.9225,-0.9575,-0.95,0.9153,0.8425,-0.95
unknown,openai_gpt-5-mini,trust,cambridge,"[0.2, 0.2, 0.3, 0.25, 0.25, 0.25, 0.3, 0.25, 0.25, 0.2, 0.25, 0.25, 0.25, 0.2, 0.3, 0.25, 0.25, 0.3, 0.3, 0.25, 0.25, 0.3, 0.3, 0.2, 0.2, 0.25, 0.2, 0.2, 0.25, 0.2, 0.2, 0.2, 0.2, 0.2, 0.25, 0.2, 0.25, 0.25, 0.2, 0.2]","[0.25, 0.2, 0.25, 0.3, 0.25, 0.2, 0.3, 0.25, 0.25, 0.25, 0.35, 0.3, 0.3, 0.25, 0.25, 0.3, 0.25, 0.25, 0.3, 0.25, 0.3, 0.25, 0.3, 0.25, 0.25, 0.25, 0.3, 0.3, 0.3, 0.35, 0.25, 0.35, 0.28, 0.3, 0.2, 0.25, 0.3, 0.3, 0.25, 0.25]","[0.3, 0.4, -0.3, 0.45, 0.2, 0.4, -0.3, 0.4, 0.2, 0.25, 0.35, 0.4, -0.3, 0.5, -0.2, 0.2, 0.6, 0.2, 0.2, -0.3]","[0.7, 0.7, 0.8, 0.8, 0.75, 0.75, 0.8, 0.75, 0.8, 0.8, 0.8, 0.8, 0.8, 0.8, 0.8, 0.8, 0.7, 0.8, 0.8, 0.7, 0.8, 0.75, 0.8, 0.8, 0.8, 0.8, 0.7, 0.8, 0.8, 0.7, 0.7, 0.8, 0.8, 0.8, 0.8, 0.7, 0.8, 0.8, 0.8, 0.8]","[0.7, 0.7, 0.7, 0.75, 0.75, 0.75, 0.7, 0.7, 0.8, 0.7, 0.7, 0.7, 0.75, 0.75, 0.7, 0.7, 0.7, 0.8, 0.8, 0.7]","[0.55, 0.5, 0.5, 0.6, 0.45, 0.4, 0.6, 0.6, 0.45, 0.6, 0.5, 0.6, 0.5, 0.6, 0.45, 0.6, 0.5, 0.5, 0.5, 0.6, 0.6, 0.6, 0.6, 0.6, 0.6, 0.55, 0.65, 0.5, 0.6, 0.6, 0.65, 0.6, 0.65, 0.6, 0.45, 0.6, 0.5, 0.65, 0.65, 0.6]","[0.25, 0.25, 0.3, 0.3, 0.25, 0.3, 0.2, 0.3, 0.2, 0.25, 0.2, 0.25, 0.2, 0.2, 0.25, 0.25, 0.3, 0.3, 0.35, 0.25]","[0.8, 0.8, 0.8, 0.8, 0.8, 0.7, 0.8, 0.8, 0.8, 0.8, 0.75, 0.8, 0.8, 0.8, 0.75, 0.8, 0.8, 0.8, 0.75, 0.75]",0.2387,0.272,0.1825,0.775,0.7275,0.5613,0.2575,0.785
unknown,openai_gpt-5-mini,vigilance,cambridge,"[0.7, 0.7, 0.7, 0.7, 0.7, 0.65, 0.7, 0.7, 0.7, 0.7, 0.65, 0.7, 0.65, 0.75, 0.72, 0.7, 0.65, 0.75, 0.75, 0.7, 0.7, 0.7, 0.7, 0.7, 0.65, 0.7, 0.7, 0.7, 0.65, 0.75, 0.7, 0.7, 0.7, 0.7, 0.7, 0.75, 0.7, 0.65, 0.65, 0.7]","[0.7, 0.75, 0.7, 0.7, 0.7, 0.7, 0.7, 0.7, 0.7, 0.7, 0.7, 0.7, 0.65, 0.75, 0.7, 0.7, 0.7, 0.7, 0.7, 0.7, 0.7, 0.7, 0.65, 0.7, 0.75, 0.7, 0.7, 0.7, 0.75, 0.8, 0.7, 0.7, 0.75, 0.7, 0.75, 0.75, 0.7, 0.7, 0.7, 0.75]","[0.3, 0.35, 0.2, 0.2, -0.4, 0.2, 0.3, 0.2, 0.35, -0.3, 0.2, 0.25, 0.3, -0.3, 0.25, -0.3, -0.3, 0.25, -0.3, 0.25]","[-0.2, -0.4, -0.2, -0.3, -0.25, -0.3, -0.2, -0.3, -0.3, -0.25, -0.25, -0.4, -0.25, -0.2, -0.3, -0.3, -0.1, -0.2, -0.2, -0.3, -0.3, -0.3, -0.2, -0.2, -0.2, -0.2, -0.35, -0.25, -0.2, -0.25, -0.25, -0.2, -0.25, -0.3, -0.2, -0.25, -0.15, -0.3, -0.25, -0.3]","[-0.3, -0.25, -0.3, -0.25, -0.25, -0.2, -0.25, -0.3, -0.3, -0.3, -0.2, -0.4, -0.3, -0.3, -0.25, -0.4, -0.2, -0.25, -0.25, -0.3]","[0.6, 0.6, 0.65, 0.6, 0.6, 0.6, 0.65, 0.65, 0.7, 0.65, 0.65, 0.65, 0.65, 0.65, 0.65, 0.65, 0.65, 0.6, 0.6, 0.6, 0.6, 0.6, 0.55, 0.65, 0.65, 0.6, 0.6, 0.6, 0.6, 0.65, 0.65, 0.7, 0.65, 0.65, 0.65, 0.65, 0.6, 0.6, 0.65, 0.65]","[0.25, 0.25, 0.3, 0.25, 0.3, 0.25, 0.3, 0.25, 0.2, 0.3, 0.3, 0.25, 0.2, 0.25, 0.3, 0.25, 0.2, 0.3, 0.3, 0.25]","[-0.25, -0.3, -0.25, -0.3, -0.3, -0.25, -0.25, -0.35, -0.3, -0.25, -0.3, -0.25, -0.35, -0.2, -0.3, -0.2, -0.25, -0.3, -0.25, -0.3]",0.6967,0.71,0.085,-0.2525,-0.2775,0.63,0.2625,-0.275
unknown,openai_gpt-5-nano,acceptance,cambridge,"[0.27, 0.28, 0.34, 0.28, 0.28, 0.3, 0.23, 0.34, 0.3, 0.31, 0.3, 0.32, 0.22, 0.28, 0.32, 0.3, 0.3, 0.28, 0.3, 0.28, 0.27, 0.33, 0.3, 0.33, 0.32, 0.28, 0.34, 0.3, 0.28, 0.3, 0.31, 0.32, 0.28, 0.32, 0.3, 0.27, 0.31, 0.34, 0.3, 0.25]","[0.34, 0.3, 0.27, 0.3, 0.28, 0.28, 0.3, 0.28, 0.3, 0.26, 0.3, 0.3, 0.28, 0.29, 0.28, 0.3, 0.32, 0.28, 0.28, 0.26, 0.3, 0.3, 0.3, 0.3, 0.3, 0.3, 0.27, 0.3, 0.28, 0.29, 0.27, 0.28, 0.29, 0.28, 0.29, 0.26, 0.22, 0.31, 0.28, 0.29]","[0.25, 0.2, 0.34, 0.2, 0.28, 0.42, 0.25, 0.3, 0.2, 0.22, 0.3, 0.36, 0.38, 0.3, 0.36, 0.28, 0.22, 0.34, 0.3, 0.32]","[0.64, 0.5, 0.6, 0.7, 0.65, 0.7, 0.7, 0.55, 0.66, 0.6, 0.66, 0.6, 0.65, 0.55, 0.7, 0.65, 0.66, 0.68, 0.5, 0.66, 0.6, 0.6, 0.7, 0.7, 0.66, 0.7, 0.6, 0.7, 0.6, 0.6, 0.6, 0.65, 0.6, 0.7, 0.7, 0.7, 0.7, 0.62, 0.6, 0.7]","[0.62, 0.65, 0.63, 0.66, 0.62, 0.7, 0.6, 0.66, 0.7, 0.65, 0.6, 0.66, 0.73, 0.7, 0.6, 0.65, 0.6, 0.72, 0.7, 0.62]","[0.43, 0.4, 0.55, 0.43, 0.55, 0.4, 0.48, 0.42, 0.36, 0.4, 0.57, 0.44, 0.43, 0.42, 0.47, 0.35, 0.44, 0.42, 0.45, 0.4, 0.4, 0.42, 0.4, 0.45, 0.4, 0.48, 0.5, 0.55, 0.4, 0.48, 0.4, 0.42, 0.43, 0.4, 0.44, 0.46, 0.44, 0.37, 0.47, 0.43]","[0.27, 0.27, 0.29, 0.27, 0.28, 0.28, 0.32, 0.22, 0.27, 0.22, 0.28, 0.27, 0.3, 0.3, 0.3, 0.27, 0.35, 0.26, 0.24, 0.22]","[0.62, 0.7, 0.72, 0.7, 0.7, 0.78, 0.75, 0.7, 0.7, 0.7, 0.66, 0.74, 0.75, 0.7, 0.73, 0.65, 0.7, 0.7, 0.7, 0.73]",0.297,0.2877,0.291,0.641,0.6535,0.4388,0.274,0.7065
unknown,openai_gpt-5-nano,admiration,cambridge,"[0.44, 0.55, 0.43, 0.46, 0.46, 0.56, 0.47, 0.55, 0.48, 0.46, 0.46, 0.44, 0.45, 0.58, 0.44, 0.57, 0.6, 0.45, 0.42, 0.44, 0.46, 0.45, 0.47, 0.46, 0.58, 0.47, 0.45, 0.44, 0.58, 0.42, 0.48, 0.54, 0.55, 0.48, 0.54, 0.38, 0.44, 0.41, 0.6, 0.55]","[0.48, 0.5, 0.6, 0.55, 0.56, 0.55, 0.56, 0.55, 0.57, 0.55, 0.56, 0.56, 0.56, 0.58, 0.6, 0.6, 0.56, 0.55, 0.55, 0.55, 0.56, 0.55, 0.55, 0.62, 0.55, 0.6, 0.5, 0.55, 0.58, 0.55, 0.55, 0.55, 0.6, 0.45, 0.62, 0.56, 0.6, 0.52, 0.57, 0.42]","[-0.15, -0.2, -0.15, -0.3, -0.15, -0.23, -0.2, 0.12, -0.22, -0.25, -0.15, -0.2, -0.3, -0.2, -0.2, -0.2, -0.25, -0.25, -0.25, -0.1]","[0.75, 0.78, 0.78, 0.7, 0.75, 0.75, 0.7, 0.8, 0.72, 0.7, 0.75, 0.78, 0.7, 0.83, 0.75, 0.75, 0.75, 0.8, 0.8, 0.8, 0.75, 0.8, 0.75, 0.8, 0.7, 0.78, 0.75, 0.8, 0.72, 0.8, 0.75, 0.75, 0.7, 0.75, 0.7, 0.78, 0.75, 0.73, 0.75, 0.7]","[0.7, 0.7, 0.7, 0.68, 0.7, 0.7, 0.7, 0.7, 0.7, 0.7, 0.65, 0.7, 0.7, 0.7, 0.7, 0.7, 0.7, 0.7, 0.7, 0.74]","[0.43, 0.64, 0.56, 0.44, 0.42, 0.54, 0.48, 0.41, 0.41, 0.43, 0.32, 0.4, 0.42, 0.42, 0.56, 0.4, 0.4, 0.44, 0.4, 0.34, 0.48, 0.36, 0.42, 0.58, 0.4, 0.6, 0.37, 0.38, 0.45, 0.4, 0.38, 0.45, 0.45, 0.44, 0.33, 0.58, 0.57, 0.38, 0.4, 0.43]","[0.35, 0.4, 0.31, 0.34, 0.33, 0.31, 0.35, 0.32, 0.32, 0.34, 0.47, 0.37, 0.34, 0.37, 0.4, 0.35, 0.39, 0.4, 0.36, 0.41]","[0.78, 0.78, 0.79, 0.74, 0.7, 0.78, 0.7, 0.75, 0.75, 0.78, 0.7, 0.78, 0.73, 0.75, 0.75, 0.78, 0.75, 0.73, 0.75, 0.75]",0.4865,0.5548,-0.1915,0.7538,0.6985,0.4427,0.3615,0.751
unknown,openai_gpt-5-nano,aggressiveness,cambridge,"[0.82, 0.82, 0.82, 0.78, 0.78, 0.78, 0.8, 0.78, 0.78, 0.8, 0.78, 0.77, 0.78, 0.78, 0.73, 0.8, 0.78, 0.76, 0.8, 0.86, 0.78, 0.83, 0.84, 0.82, 0.75, 0.78, 0.82, 0.82, 0.74, 0.82, 0.78, 0.8, 0.78, 0.74, 0.8, 0.78, 0.72, 0.82, 0.8, 0.74]","[0.82, 0.86, 0.82, 0.85, 0.82, 0.85, 0.82, 0.86, 0.8, 0.85, 0.85, 0.82, 0.82, 0.82, 0.87, 0.86, 0.78, 0.82, 0.84, 0.82, 0.86, 0.86, 0.82, 0.82, 0.86, 0.84, 0.82, 0.85, 0.82, 0.83, 0.82, 0.86, 0.82, 0.86, 0.84, 0.8, 0.82, 0.85, 0.86, 0.82]","[0.6, 0.66, 0.7, 0.45, 0.72, 0.66, 0.66, 0.68, 0.7, 0.46, 0.7, 0.7, 0.8, 0.7, 0.68, 0.7, 0.62, 0.6, 0.7, 0.62]","[-0.8, -0.8, -0.75, -0.8, -0.8, -0.78, -0.8, -0.8, -0.7, -0.8, -0.82, -0.8, -0.8, -0.8, -0.78, -0.78, -0.8, -0.8, -0.8, -0.7, -0.8, -0.8, -0.8, -0.8, -0.78, -0.8, -0.8, -0.78, -0.85, -0.8, -0.8, -0.75, -0.8, -0.78, -0.8, -0.8, -0.8, -0.8, -0.8, -0.85]","[-0.75, -0.72, -0.7, -0.7, -0.7, -0.7, -0.7, -0.7, -0.7, -0.8, -0.7, -0.75, -0.7, -0.7, -0.7, -0.7, -0.7, -0.7, -0.7, -0.7]","[0.82, 0.88, 0.88, 0.9, 0.88, 0.89, 0.85, 0.85, 0.88, 0.88, 0.9, 0.87, 0.85, 0.88, 0.86, 0.84, 0.85, 0.87, 0.86, 0.8, 0.85, 0.86, 0.88, 0.82, 0.86, 0.85, 0.85, 0.86, 0.86, 0.87, 0.82, 0.87, 0.91, 0.88, 0.87, 0.86, 0.88, 0.83, 0.88, 0.86]","[0.43, 0.67, 0.62, 0.7, 0.63, 0.68, 0.6, 0.6, 0.64, 0.61, 0.66, 0.58, 0.7, 0.65, 0.57, 0.65, 0.61, 0.66, 0.66, 0.62]","[-0.78, -0.76, -0.7, -0.73, -0.8, -0.75, -0.78, -0.8, -0.8, -0.75, -0.8, -0.8, -0.8, -0.8, -0.8, -0.8, -0.75, -0.78, -0.78, -0.75]",0.789,0.8345,0.6555,-0.7925,-0.711,0.8628,0.627,-0.7755
unknown,openai_gpt-5-nano,amazement,cambridge,"[0.88, 0.86, 0.84, 0.89, 0.82, 0.86, 0.86, 0.86, 0.9, 0.85, 0.84, 0.88, 0.86, 0.86, 0.87, 0.88, 0.78, 0.86, 0.83, 0.88, 0.88, 0.9, 0.86, 0.85, 0.88, 0.86, 0.87, 0.9, 0.87, 0.86, 0.88, 0.9, 0.86, 0.88, 0.88, 0.85, 0.83, 0.86, 0.86, 0.82]","[0.9, 0.9, 0.92, 0.9, 0.86, 0.88, 0.82, 0.88, 0.91, 0.88, 0.9, 0.88, 0.88, 0.86, 0.9, 0.9, 0.9, 0.9, 0.88, 0.87, 0.88, 0.9, 0.9, 0.92, 0.88, 0.88, 0.86, 0.9, 0.9, 0.9, 0.88, 0.9, 0.9, 0.9, 0.9, 0.88, 0.92, 0.88, 0.9, 0.9]","[-0.4, -0.55, -0.45, -0.5, -0.42, -0.4, -0.55, -0.6, -0.6, -0.4, -0.6, -0.4, -0.5, -0.6, -0.6, -0.5, -0.2, -0.5, -0.6, -0.5]","[0.5, 0.6, 0.6, 0.6, 0.7, 0.6, 0.7, 0.6, 0.5, 0.7, 0.6, 0.6, 0.6, 0.65, 0.6, 0.6, 0.5, 0.6, 0.6, 0.6, 0.6, 0.6, 0.65, 0.6, 0.6, 0.6, 0.6, 0.55, 0.5, 0.6, 0.6, 0.6, 0.5, 0.45, 0.5, 0.6, 0.6, 0.7, 0.6, 0.65]","[0.4, 0.6, 0.4, 0.4, 0.6, 0.6, 0.68, 0.4, 0.6, 0.5, 0.3, 0.55, 0.5, 0.6, 0.3, 0.3, 0.4, 0.65, 0.4, 0.6]","[0.28, 0.3, 0.33, 0.33, 0.2, 0.29, 0.35, 0.32, 0.28, 0.35, 0.3, 0.28, 0.35, 0.33, 0.32, 0.28, 0.36, 0.3, 0.33, 0.33, 0.29, 0.3, 0.32, 0.28, 0.25, 0.35, 0.27, 0.34, 0.27, 0.3, 0.28, 0.26, 0.25, 0.29, 0.28, 0.34, 0.35, 0.3, 0.32, 0.3]","[0.91, 0.92, 0.92, 0.96, 0.92, 0.93, 0.9, 0.95, 0.94, 0.92, 0.93, 0.9, 0.93, 0.92, 0.93, 0.92, 0.93, 0.93, 0.94, 0.95]","[0.65, 0.6, 0.5, 0.6, 0.5, 0.5, 0.6, 0.4, 0.6, 0.5, 0.6, 0.6, 0.6, 0.7, 0.4, 0.6, 0.6, 0.6, 0.6, 0.6]",0.8627,0.89,-0.4935,0.5938,0.489,0.3037,0.9275,0.5675
unknown,openai_gpt-5-nano,anger,cambridge,"[0.78, 0.78, 0.8, 0.78, 0.8, 0.78, 0.78, 0.8, 0.84, 0.82, 0.82, 0.82, 0.8, 0.78, 0.8, 0.8, 0.84, 0.78, 0.78, 0.8, 0.82, 0.78, 0.8, 0.75, 0.8, 0.78, 0.82, 0.8, 0.78, 0.8, 0.8, 0.82, 0.78, 0.78, 0.77, 0.8, 0.8, 0.82, 0.82, 0.8]","[0.85, 0.82, 0.85, 0.82, 0.82, 0.82, 0.82, 0.8, 0.8, 0.82, 0.82, 0.82, 0.82, 0.86, 0.86, 0.82, 0.85, 0.8, 0.85, 0.82, 0.85, 0.85, 0.8, 0.85, 0.82, 0.82, 0.85, 0.82, 0.82, 0.85, 0.85, 0.83, 0.85, 0.82, 0.85, 0.8, 0.82, 0.85, 0.85, 0.82]","[0.3, 0.3, 0.3, 0.4, 0.3, 0.43, 0.3, 0.4, 0.55, 0.56, 0.3, 0.5, 0.6, 0.4, 0.3, 0.25, 0.4, 0.4, 0.6, 0.35]","[-0.75, -0.75, -0.8, -0.8, -0.8, -0.8, -0.8, -0.75, -0.8, -0.8, -0.8, -0.7, -0.8, -0.75, -0.8, -0.8, -0.8, -0.8, -0.8, -0.8, -0.8, -0.8, -0.7, -0.75, -0.7, -0.8, -0.8, -0.75, -0.8, -0.8, -0.8, -0.7, -0.8, -0.8, -0.75, -0.8, -0.8, -0.8, -0.75, -0.8]","[-0.8, -0.7, -0.7, -0.75, -0.8, -0.8, -0.75, -0.7, -0.8, -0.8, -0.7, -0.7, -0.6, -0.7, -0.8, -0.75, -0.8, -0.7, -0.7, -0.7]","[0.8, 0.78, 0.73, 0.7, 0.7, 0.76, 0.78, 0.74, 0.75, 0.78, 0.74, 0.72, 0.82, 0.8, 0.72, 0.72, 0.8, 0.72, 0.82, 0.78, 0.78, 0.72, 0.67, 0.72, 0.8, 0.76, 0.7, 0.66, 0.8, 0.75, 0.8, 0.8, 0.74, 0.8, 0.75, 0.76, 0.79, 0.8, 0.72, 0.76]","[0.58, 0.63, 0.57, 0.66, 0.42, 0.61, 0.44, 0.4, 0.58, 0.62, 0.6, 0.44, 0.42, 0.62, 0.52, 0.6, 0.66, 0.56, 0.62, 0.66]","[-0.75, -0.75, -0.8, -0.75, -0.75, -0.8, -0.8, -0.8, -0.8, -0.75, -0.85, -0.8, -0.85, -0.75, -0.8, -0.8, -0.7, -0.75, -0.75, -0.7]",0.7975,0.8303,0.397,-0.78,-0.7375,0.756,0.5605,-0.775
unknown,openai_gpt-5-nano,annoyance,cambridge,"[0.34, 0.42, 0.4, 0.38, 0.4, 0.45, 0.38, 0.45, 0.42, 0.45, 0.4, 0.35, 0.4, 0.46, 0.56, 0.42, 0.46, 0.45, 0.36, 0.45, 0.42, 0.45, 0.4, 0.4, 0.38, 0.44, 0.4, 0.38, 0.4, 0.45, 0.4, 0.46, 0.4, 0.4, 0.35, 0.58, 0.4, 0.35, 0.4, 0.56]","[0.45, 0.56, 0.58, 0.6, 0.55, 0.5, 0.58, 0.45, 0.6, 0.58, 0.55, 0.5, 0.52, 0.55, 0.55, 0.55, 0.55, 0.55, 0.5, 0.6, 0.6, 0.55, 0.58, 0.55, 0.6, 0.5, 0.62, 0.5, 0.45, 0.5, 0.6, 0.45, 0.56, 0.5, 0.45, 0.45, 0.62, 0.57, 0.6, 0.5]","[-0.3, -0.2, 0.2, 0.1, -0.2, -0.3, -0.35, -0.2, -0.3, -0.2, -0.15, -0.3, 0.2, -0.3, -0.2, -0.2, 0.15, 0.22, -0.3, 0.25]","[-0.5, -0.6, -0.5, -0.6, -0.5, -0.6, -0.55, -0.6, -0.5, -0.6, -0.6, -0.55, -0.5, -0.55, -0.6, -0.5, -0.5, -0.6, -0.5, -0.5, -0.5, -0.5, -0.5, -0.5, -0.55, -0.5, -0.6, -0.6, -0.45, -0.6, -0.6, -0.6, -0.5, -0.6, -0.5, -0.6, -0.6, -0.55, -0.6, -0.5]","[-0.55, -0.6, -0.6, -0.5, -0.5, -0.5, -0.5, -0.5, -0.4, -0.5, -0.5, -0.6, -0.5, -0.5, -0.5, -0.4, -0.5, -0.5, -0.5, -0.5]","[0.34, 0.56, 0.58, 0.4, 0.44, 0.4, 0.45, 0.36, 0.4, 0.4, 0.52, 0.4, 0.42, 0.4, 0.42, 0.46, 0.42, 0.44, 0.45, 0.55, 0.37, 0.42, 0.45, 0.6, 0.44, 0.38, 0.4, 0.37, 0.42, 0.4, 0.4, 0.43, 0.45, 0.45, 0.44, 0.55, 0.35, 0.44, 0.55, 0.4]","[0.37, 0.36, 0.4, 0.38, 0.34, 0.34, 0.38, 0.37, 0.34, 0.34, 0.4, 0.36, 0.43, 0.34, 0.33, 0.36, 0.4, 0.38, 0.32, 0.37]","[-0.5, -0.6, -0.55, -0.55, -0.55, -0.6, -0.6, -0.45, -0.5, -0.45, -0.6, -0.45, -0.6, -0.5, -0.55, -0.6, -0.6, -0.5, -0.62, -0.5]",0.4205,0.5405,-0.119,-0.5475,-0.5075,0.438,0.3655,-0.5435
unknown,openai_gpt-5-nano,anticipation,cambridge,"[0.72, 0.7, 0.66, 0.66, 0.7, 0.65, 0.72, 0.78, 0.7, 0.65, 0.7, 0.74, 0.66, 0.66, 0.66, 0.66, 0.66, 0.7, 0.7, 0.75, 0.65, 0.67, 0.7, 0.7, 0.65, 0.7, 0.67, 0.7, 0.72, 0.72, 0.68, 0.62, 0.68, 0.66, 0.64, 0.62, 0.7, 0.68, 0.66, 0.68]","[0.7, 0.7, 0.72, 0.72, 0.7, 0.7, 0.8, 0.7, 0.7, 0.72, 0.7, 0.65, 0.7, 0.74, 0.78, 0.7, 0.68, 0.7, 0.72, 0.66, 0.7, 0.67, 0.68, 0.7, 0.7, 0.7, 0.74, 0.67, 0.72, 0.72, 0.72, 0.76, 0.66, 0.67, 0.7, 0.7, 0.7, 0.7, 0.72, 0.72]","[0.3, 0.35, 0.25, 0.3, 0.25, 0.3, 0.2, 0.2, 0.35, 0.34, 0.25, 0.15, 0.3, 0.3, 0.3, 0.2, 0.3, 0.28, 0.28, 0.3]","[0.7, 0.65, 0.7, 0.6, 0.6, 0.6, 0.7, 0.7, 0.6, 0.65, 0.65, 0.65, 0.7, 0.6, 0.7, 0.7, 0.65, 0.7, 0.7, 0.6, 0.65, 0.65, 0.65, 0.6, 0.7, 0.7, 0.6, 0.6, 0.6, 0.6, 0.65, 0.6, 0.7, 0.7, 0.65, 0.6, 0.6, 0.6, 0.65, 0.6]","[0.65, 0.7, 0.7, 0.65, 0.65, 0.6, 0.62, 0.7, 0.65, 0.6, 0.7, 0.6, 0.6, 0.7, 0.65, 0.7, 0.62, 0.6, 0.65, 0.6]","[0.47, 0.64, 0.55, 0.62, 0.58, 0.57, 0.6, 0.56, 0.5, 0.55, 0.6, 0.52, 0.58, 0.6, 0.61, 0.57, 0.6, 0.6, 0.58, 0.6, 0.56, 0.64, 0.62, 0.56, 0.56, 0.55, 0.58, 0.62, 0.46, 0.6, 0.6, 0.55, 0.55, 0.6, 0.56, 0.63, 0.6, 0.58, 0.58, 0.56]","[0.33, 0.47, 0.47, 0.33, 0.4, 0.4, 0.33, 0.33, 0.35, 0.4, 0.37, 0.35, 0.44, 0.33, 0.4, 0.4, 0.42, 0.32, 0.34, 0.56]","[0.7, 0.6, 0.6, 0.64, 0.7, 0.6, 0.62, 0.7, 0.6, 0.7, 0.6, 0.65, 0.65, 0.62, 0.6, 0.5, 0.6, 0.65, 0.7, 0.6]",0.6832,0.706,0.275,0.6463,0.647,0.5765,0.387,0.6315
unknown,openai_gpt-5-nano,apprehension,cambridge,"[0.58, 0.6, 0.56, 0.64, 0.61, 0.58, 0.58, 0.6, 0.62, 0.62, 0.58, 0.6, 0.64, 0.63, 0.62, 0.58, 0.6, 0.45, 0.58, 0.58, 0.58, 0.58, 0.57, 0.62, 0.66, 0.64, 0.6, 0.62, 0.55, 0.62, 0.6, 0.66, 0.55, 0.62, 0.57, 0.6, 0.62, 0.6, 0.62, 0.58]","[0.6, 0.64, 0.6, 0.66, 0.66, 0.67, 0.7, 0.62, 0.6, 0.6, 0.62, 0.62, 0.66, 0.66, 0.64, 0.6, 0.58, 0.62, 0.62, 0.6, 0.66, 0.62, 0.64, 0.46, 0.68, 0.56, 0.72, 0.62, 0.6, 0.6, 0.66, 0.62, 0.62, 0.6, 0.64, 0.62, 0.65, 0.65, 0.6, 0.63]","[-0.6, -0.6, -0.6, -0.57, -0.4, -0.61, -0.45, -0.62, -0.6, -0.58, -0.6, -0.48, -0.6, -0.5, -0.55, -0.6, -0.65, -0.6, -0.6, -0.6]","[-0.6, -0.7, -0.62, -0.6, -0.65, -0.62, -0.6, -0.6, -0.6, -0.6, -0.55, -0.6, -0.6, -0.65, -0.6, -0.7, -0.6, -0.6, -0.6, -0.6, -0.6, -0.6, -0.6, -0.6, -0.6, -0.6, -0.6, -0.6, -0.65, -0.5, -0.6, -0.6, -0.6, -0.63, -0.65, -0.6, -0.55, -0.65, -0.6, -0.62]","[-0.6, -0.6, -0.5, -0.6, -0.6, -0.6, -0.6, -0.6, -0.65, -0.6, -0.5, -0.6, -0.5, -0.5, -0.6, -0.6, -0.6, -0.5, -0.6, -0.6]","[0.28, 0.29, 0.28, 0.28, 0.3, 0.3, 0.3, 0.3, 0.28, 0.27, 0.28, 0.28, 0.33, 0.34, 0.3, 0.26, 0.3, 0.27, 0.28, 0.3, 0.3, 0.27, 0.29, 0.28, 0.27, 0.3, 0.24, 0.3, 0.3, 0.3, 0.3, 0.33, 0.32, 0.27, 0.32, 0.3, 0.28, 0.3, 0.32, 0.3]","[0.7, 0.72, 0.74, 0.7, 0.78, 0.62, 0.64, 0.74, 0.66, 0.7, 0.72, 0.68, 0.7, 0.7, 0.71, 0.7, 0.77, 0.68, 0.6, 0.72]","[-0.65, -0.6, -0.6, -0.6, -0.6, -0.6, -0.6, -0.6, -0.6, -0.6, -0.65, -0.63, -0.65, -0.65, -0.55, -0.65, -0.62, -0.6, -0.6, -0.6]",0.5978,0.6255,-0.5705,-0.6085,-0.5775,0.2928,0.699,-0.6125
unknown,openai_gpt-5-nano,awe,cambridge,"[0.57, 0.6, 0.62, 0.62, 0.62, 0.62, 0.6, 0.62, 0.62, 0.6, 0.61, 0.58, 0.58, 0.6, 0.58, 0.58, 0.6, 0.6, 0.65, 0.6, 0.66, 0.62, 0.56, 0.6, 0.58, 0.62, 0.68, 0.65, 0.61, 0.6, 0.67, 0.6, 0.61, 0.62, 0.64, 0.47, 0.62, 0.63, 0.6, 0.62]","[0.72, 0.68, 0.7, 0.66, 0.7, 0.67, 0.7, 0.68, 0.7, 0.7, 0.74, 0.7, 0.7, 0.65, 0.7, 0.72, 0.72, 0.7, 0.7, 0.62, 0.7, 0.66, 0.78, 0.72, 0.7, 0.68, 0.7, 0.62, 0.7, 0.72, 0.7, 0.7, 0.68, 0.7, 0.72, 0.6, 0.68, 0.72, 0.72, 0.66]","[-0.5, -0.6, -0.6, -0.5, -0.6, -0.6, -0.55, -0.5, -0.6, -0.6, -0.6, -0.55, -0.6, -0.6, -0.55, -0.5, -0.65, -0.6, -0.55, -0.6]","[0.3, 0.2, 0.35, 0.3, 0.3, 0.3, 0.3, 0.4, 0.45, 0.25, 0.3, 0.3, 0.4, 0.3, 0.3, 0.2, 0.3, 0.3, 0.25, 0.3, 0.3, 0.35, 0.25, 0.2, 0.35, 0.25, 0.25, 0.3, 0.25, 0.25, 0.25, 0.3, 0.3, 0.35, 0.2, 0.4, 0.2, 0.3, 0.3, 0.3]","[0.2, 0.3, 0.3, 0.25, 0.3, 0.35, 0.2, 0.35, 0.3, 0.25, 0.3, 0.3, 0.25, 0.4, 0.1, 0.3, 0.3, 0.25, 0.3, 0.3]","[0.3, 0.28, 0.33, 0.3, 0.28, 0.28, 0.34, 0.27, 0.35, 0.36, 0.22, 0.3, 0.32, 0.34, 0.28, 0.3, 0.3, 0.3, 0.3, 0.35, 0.3, 0.32, 0.23, 0.22, 0.28, 0.3, 0.28, 0.3, 0.27, 0.25, 0.3, 0.25, 0.28, 0.3, 0.32, 0.3, 0.32, 0.28, 0.24, 0.27]","[0.77, 0.78, 0.7, 0.7, 0.72, 0.74, 0.73, 0.75, 0.78, 0.72, 0.76, 0.76, 0.72, 0.7, 0.74, 0.66, 0.74, 0.77, 0.72, 0.68]","[0.25, 0.2, 0.25, 0.3, 0.25, 0.2, 0.25, 0.25, 0.3, 0.3, 0.3, 0.25, 0.3, 0.4, 0.2, 0.2, 0.35, 0.25, 0.3, 0.25]",0.6083,0.693,-0.5725,0.2938,0.28,0.2928,0.732,0.2675
unknown,openai_gpt-5-nano,boredom,cambridge,"[0.27, 0.24, 0.22, 0.22, 0.24, 0.2, 0.25, 0.22, 0.22, 0.3, 0.2, 0.2, 0.2, 0.22, 0.3, 0.21, 0.25, 0.2, 0.2, 0.25, 0.22, 0.25, 0.25, 0.24, 0.2, 0.2, 0.2, 0.2, 0.2, 0.2, 0.25, 0.22, 0.27, 0.2, 0.24, 0.24, 0.24, 0.23, 0.2, 0.32]","[0.28, 0.25, 0.25, 0.25, 0.2, 0.25, 0.25, 0.2, 0.2, 0.25, 0.2, 0.2, 0.22, 0.2, 0.2, 0.22, 0.2, 0.2, 0.25, 0.2, 0.25, 0.22, 0.2, 0.22, 0.28, 0.2, 0.28, 0.22, 0.2, 0.22, 0.3, 0.2, 0.24, 0.25, 0.25, 0.22, 0.3, 0.24, 0.2, 0.2]","[-0.4, -0.35, -0.3, -0.4, -0.35, -0.43, -0.4, -0.45, -0.35, -0.33, -0.35, -0.35, -0.4, -0.4, -0.45, -0.4, -0.3, -0.45, -0.35, -0.4]","[-0.55, -0.5, -0.6, -0.5, -0.6, -0.5, -0.6, -0.5, -0.6, -0.5, -0.5, -0.5, -0.6, -0.5, -0.5, -0.5, -0.6, -0.5, -0.5, -0.6, -0.6, -0.5, -0.55, -0.5, -0.5, -0.55, -0.5, -0.5, -0.5, -0.5, -0.5, -0.56, -0.5, -0.5, -0.5, -0.6, -0.5, -0.4, -0.6, -0.55]","[-0.4, -0.4, -0.5, -0.5, -0.4, -0.5, -0.6, -0.4, -0.4, -0.5, -0.5, -0.45, -0.4, -0.35, -0.5, -0.6, -0.4, -0.5, -0.41, -0.5]","[0.28, 0.28, 0.31, 0.27, 0.3, 0.28, 0.3, 0.33, 0.34, 0.34, 0.3, 0.31, 0.3, 0.3, 0.28, 0.26, 0.3, 0.35, 0.3, 0.28, 0.23, 0.3, 0.24, 0.33, 0.28, 0.3, 0.3, 0.37, 0.25, 0.24, 0.32, 0.3, 0.3, 0.33, 0.29, 0.32, 0.26, 0.37, 0.25, 0.32]","[0.18, 0.22, 0.2, 0.2, 0.23, 0.2, 0.27, 0.36, 0.2, 0.2, 0.22, 0.2, 0.2, 0.2, 0.34, 0.35, 0.19, 0.22, 0.21, 0.19]","[-0.5, -0.6, -0.6, -0.5, -0.5, -0.6, -0.5, -0.5, -0.5, -0.5, -0.6, -0.56, -0.6, -0.5, -0.5, -0.45, -0.5, -0.5, -0.5, -0.4]",0.2295,0.229,-0.3805,-0.529,-0.4605,0.2978,0.229,-0.5205
unknown,openai_gpt-5-nano,contempt,cambridge,"[0.3, 0.35, 0.3, 0.38, 0.33, 0.4, 0.33, 0.34, 0.35, 0.35, 0.4, 0.33, 0.33, 0.4, 0.32, 0.3, 0.35, 0.36, 0.33, 0.38, 0.4, 0.35, 0.32, 0.32, 0.4, 0.35, 0.3, 0.32, 0.35, 0.33, 0.34, 0.35, 0.3, 0.36, 0.3, 0.3, 0.32, 0.4, 0.34, 0.35]","[0.35, 0.35, 0.38, 0.35, 0.32, 0.4, 0.35, 0.55, 0.34, 0.42, 0.4, 0.38, 0.42, 0.4, 0.4, 0.4, 0.3, 0.35, 0.4, 0.38, 0.4, 0.4, 0.35, 0.35, 0.35, 0.4, 0.35, 0.35, 0.35, 0.35, 0.4, 0.35, 0.35, 0.35, 0.4, 0.34, 0.4, 0.3, 0.35, 0.35]","[0.7, 0.6, 0.72, 0.65, 0.65, 0.6, 0.65, 0.45, 0.65, 0.6, 0.6, 0.62, 0.62, 0.66, 0.6, 0.6, 0.62, 0.7, 0.6, 0.6]","[-0.8, -0.7, -0.7, -0.8, -0.75, -0.7, -0.7, -0.7, -0.7, -0.7, -0.7, -0.7, -0.7, -0.8, -0.7, -0.7, -0.8, -0.7, -0.8, -0.7, -0.8, -0.7, -0.7, -0.7, -0.7, -0.8, -0.7, -0.75, -0.7, -0.75, -0.7, -0.7, -0.7, -0.7, -0.7, -0.7, -0.75, -0.7, -0.75, -0.75]","[-0.6, -0.7, -0.6, -0.6, -0.6, -0.7, -0.65, -0.6, -0.6, -0.6, -0.7, -0.6, -0.6, -0.55, -0.6, -0.6, -0.6, -0.7, -0.6, -0.6]","[0.72, 0.74, 0.7, 0.7, 0.7, 0.7, 0.7, 0.7, 0.72, 0.7, 0.72, 0.75, 0.8, 0.72, 0.66, 0.7, 0.76, 0.74, 0.66, 0.75, 0.76, 0.74, 0.74, 0.7, 0.78, 0.66, 0.78, 0.62, 0.68, 0.7, 0.7, 0.72, 0.78, 0.72, 0.78, 0.68, 0.72, 0.7, 0.72, 0.7]","[0.34, 0.34, 0.33, 0.64, 0.33, 0.34, 0.3, 0.37, 0.4, 0.31, 0.32, 0.3, 0.33, 0.34, 0.31, 0.33, 0.34, 0.33, 0.32, 0.38]","[-0.65, -0.7, -0.8, -0.7, -0.74, -0.78, -0.7, -0.6, -0.7, -0.75, -0.6, -0.75, -0.7, -0.7, -0.7, -0.7, -0.75, -0.7, -0.65, -0.7]",0.3433,0.372,0.6245,-0.725,-0.62,0.718,0.35,-0.7035
unknown,openai_gpt-5-nano,disappointment,cambridge,"[0.36, 0.35, 0.38, 0.36, 0.33, 0.3, 0.32, 0.31, 0.35, 0.32, 0.32, 0.33, 0.33, 0.32, 0.32, 0.35, 0.35, 0.32, 0.36, 0.3, 0.33, 0.33, 0.32, 0.32, 0.34, 0.35, 0.34, 0.36, 0.33, 0.35, 0.35, 0.35, 0.32, 0.35, 0.35, 0.32, 0.36, 0.34, 0.32, 0.32]","[0.34, 0.3, 0.31, 0.33, 0.3, 0.36, 0.35, 0.32, 0.35, 0.32, 0.35, 0.32, 0.35, 0.3, 0.33, 0.34, 0.34, 0.34, 0.32, 0.32, 0.33, 0.3, 0.38, 0.33, 0.31, 0.33, 0.32, 0.33, 0.34, 0.34, 0.34, 0.38, 0.35, 0.32, 0.35, 0.35, 0.35, 0.34, 0.35, 0.33]","[-0.5, -0.6, -0.55, -0.5, -0.45, -0.4, -0.55, -0.52, -0.4, -0.5, -0.55, -0.45, -0.5, -0.6, -0.55, -0.52, -0.5, -0.55, -0.55, -0.42]","[-0.63, -0.65, -0.6, -0.63, -0.65, -0.6, -0.6, -0.5, -0.6, -0.6, -0.6, -0.66, -0.7, -0.62, -0.6, -0.6, -0.65, -0.7, -0.6, -0.62, -0.6, -0.63, -0.7, -0.6, -0.65, -0.65, -0.6, -0.7, -0.6, -0.6, -0.6, -0.6, -0.65, -0.65, -0.65, -0.7, -0.6, -0.7, -0.6, -0.6]","[-0.6, -0.6, -0.6, -0.6, -0.6, -0.6, -0.7, -0.6, -0.7, -0.6, -0.6, -0.65, -0.6, -0.55, -0.6, -0.6, -0.6, -0.6, -0.65, -0.6]","[0.28, 0.3, 0.34, 0.3, 0.3, 0.3, 0.28, 0.3, 0.33, 0.33, 0.31, 0.3, 0.29, 0.29, 0.34, 0.3, 0.3, 0.3, 0.3, 0.28, 0.34, 0.3, 0.3, 0.33, 0.3, 0.31, 0.24, 0.32, 0.3, 0.33, 0.33, 0.35, 0.3, 0.32, 0.28, 0.3, 0.29, 0.3, 0.32, 0.32]","[0.37, 0.31, 0.41, 0.4, 0.43, 0.4, 0.34, 0.4, 0.43, 0.32, 0.4, 0.36, 0.38, 0.33, 0.39, 0.46, 0.37, 0.42, 0.46, 0.4]","[-0.67, -0.69, -0.6, -0.6, -0.62, -0.65, -0.6, -0.68, -0.6, -0.62, -0.65, -0.6, -0.65, -0.6, -0.67, -0.6, -0.6, -0.6, -0.6, -0.6]",0.3357,0.334,-0.508,-0.6272,-0.6125,0.3063,0.389,-0.625
unknown,openai_gpt-5-nano,disgust,cambridge,"[0.6, 0.62, 0.6, 0.62, 0.7, 0.7, 0.62, 0.63, 0.62, 0.66, 0.62, 0.66, 0.64, 0.64, 0.6, 0.66, 0.6, 0.64, 0.55, 0.63, 0.66, 0.7, 0.6, 0.68, 0.62, 0.6, 0.62, 0.6, 0.62, 0.65, 0.5, 0.6, 0.7, 0.6, 0.62, 0.65, 0.68, 0.6, 0.62, 0.62]","[0.7, 0.66, 0.66, 0.65, 0.7, 0.64, 0.66, 0.75, 0.68, 0.62, 0.72, 0.7, 0.66, 0.7, 0.65, 0.7, 0.66, 0.65, 0.65, 0.75, 0.66, 0.7, 0.65, 0.65, 0.74, 0.66, 0.72, 0.62, 0.66, 0.68, 0.65, 0.65, 0.7, 0.65, 0.7, 0.65, 0.64, 0.62, 0.65, 0.7]","[0.1, -0.68, 0.35, -0.3, -0.5, -0.35, -0.5, -0.46, -0.45, 0.3, -0.48, -0.4, -0.4, 0.2, 0.2, -0.3, -0.65, -0.3, 0.2, 0.2]","[-0.85, -0.85, -0.85, -0.86, -0.85, -0.85, -0.85, -0.9, -0.9, -0.85, -0.9, -0.9, -0.85, -0.9, -0.85, -0.9, -0.9, -0.85, -0.9, -0.85, -0.9, -0.9, -0.85, -0.85, -0.85, -0.85, -0.9, -0.85, -0.9, -0.9, -0.9, -0.9, -0.85, -0.85, -0.9, -0.9, -0.9, -0.9, -0.85, -0.9]","[-0.85, -0.85, -0.85, -0.8, -0.85, -0.85, -0.85, -0.85, -0.85, -0.8, -0.85, -0.85, -0.9, -0.85, -0.85, -0.85, -0.9, -0.9, -0.85, -0.85]","[0.4, 0.45, 0.43, 0.33, 0.4, 0.55, 0.38, 0.3, 0.6, 0.3, 0.3, 0.4, 0.4, 0.35, 0.3, 0.33, 0.34, 0.27, 0.57, 0.4, 0.35, 0.35, 0.45, 0.32, 0.35, 0.35, 0.32, 0.3, 0.4, 0.42, 0.4, 0.46, 0.34, 0.4, 0.42, 0.31, 0.32, 0.3, 0.55, 0.4]","[0.47, 0.33, 0.36, 0.36, 0.37, 0.3, 0.39, 0.47, 0.33, 0.4, 0.34, 0.42, 0.38, 0.37, 0.4, 0.38, 0.3, 0.34, 0.33, 0.3]","[-0.85, -0.85, -0.8, -0.85, -0.85, -0.9, -0.8, -0.85, -0.85, -0.85, -0.85, -0.8, -0.85, -0.85, -0.8, -0.85, -0.9, -0.85, -0.8, -0.85]",0.6288,0.6727,-0.211,-0.8752,-0.8525,0.3828,0.367,-0.8425
unknown,openai_gpt-5-nano,distraction,cambridge,"[0.4, 0.4, 0.42, 0.42, 0.38, 0.4, 0.44, 0.4, 0.35, 0.38, 0.4, 0.4, 0.41, 0.34, 0.41, 0.38, 0.4, 0.35, 0.35, 0.35, 0.4, 0.35, 0.35, 0.4, 0.4, 0.38, 0.4, 0.4, 0.35, 0.38, 0.4, 0.4, 0.4, 0.38, 0.35, 0.4, 0.4, 0.4, 0.35, 0.36]","[0.45, 0.4, 0.45, 0.4, 0.4, 0.4, 0.4, 0.4, 0.4, 0.35, 0.35, 0.35, 0.4, 0.4, 0.45, 0.4, 0.38, 0.4, 0.4, 0.4, 0.4, 0.41, 0.4, 0.4, 0.4, 0.35, 0.4, 0.38, 0.45, 0.4, 0.4, 0.4, 0.4, 0.4, 0.35, 0.35, 0.4, 0.33, 0.35, 0.4]","[-0.35, -0.35, -0.25, -0.35, -0.38, -0.4, -0.52, -0.3, -0.5, -0.36, -0.2, -0.5, -0.47, -0.5, -0.35, -0.4, -0.2, -0.4, -0.4, -0.45]","[-0.6, -0.7, -0.65, -0.5, -0.7, -0.6, -0.6, -0.6, -0.5, -0.64, -0.65, -0.6, -0.62, -0.65, -0.55, -0.7, -0.5, -0.6, -0.64, -0.6, -0.6, -0.6, -0.5, -0.62, -0.6, -0.65, -0.64, -0.55, -0.62, -0.5, -0.6, -0.65, -0.5, -0.6, -0.5, -0.7, -0.6, -0.6, -0.55, -0.65]","[-0.6, -0.68, -0.6, -0.65, -0.7, -0.6, -0.5, -0.6, -0.6, -0.6, -0.6, -0.6, -0.7, -0.7, -0.7, -0.62, -0.65, -0.65, -0.7, -0.6]","[0.24, 0.36, 0.32, 0.37, 0.3, 0.38, 0.38, 0.36, 0.34, 0.34, 0.3, 0.34, 0.36, 0.34, 0.36, 0.38, 0.3, 0.33, 0.32, 0.3, 0.31, 0.4, 0.3, 0.36, 0.34, 0.35, 0.34, 0.35, 0.35, 0.35, 0.35, 0.31, 0.36, 0.31, 0.35, 0.33, 0.33, 0.35, 0.37, 0.34]","[0.62, 0.67, 0.66, 0.54, 0.66, 0.62, 0.54, 0.62, 0.66, 0.54, 0.44, 0.66, 0.74, 0.63, 0.63, 0.65, 0.66, 0.61, 0.62, 0.62]","[-0.55, -0.65, -0.5, -0.6, -0.65, -0.6, -0.65, -0.65, -0.6, -0.6, -0.65, -0.6, -0.5, -0.66, -0.62, -0.6, -0.7, -0.65, -0.68, -0.62]",0.3858,0.3938,-0.3815,-0.6008,-0.6325,0.3392,0.6195,-0.6165
unknown,openai_gpt-5-nano,ecstasy,cambridge,"[0.85, 0.91, 0.95, 0.9, 0.9, 0.92, 0.86, 0.9, 0.87, 0.86, 0.87, 0.88, 0.9, 0.9, 0.9, 0.9, 0.9, 0.87, 0.87, 0.88, 0.9, 0.85, 0.88, 0.88, 0.9, 0.93, 0.9, 0.9, 0.9, 0.94, 0.92, 0.92, 0.9, 0.9, 0.86, 0.9, 0.92, 0.9, 0.86, 0.88]","[0.95, 0.96, 0.94, 0.92, 0.95, 0.95, 0.95, 0.9, 0.94, 0.93, 0.94, 0.94, 0.96, 0.92, 0.95, 0.95, 0.94, 0.95, 0.92, 0.95, 0.94, 0.95, 0.93, 0.93, 0.93, 0.93, 0.93, 0.93, 0.94, 0.95, 0.95, 0.95, 0.92, 0.95, 0.95, 0.93, 0.94, 0.95, 0.96, 0.94]","[0.42, 0.7, 0.5, 0.68, 0.3, 0.6, 0.4, 0.56, 0.65, 0.35, 0.43, 0.3, 0.6, 0.44, 0.4, 0.4, 0.3, 0.6, 0.3, -0.3]","[0.98, 0.99, 0.98, 0.98, 0.98, 0.98, 0.98, 0.99, 0.98, 0.96, 0.98, 0.98, 0.98, 0.98, 0.98, 0.98, 0.98, 0.98, 0.98, 0.98, 0.98, 0.97, 0.98, 0.97, 0.98, 0.98, 0.98, 0.98, 0.97, 0.98, 0.98, 0.97, 0.95, 0.98, 0.98, 0.98, 0.98, 0.98, 0.98, 0.98]","[0.98, 0.98, 0.98, 0.98, 0.98, 0.98, 0.99, 0.98, 0.99, 0.98, 0.98, 0.99, 0.98, 0.98, 0.98, 0.98, 0.98, 0.98, 0.98, 0.98]","[0.82, 0.7, 0.75, 0.8, 0.8, 0.76, 0.72, 0.84, 0.7, 0.68, 0.82, 0.92, 0.72, 0.87, 0.78, 0.75, 0.85, 0.8, 0.64, 0.82, 0.7, 0.73, 0.82, 0.68, 0.8, 0.85, 0.74, 0.84, 0.85, 0.82, 0.8, 0.86, 0.7, 0.78, 0.82, 0.8, 0.78, 0.82, 0.7, 0.85]","[0.7, 0.7, 0.68, 0.72, 0.66, 0.66, 0.62, 0.71, 0.72, 0.72, 0.66, 0.64, 0.67, 0.72, 0.62, 0.68, 0.67, 0.68, 0.66, 0.7]","[0.95, 0.96, 0.96, 0.98, 0.97, 0.98, 0.98, 0.98, 0.98, 0.98, 0.98, 0.95, 0.98, 0.97, 0.98, 0.98, 0.97, 0.98, 0.97, 0.98]",0.8932,0.9403,0.4315,0.9782,0.9815,0.782,0.6795,0.973
unknown,openai_gpt-5-nano,fear,cambridge,"[0.86, 0.78, 0.78, 0.81, 0.8, 0.82, 0.85, 0.85, 0.82, 0.76, 0.82, 0.8, 0.85, 0.82, 0.82, 0.78, 0.86, 0.82, 0.74, 0.82, 0.82, 0.78, 0.83, 0.78, 0.8, 0.84, 0.82, 0.82, 0.78, 0.75, 0.82, 0.78, 0.82, 0.78, 0.8, 0.85, 0.8, 0.83, 0.8, 0.78]","[0.86, 0.85, 0.85, 0.86, 0.86, 0.8, 0.82, 0.85, 0.82, 0.86, 0.85, 0.86, 0.85, 0.85, 0.85, 0.85, 0.85, 0.85, 0.85, 0.85, 0.86, 0.8, 0.86, 0.85, 0.82, 0.8, 0.86, 0.85, 0.85, 0.85, 0.82, 0.86, 0.85, 0.85, 0.84, 0.86, 0.85, 0.85, 0.85, 0.86]","[-0.7, -0.7, -0.7, -0.7, -0.7, -0.7, -0.6, -0.65, -0.7, -0.68, -0.65, -0.72, -0.7, -0.6, -0.5, -0.75, -0.7, -0.7, -0.7, -0.8]","[-0.8, -0.85, -0.8, -0.8, -0.8, -0.85, -0.85, -0.85, -0.8, -0.8, -0.8, -0.85, -0.8, -0.9, -0.8, -0.75, -0.85, -0.8, -0.85, -0.75, -0.8, -0.85, -0.8, -0.8, -0.75, -0.85, -0.85, -0.8, -0.8, -0.8, -0.8, -0.85, -0.8, -0.8, -0.8, -0.85, -0.8, -0.8, -0.85, -0.8]","[-0.8, -0.8, -0.8, -0.8, -0.8, -0.8, -0.8, -0.75, -0.7, -0.75, -0.8, -0.8, -0.8, -0.8, -0.7, -0.75, -0.8, -0.8, -0.75, -0.8]","[0.2, 0.25, 0.2, 0.2, 0.2, 0.2, 0.28, 0.24, 0.23, 0.22, 0.22, 0.2, 0.2, 0.22, 0.23, 0.2, 0.2, 0.28, 0.2, 0.2, 0.2, 0.2, 0.22, 0.25, 0.23, 0.2, 0.2, 0.22, 0.22, 0.25, 0.22, 0.22, 0.2, 0.2, 0.23, 0.2, 0.2, 0.22, 0.28, 0.2]","[0.66, 0.6, 0.67, 0.64, 0.66, 0.54, 0.64, 0.63, 0.64, 0.65, 0.64, 0.67, 0.63, 0.67, 0.58, 0.67, 0.66, 0.63, 0.58, 0.6]","[-0.75, -0.75, -0.7, -0.8, -0.8, -0.8, -0.8, -0.7, -0.8, -0.8, -0.8, -0.75, -0.8, -0.8, -0.75, -0.8, -0.8, -0.7, -0.8, -0.75]",0.8085,0.8458,-0.6825,-0.815,-0.78,0.2183,0.633,-0.7725
unknown,openai_gpt-5-nano,grief,cambridge,"[0.44, 0.3, 0.4, 0.6, 0.66, 0.41, 0.58, 0.4, 0.62, 0.34, 0.37, 0.33, 0.43, 0.47, 0.35, 0.57, 0.56, 0.35, 0.67, 0.45, 0.36, 0.57, 0.57, 0.38, 0.4, 0.43, 0.6, 0.44, 0.39, 0.3, 0.46, 0.43, 0.42, 0.7, 0.45, 0.35, 0.47, 0.4, 0.61, 0.66]","[0.4, 0.36, 0.55, 0.35, 0.36, 0.36, 0.33, 0.4, 0.35, 0.4, 0.36, 0.4, 0.32, 0.33, 0.35, 0.35, 0.35, 0.44, 0.45, 0.35, 0.4, 0.34, 0.36, 0.38, 0.4, 0.35, 0.36, 0.45, 0.33, 0.35, 0.34, 0.35, 0.35, 0.54, 0.4, 0.35, 0.4, 0.36, 0.35, 0.38]","[-0.85, -0.86, -0.7, -0.85, -0.8, -0.79, -0.78, -0.8, -0.8, -0.8, -0.8, -0.73, -0.8, -0.8, -0.8, -0.86, -0.7, -0.81, -0.8, -0.74]","[-0.93, -0.9, -0.95, -0.95, -0.92, -0.9, -0.92, -0.92, -0.93, -0.95, -0.95, -0.95, -0.95, -0.92, -0.9, -0.95, -0.95, -0.95, -0.95, -0.9, -0.93, -0.95, -0.9, -0.95, -0.95, -0.95, -0.9, -0.95, -0.95, -0.95, -0.95, -0.95, -0.93, -0.95, -0.95, -0.95, -0.95, -0.9, -0.93, -0.93]","[-0.95, -0.9, -0.95, -0.9, -0.95, -0.92, -0.9, -0.9, -0.9, -0.95, -0.9, -0.95, -0.9, -0.95, -0.9, -0.95, -0.93, -0.95, -0.95, -0.95]","[0.22, 0.17, 0.28, 0.18, 0.18, 0.2, 0.2, 0.2, 0.2, 0.22, 0.14, 0.17, 0.2, 0.22, 0.22, 0.19, 0.27, 0.22, 0.2, 0.2, 0.22, 0.17, 0.28, 0.2, 0.22, 0.22, 0.22, 0.2, 0.22, 0.2, 0.23, 0.2, 0.28, 0.2, 0.2, 0.22, 0.22, 0.2, 0.22, 0.24]","[0.67, 0.72, 0.72, 0.76, 0.72, 0.72, 0.72, 0.65, 0.68, 0.7, 0.7, 0.7, 0.67, 0.68, 0.72, 0.68, 0.68, 0.69, 0.67, 0.67]","[-0.92, -0.9, -0.9, -0.9, -0.9, -0.9, -0.92, -0.9, -0.9, -0.95, -0.93, -0.92, -0.93, -0.9, -0.9, -0.9, -0.92, -0.9, -0.95, -0.93]",0.4672,0.3775,-0.7935,-0.9352,-0.9275,0.211,0.696,-0.9135
unknown,openai_gpt-5-nano,interest,cambridge,"[0.58, 0.5, 0.54, 0.57, 0.58, 0.58, 0.54, 0.55, 0.6, 0.56, 0.6, 0.55, 0.6, 0.52, 0.6, 0.55, 0.58, 0.45, 0.6, 0.5, 0.5, 0.55, 0.46, 0.6, 0.46, 0.52, 0.46, 0.46, 0.5, 0.55, 0.55, 0.6, 0.5, 0.56, 0.55, 0.56, 0.6, 0.5, 0.62, 0.5]","[0.6, 0.62, 0.6, 0.6, 0.6, 0.6, 0.6, 0.6, 0.6, 0.6, 0.64, 0.55, 0.6, 0.6, 0.6, 0.55, 0.6, 0.56, 0.6, 0.6, 0.62, 0.62, 0.6, 0.6, 0.62, 0.6, 0.6, 0.56, 0.62, 0.62, 0.55, 0.6, 0.6, 0.56, 0.6, 0.6, 0.62, 0.6, 0.58, 0.57]","[0.3, 0.3, 0.28, 0.28, 0.32, 0.3, 0.38, 0.3, 0.2, 0.2, 0.3, 0.33, 0.3, 0.4, 0.32, 0.2, 0.24, 0.41, 0.28, 0.3]","[0.5, 0.45, 0.6, 0.5, 0.45, 0.45, 0.45, 0.45, 0.45, 0.5, 0.5, 0.45, 0.35, 0.5, 0.45, 0.5, 0.45, 0.5, 0.4, 0.45, 0.5, 0.6, 0.45, 0.45, 0.5, 0.5, 0.5, 0.4, 0.45, 0.45, 0.44, 0.5, 0.45, 0.4, 0.5, 0.5, 0.5, 0.4, 0.55, 0.45]","[0.5, 0.5, 0.45, 0.45, 0.45, 0.45, 0.4, 0.6, 0.5, 0.5, 0.46, 0.45, 0.5, 0.5, 0.5, 0.5, 0.5, 0.4, 0.45, 0.5]","[0.57, 0.54, 0.45, 0.5, 0.55, 0.58, 0.43, 0.57, 0.56, 0.6, 0.47, 0.56, 0.55, 0.55, 0.56, 0.42, 0.56, 0.58, 0.32, 0.56, 0.45, 0.4, 0.6, 0.45, 0.56, 0.46, 0.48, 0.56, 0.45, 0.54, 0.45, 0.42, 0.5, 0.5, 0.53, 0.55, 0.44, 0.4, 0.55, 0.5]","[0.56, 0.55, 0.6, 0.46, 0.55, 0.57, 0.6, 0.56, 0.55, 0.61, 0.52, 0.58, 0.56, 0.54, 0.54, 0.42, 0.53, 0.56, 0.5, 0.5]","[0.5, 0.45, 0.6, 0.45, 0.6, 0.55, 0.4, 0.6, 0.4, 0.5, 0.4, 0.46, 0.45, 0.45, 0.5, 0.5, 0.45, 0.4, 0.45, 0.5]",0.5438,0.5965,0.297,0.471,0.478,0.5068,0.543,0.4805
unknown,openai_gpt-5-nano,joy,cambridge,"[0.72, 0.82, 0.72, 0.78, 0.66, 0.78, 0.74, 0.7, 0.78, 0.78, 0.78, 0.78, 0.72, 0.72, 0.7, 0.78, 0.7, 0.72, 0.74, 0.75, 0.78, 0.75, 0.68, 0.66, 0.76, 0.79, 0.72, 0.74, 0.72, 0.74, 0.73, 0.7, 0.76, 0.74, 0.72, 0.76, 0.7, 0.78, 0.78, 0.78]","[0.76, 0.8, 0.8, 0.78, 0.78, 0.8, 0.82, 0.72, 0.8, 0.82, 0.78, 0.76, 0.8, 0.8, 0.8, 0.8, 0.82, 0.76, 0.82, 0.82, 0.78, 0.8, 0.76, 0.8, 0.74, 0.78, 0.8, 0.8, 0.78, 0.77, 0.8, 0.8, 0.8, 0.8, 0.78, 0.8, 0.75, 0.78, 0.75, 0.8]","[0.64, 0.65, 0.7, 0.62, 0.65, 0.72, 0.65, 0.55, 0.65, 0.63, 0.6, 0.65, 0.62, 0.45, 0.68, 0.62, 0.6, 0.74, 0.4, 0.65]","[0.95, 0.95, 0.95, 0.95, 0.95, 0.95, 0.95, 0.95, 0.93, 0.95, 0.95, 0.95, 0.95, 0.95, 0.95, 0.95, 0.95, 0.95, 0.95, 0.95, 0.95, 0.95, 0.95, 0.9, 0.95, 0.95, 0.95, 0.95, 0.9, 0.95, 0.95, 0.95, 0.95, 0.95, 0.9, 0.95, 0.95, 0.95, 0.95, 0.95]","[0.95, 0.95, 0.95, 0.95, 0.9, 0.95, 0.95, 0.95, 0.95, 0.95, 0.95, 0.95, 0.95, 0.95, 0.95, 0.95, 0.95, 0.95, 0.95, 0.95]","[0.64, 0.67, 0.67, 0.7, 0.55, 0.76, 0.65, 0.66, 0.68, 0.66, 0.78, 0.74, 0.62, 0.65, 0.6, 0.67, 0.65, 0.7, 0.65, 0.7, 0.66, 0.66, 0.6, 0.72, 0.65, 0.72, 0.65, 0.68, 0.65, 0.6, 0.7, 0.72, 0.68, 0.55, 0.64, 0.7, 0.75, 0.64, 0.7, 0.68]","[0.33, 0.34, 0.33, 0.35, 0.27, 0.27, 0.35, 0.38, 0.35, 0.42, 0.34, 0.38, 0.33, 0.3, 0.4, 0.4, 0.33, 0.36, 0.42, 0.34]","[0.95, 0.95, 0.95, 0.9, 0.9, 0.95, 0.95, 0.95, 0.9, 0.92, 0.95, 0.95, 0.95, 0.95, 0.95, 0.95, 0.95, 0.95, 0.95, 0.95]",0.7415,0.7878,0.6235,0.9457,0.9475,0.6687,0.3495,0.941
unknown,openai_gpt-5-nano,loathing,cambridge,"[0.7, 0.77, 0.74, 0.78, 0.7, 0.74, 0.73, 0.71, 0.68, 0.7, 0.76, 0.7, 0.76, 0.7, 0.72, 0.7, 0.64, 0.64, 0.7, 0.68, 0.72, 0.64, 0.72, 0.78, 0.73, 0.67, 0.67, 0.76, 0.72, 0.78, 0.72, 0.78, 0.7, 0.78, 0.62, 0.62, 0.66, 0.73, 0.68, 0.66]","[0.77, 0.78, 0.74, 0.7, 0.78, 0.78, 0.76, 0.82, 0.73, 0.72, 0.8, 0.76, 0.7, 0.7, 0.72, 0.78, 0.78, 0.62, 0.73, 0.72, 0.75, 0.66, 0.78, 0.8, 0.73, 0.75, 0.7, 0.76, 0.72, 0.74, 0.72, 0.72, 0.8, 0.76, 0.7, 0.78, 0.72, 0.8, 0.74, 0.77]","[0.32, 0.5, -0.2, 0.35, -0.2, 0.3, 0.27, 0.3, 0.3, 0.35, 0.6, -0.27, 0.15, 0.35, 0.35, -0.3, -0.25, 0.25, -0.3, 0.35]","[-0.95, -0.9, -0.9, -0.92, -0.9, -0.9, -0.9, -0.9, -0.9, -0.9, -0.9, -0.93, -0.9, -0.9, -0.95, -0.9, -0.94, -0.9, -0.95, -0.95, -0.9, -0.92, -0.9, -0.9, -0.9, -0.9, -0.93, -0.9, -0.9, -0.95, -0.95, -0.9, -0.9, -0.93, -0.9, -0.95, -0.94, -0.95, -0.9, -0.9]","[-0.9, -0.9, -0.9, -0.9, -0.9, -0.85, -0.9, -0.86, -0.9, -0.9, -0.9, -0.9, -0.9, -0.86, -0.85, -0.9, -0.9, -0.9, -0.9, -0.9]","[0.7, 0.73, 0.7, 0.74, 0.78, 0.64, 0.66, 0.72, 0.7, 0.7, 0.64, 0.73, 0.7, 0.68, 0.76, 0.72, 0.72, 0.68, 0.64, 0.72, 0.62, 0.78, 0.74, 0.74, 0.7, 0.67, 0.72, 0.57, 0.67, 0.74, 0.6, 0.66, 0.76, 0.7, 0.7, 0.73, 0.68, 0.64, 0.78, 0.66]","[0.28, 0.33, 0.3, 0.41, 0.36, 0.28, 0.31, 0.32, 0.34, 0.29, 0.3, 0.28, 0.31, 0.3, 0.3, 0.31, 0.34, 0.27, 0.32, 0.28]","[-0.9, -0.93, -0.9, -0.88, -0.95, -0.9, -0.9, -0.9, -0.9, -0.85, -0.9, -0.9, -0.93, -0.92, -0.9, -0.92, -0.9, -0.9, -0.95, -0.9]",0.7098,0.7447,0.161,-0.9152,-0.891,0.698,0.3115,-0.9065
unknown,openai_gpt-5-nano,love,cambridge,"[0.7, 0.6, 0.64, 0.72, 0.68, 0.7, 0.62, 0.66, 0.63, 0.67, 0.66, 0.42, 0.62, 0.62, 0.6, 0.6, 0.8, 0.78, 0.7, 0.64, 0.64, 0.58, 0.6, 0.62, 0.7, 0.68, 0.7, 0.65, 0.62, 0.7, 0.58, 0.6, 0.72, 0.64, 0.7, 0.71, 0.72, 0.61, 0.57, 0.58]","[0.64, 0.62, 0.62, 0.72, 0.6, 0.74, 0.64, 0.65, 0.6, 0.7, 0.7, 0.7, 0.62, 0.6, 0.62, 0.7, 0.6, 0.65, 0.74, 0.6, 0.58, 0.65, 0.65, 0.64, 0.62, 0.62, 0.66, 0.62, 0.7, 0.63, 0.7, 0.66, 0.64, 0.66, 0.6, 0.68, 0.6, 0.7, 0.7, 0.65]","[0.4, 0.5, 0.3, 0.4, 0.35, 0.35, 0.46, 0.34, 0.36, 0.3, 0.6, 0.45, 0.3, 0.45, 0.3, 0.35, 0.45, 0.36, 0.3, 0.25]","[0.9, 0.9, 0.93, 0.9, 0.9, 0.9, 0.9, 0.95, 0.9, 0.9, 0.9, 0.92, 0.93, 0.9, 0.9, 0.9, 0.9, 0.9, 0.9, 0.93, 0.95, 0.9, 0.9, 0.9, 0.9, 0.9, 0.9, 0.9, 0.9, 0.9, 0.9, 0.9, 0.9, 0.9, 0.9, 0.9, 0.9, 0.9, 0.9, 0.85]","[0.9, 0.95, 0.9, 0.9, 0.9, 0.9, 0.9, 0.9, 0.9, 0.9, 0.9, 0.9, 0.9, 0.9, 0.9, 0.85, 0.85, 0.9, 0.9, 0.9]","[0.72, 0.72, 0.62, 0.4, 0.62, 0.6, 0.7, 0.6, 0.6, 0.58, 0.62, 0.62, 0.63, 0.65, 0.76, 0.63, 0.58, 0.62, 0.61, 0.58, 0.66, 0.66, 0.6, 0.66, 0.62, 0.6, 0.65, 0.64, 0.62, 0.6, 0.6, 0.52, 0.62, 0.6, 0.68, 0.6, 0.6, 0.61, 0.6, 0.6]","[0.35, 0.3, 0.37, 0.38, 0.34, 0.34, 0.28, 0.32, 0.62, 0.3, 0.3, 0.31, 0.36, 0.4, 0.35, 0.4, 0.33, 0.28, 0.27, 0.32]","[0.9, 0.92, 0.93, 0.95, 0.9, 0.9, 0.9, 0.85, 0.9, 0.9, 0.9, 0.9, 0.9, 0.9, 0.9, 0.9, 0.9, 0.9, 0.9, 0.9]",0.6495,0.6505,0.3785,0.904,0.8975,0.62,0.346,0.9025
unknown,openai_gpt-5-nano,optimism,cambridge,"[0.36, 0.36, 0.38, 0.47, 0.38, 0.4, 0.43, 0.42, 0.44, 0.42, 0.39, 0.44, 0.44, 0.55, 0.4, 0.34, 0.44, 0.42, 0.45, 0.4, 0.42, 0.43, 0.38, 0.35, 0.42, 0.4, 0.34, 0.48, 0.38, 0.43, 0.3, 0.29, 0.35, 0.36, 0.57, 0.36, 0.56, 0.35, 0.33, 0.43]","[0.48, 0.55, 0.46, 0.46, 0.55, 0.58, 0.55, 0.46, 0.5, 0.44, 0.44, 0.47, 0.45, 0.57, 0.4, 0.48, 0.42, 0.55, 0.42, 0.58, 0.58, 0.55, 0.4, 0.4, 0.5, 0.47, 0.44, 0.56, 0.45, 0.44, 0.56, 0.47, 0.5, 0.42, 0.55, 0.55, 0.5, 0.4, 0.46, 0.56]","[0.55, 0.65, 0.6, 0.62, 0.54, 0.44, 0.62, 0.64, 0.6, 0.65, 0.48, 0.52, 0.64, 0.64, 0.6, 0.62, 0.6, 0.56, 0.48, 0.64]","[0.8, 0.9, 0.85, 0.83, 0.86, 0.88, 0.85, 0.9, 0.85, 0.85, 0.88, 0.9, 0.86, 0.85, 0.85, 0.82, 0.8, 0.82, 0.85, 0.86, 0.86, 0.85, 0.84, 0.86, 0.85, 0.85, 0.82, 0.8, 0.8, 0.83, 0.8, 0.85, 0.84, 0.82, 0.78, 0.85, 0.75, 0.78, 0.85, 0.86]","[0.8, 0.76, 0.7, 0.75, 0.8, 0.7, 0.74, 0.8, 0.84, 0.78, 0.72, 0.82, 0.82, 0.82, 0.76, 0.85, 0.82, 0.7, 0.75, 0.82]","[0.63, 0.66, 0.6, 0.64, 0.62, 0.6, 0.6, 0.6, 0.53, 0.64, 0.66, 0.64, 0.68, 0.7, 0.7, 0.6, 0.68, 0.62, 0.64, 0.65, 0.66, 0.65, 0.66, 0.66, 0.6, 0.6, 0.64, 0.7, 0.72, 0.62, 0.68, 0.64, 0.6, 0.65, 0.6, 0.64, 0.62, 0.72, 0.65, 0.62]","[0.32, 0.27, 0.31, 0.32, 0.33, 0.3, 0.32, 0.24, 0.3, 0.28, 0.33, 0.35, 0.3, 0.32, 0.29, 0.35, 0.36, 0.3, 0.33, 0.32]","[0.85, 0.86, 0.84, 0.86, 0.9, 0.86, 0.9, 0.85, 0.86, 0.9, 0.86, 0.84, 0.9, 0.85, 0.8, 0.86, 0.88, 0.88, 0.85, 0.86]",0.4065,0.4893,0.5845,0.84,0.7775,0.6405,0.312,0.863
unknown,openai_gpt-5-nano,pensiveness,cambridge,"[0.28, 0.23, 0.24, 0.22, 0.24, 0.28, 0.24, 0.24, 0.22, 0.23, 0.24, 0.3, 0.24, 0.22, 0.24, 0.27, 0.22, 0.22, 0.28, 0.18, 0.22, 0.24, 0.23, 0.26, 0.22, 0.27, 0.24, 0.24, 0.3, 0.25, 0.28, 0.24, 0.24, 0.3, 0.22, 0.22, 0.22, 0.22, 0.24, 0.24]","[0.28, 0.23, 0.22, 0.3, 0.27, 0.28, 0.27, 0.23, 0.28, 0.22, 0.28, 0.25, 0.24, 0.28, 0.25, 0.27, 0.28, 0.26, 0.24, 0.3, 0.3, 0.23, 0.22, 0.24, 0.28, 0.23, 0.24, 0.3, 0.28, 0.23, 0.3, 0.3, 0.25, 0.28, 0.28, 0.24, 0.25, 0.28, 0.25, 0.25]","[-0.23, -0.2, -0.3, -0.2, -0.15, 0.15, -0.15, 0.1, -0.18, -0.2, -0.2, -0.2, -0.2, -0.1, -0.2, -0.15, -0.2, -0.1, -0.1, -0.2]","[-0.2, -0.2, -0.2, -0.2, -0.2, -0.2, -0.2, -0.25, -0.2, -0.2, -0.25, -0.2, -0.2, -0.2, -0.3, -0.2, -0.2, -0.25, -0.3, -0.2, -0.25, -0.2, -0.3, -0.2, -0.2, -0.2, -0.2, -0.2, -0.2, -0.2, -0.2, -0.27, -0.2, -0.2, -0.2, -0.2, -0.2, -0.18, -0.15, -0.2]","[-0.2, -0.2, -0.2, -0.2, -0.2, -0.2, -0.18, -0.2, -0.2, -0.2, -0.2, -0.2, -0.2, -0.2, -0.2, -0.2, -0.2, -0.2, -0.2, -0.2]","[0.32, 0.3, 0.35, 0.35, 0.4, 0.34, 0.4, 0.45, 0.38, 0.27, 0.42, 0.36, 0.35, 0.33, 0.38, 0.4, 0.38, 0.35, 0.36, 0.35, 0.31, 0.35, 0.48, 0.35, 0.35, 0.3, 0.35, 0.45, 0.36, 0.39, 0.42, 0.38, 0.32, 0.32, 0.46, 0.3, 0.33, 0.4, 0.35, 0.37]","[0.31, 0.27, 0.28, 0.28, 0.33, 0.33, 0.28, 0.31, 0.31, 0.3, 0.3, 0.32, 0.28, 0.32, 0.3, 0.31, 0.32, 0.32, 0.33, 0.32]","[-0.2, -0.2, -0.2, -0.15, -0.2, -0.25, -0.25, -0.2, -0.15, -0.2, -0.2, -0.2, -0.2, -0.2, -0.2, -0.2, -0.2, -0.2, -0.2, -0.2]",0.243,0.2615,-0.1505,-0.2125,-0.199,0.3645,0.306,-0.2
unknown,openai_gpt-5-nano,rage,cambridge,"[0.94, 0.92, 0.93, 0.93, 0.91, 0.92, 0.93, 0.92, 0.94, 0.92, 0.93, 0.93, 0.94, 0.94, 0.94, 0.92, 0.92, 0.97, 0.95, 0.92, 0.92, 0.9, 0.93, 0.94, 0.93, 0.92, 0.94, 0.92, 0.92, 0.93, 0.94, 0.92, 0.93, 0.93, 0.93, 0.9, 0.9, 0.92, 0.95, 0.91]","[0.97, 0.97, 0.93, 0.96, 0.94, 0.95, 0.95, 0.97, 0.96, 0.95, 0.97, 0.96, 0.95, 0.95, 0.95, 0.96, 0.95, 0.95, 0.97, 0.95, 0.96, 0.95, 0.97, 0.95, 0.95, 0.96, 0.95, 0.96, 0.95, 0.95, 0.96, 0.95, 0.97, 0.95, 0.97, 0.95, 0.92, 0.95, 0.95, 0.95]","[0.65, -0.6, 0.4, 0.6, 0.2, -0.2, -0.78, -0.55, 0.35, -0.35, 0.4, 0.2, -0.38, -0.7, -0.4, 0.4, 0.3, 0.4, -0.3, -0.55]","[-0.93, -0.9, -0.95, -0.9, -0.95, -0.9, -0.94, -0.9, -0.9, -0.95, -0.95, -0.95, -0.9, -0.95, -0.92, -0.9, -0.92, -0.93, -0.95, -0.95, -0.9, -0.9, -0.95, -0.9, -0.95, -0.9, -0.95, -0.9, -0.9, -0.92, -0.9, -0.93, -0.9, -0.9, -0.94, -0.95, -0.94, -0.92, -0.92, -0.9]","[-0.9, -0.9, -0.9, -0.9, -0.85, -0.9, -0.9, -0.9, -0.9, -0.9, -0.9, -0.9, -0.9, -0.9, -0.9, -0.93, -0.9, -0.9, -0.9, -0.95]","[0.9, 0.94, 0.92, 0.92, 0.9, 0.92, 0.9, 0.88, 0.94, 0.9, 0.93, 0.93, 0.93, 0.93, 0.84, 0.9, 0.88, 0.92, 0.9, 0.93, 0.85, 0.92, 0.84, 0.92, 0.88, 0.88, 0.9, 0.88, 0.92, 0.9, 0.92, 0.92, 0.88, 0.9, 0.9, 0.93, 0.94, 0.82, 0.93, 0.9]","[0.86, 0.85, 0.83, 0.83, 0.86, 0.85, 0.85, 0.84, 0.83, 0.85, 0.88, 0.82, 0.82, 0.79, 0.86, 0.87, 0.82, 0.82, 0.86, 0.87]","[-0.9, -0.9, -0.9, -0.9, -0.9, -0.9, -0.9, -0.93, -0.9, -0.9, -0.9, -0.9, -0.9, -0.9, -0.94, -0.9, -0.9, -0.94, -0.9, -0.94]",0.9275,0.9545,-0.0455,-0.9227,-0.9015,0.9035,0.843,-0.9075
unknown,openai_gpt-5-nano,remorse,cambridge,"[0.38, 0.38, 0.41, 0.37, 0.44, 0.4, 0.4, 0.4, 0.37, 0.42, 0.42, 0.4, 0.42, 0.33, 0.35, 0.36, 0.38, 0.32, 0.39, 0.36, 0.43, 0.38, 0.41, 0.38, 0.4, 0.32, 0.4, 0.38, 0.32, 0.43, 0.4, 0.38, 0.39, 0.34, 0.4, 0.38, 0.38, 0.35, 0.4, 0.33]","[0.35, 0.38, 0.38, 0.36, 0.42, 0.35, 0.35, 0.35, 0.38, 0.35, 0.34, 0.4, 0.33, 0.32, 0.38, 0.4, 0.35, 0.35, 0.35, 0.36, 0.35, 0.37, 0.34, 0.36, 0.38, 0.34, 0.35, 0.33, 0.38, 0.4, 0.35, 0.4, 0.35, 0.4, 0.3, 0.37, 0.4, 0.4, 0.4, 0.4]","[-0.5, -0.6, -0.4, -0.55, -0.6, -0.6, -0.62, -0.6, -0.5, -0.6, -0.55, -0.6, -0.62, -0.6, -0.6, -0.6, -0.55, -0.6, -0.62, -0.6]","[-0.84, -0.75, -0.8, -0.7, -0.75, -0.8, -0.8, -0.7, -0.75, -0.8, -0.73, -0.78, -0.8, -0.75, -0.8, -0.8, -0.8, -0.8, -0.7, -0.8, -0.7, -0.8, -0.75, -0.8, -0.8, -0.75, -0.75, -0.75, -0.8, -0.7, -0.75, -0.7, -0.8, -0.8, -0.8, -0.75, -0.7, -0.8, -0.8, -0.78]","[-0.8, -0.8, -0.8, -0.8, -0.8, -0.8, -0.7, -0.8, -0.75, -0.7, -0.8, -0.75, -0.8, -0.8, -0.8, -0.7, -0.75, -0.7, -0.7, -0.8]","[0.28, 0.25, 0.22, 0.28, 0.28, 0.24, 0.22, 0.3, 0.28, 0.27, 0.18, 0.2, 0.24, 0.27, 0.24, 0.3, 0.27, 0.24, 0.23, 0.28, 0.24, 0.22, 0.24, 0.22, 0.24, 0.29, 0.22, 0.24, 0.24, 0.22, 0.23, 0.29, 0.22, 0.22, 0.25, 0.24, 0.22, 0.27, 0.3, 0.28]","[0.29, 0.33, 0.33, 0.34, 0.37, 0.41, 0.33, 0.32, 0.28, 0.33, 0.4, 0.3, 0.31, 0.31, 0.3, 0.3, 0.32, 0.32, 0.33, 0.31]","[-0.75, -0.75, -0.77, -0.75, -0.75, -0.73, -0.8, -0.73, -0.75, -0.7, -0.7, -0.8, -0.75, -0.75, -0.75, -0.78, -0.75, -0.8, -0.75, -0.75]",0.3825,0.3655,-0.5755,-0.7683,-0.7675,0.249,0.3265,-0.753
unknown,openai_gpt-5-nano,sadness,cambridge,"[0.28, 0.28, 0.3, 0.3, 0.3, 0.27, 0.3, 0.3, 0.3, 0.3, 0.28, 0.3, 0.28, 0.3, 0.28, 0.3, 0.3, 0.24, 0.3, 0.3, 0.27, 0.3, 0.32, 0.3, 0.3, 0.3, 0.3, 0.3, 0.3, 0.3, 0.3, 0.28, 0.28, 0.33, 0.3, 0.32, 0.3, 0.3, 0.3, 0.3]","[0.3, 0.3, 0.28, 0.3, 0.24, 0.3, 0.28, 0.25, 0.27, 0.25, 0.3, 0.25, 0.3, 0.24, 0.3, 0.25, 0.25, 0.25, 0.25, 0.24, 0.24, 0.25, 0.28, 0.3, 0.3, 0.28, 0.3, 0.27, 0.25, 0.28, 0.3, 0.25, 0.25, 0.3, 0.22, 0.25, 0.25, 0.25, 0.28, 0.25]","[-0.6, -0.62, -0.6, -0.6, -0.65, -0.7, -0.6, -0.6, -0.55, -0.6, -0.45, -0.6, -0.62, -0.6, -0.6, -0.55, -0.6, -0.6, -0.45, -0.45]","[-0.75, -0.75, -0.8, -0.8, -0.75, -0.75, -0.75, -0.8, -0.75, -0.8, -0.85, -0.8, -0.8, -0.74, -0.75, -0.8, -0.75, -0.8, -0.8, -0.8, -0.7, -0.8, -0.8, -0.8, -0.75, -0.7, -0.8, -0.85, -0.8, -0.8, -0.8, -0.8, -0.8, -0.8, -0.8, -0.8, -0.8, -0.8, -0.8, -0.8]","[-0.7, -0.7, -0.8, -0.7, -0.8, -0.7, -0.7, -0.7, -0.75, -0.8, -0.7, -0.7, -0.7, -0.7, -0.7, -0.7, -0.7, -0.7, -0.75, -0.7]","[0.3, 0.3, 0.2, 0.24, 0.22, 0.3, 0.3, 0.25, 0.22, 0.25, 0.23, 0.28, 0.28, 0.22, 0.3, 0.25, 0.2, 0.18, 0.3, 0.25, 0.23, 0.3, 0.19, 0.27, 0.22, 0.25, 0.2, 0.3, 0.2, 0.27, 0.24, 0.22, 0.22, 0.2, 0.3, 0.2, 0.23, 0.33, 0.25, 0.2]","[0.35, 0.34, 0.33, 0.41, 0.34, 0.4, 0.32, 0.34, 0.3, 0.3, 0.32, 0.32, 0.36, 0.34, 0.35, 0.33, 0.35, 0.35, 0.32, 0.32]","[-0.8, -0.8, -0.8, -0.7, -0.8, -0.75, -0.75, -0.8, -0.8, -0.8, -0.75, -0.8, -0.8, -0.8, -0.8, -0.75, -0.8, -0.7, -0.75, -0.8]",0.2953,0.2687,-0.582,-0.7848,-0.72,0.2472,0.3395,-0.7775
unknown,openai_gpt-5-nano,serenity,cambridge,"[0.12, 0.15, 0.15, 0.15, 0.15, 0.14, 0.15, 0.18, 0.2, 0.12, 0.18, 0.18, 0.12, 0.12, 0.12, 0.12, 0.15, 0.15, 0.12, 0.15, 0.12, 0.2, 0.18, 0.15, 0.18, 0.18, 0.12, 0.1, 0.15, 0.14, 0.15, 0.18, 0.15, 0.2, 0.18, 0.12, 0.15, 0.12, 0.2, 0.15]","[0.2, 0.2, 0.1, 0.15, 0.15, 0.12, 0.12, 0.15, 0.15, 0.2, 0.15, 0.2, 0.15, 0.12, 0.15, 0.15, 0.12, 0.1, 0.15, 0.1, 0.12, 0.18, 0.1, 0.1, 0.15, 0.15, 0.12, 0.1, 0.15, 0.15, 0.15, 0.15, 0.15, 0.12, 0.12, 0.15, 0.12, 0.15, 0.15, 0.2]","[0.4, 0.6, 0.35, 0.56, 0.56, 0.34, 0.55, 0.56, 0.4, 0.55, 0.6, 0.65, 0.55, 0.6, 0.4, 0.35, 0.6, 0.35, 0.38, 0.4]","[0.8, 0.78, 0.85, 0.83, 0.8, 0.85, 0.8, 0.85, 0.85, 0.85, 0.8, 0.86, 0.86, 0.82, 0.8, 0.85, 0.75, 0.85, 0.88, 0.82, 0.85, 0.85, 0.75, 0.82, 0.82, 0.88, 0.85, 0.84, 0.8, 0.8, 0.9, 0.8, 0.8, 0.84, 0.85, 0.78, 0.83, 0.85, 0.85, 0.8]","[0.7, 0.7, 0.8, 0.74, 0.8, 0.7, 0.8, 0.86, 0.75, 0.82, 0.8, 0.75, 0.78, 0.8, 0.8, 0.75, 0.85, 0.82, 0.78, 0.8]","[0.54, 0.6, 0.56, 0.64, 0.62, 0.6, 0.7, 0.64, 0.58, 0.6, 0.62, 0.58, 0.42, 0.4, 0.56, 0.6, 0.55, 0.55, 0.63, 0.66, 0.66, 0.58, 0.62, 0.62, 0.45, 0.55, 0.58, 0.6, 0.62, 0.4, 0.56, 0.6, 0.6, 0.57, 0.46, 0.65, 0.6, 0.4, 0.4, 0.6]","[0.19, 0.2, 0.18, 0.2, 0.18, 0.2, 0.2, 0.2, 0.16, 0.2, 0.18, 0.18, 0.12, 0.2, 0.2, 0.2, 0.2, 0.15, 0.2, 0.15]","[0.8, 0.8, 0.75, 0.8, 0.85, 0.78, 0.82, 0.78, 0.85, 0.8, 0.84, 0.85, 0.82, 0.84, 0.84, 0.85, 0.85, 0.82, 0.75, 0.8]",0.151,0.1428,0.4875,0.8278,0.78,0.5693,0.1845,0.8145
unknown,openai_gpt-5-nano,submission,cambridge,"[0.3, 0.34, 0.3, 0.36, 0.35, 0.34, 0.25, 0.34, 0.31, 0.31, 0.3, 0.33, 0.28, 0.3, 0.33, 0.3, 0.28, 0.35, 0.31, 0.32, 0.3, 0.33, 0.34, 0.3, 0.33, 0.35, 0.32, 0.3, 0.3, 0.35, 0.34, 0.33, 0.33, 0.35, 0.35, 0.29, 0.36, 0.28, 0.33, 0.28]","[0.38, 0.34, 0.3, 0.32, 0.35, 0.34, 0.36, 0.36, 0.33, 0.3, 0.33, 0.32, 0.3, 0.33, 0.3, 0.32, 0.28, 0.33, 0.3, 0.35, 0.3, 0.4, 0.32, 0.35, 0.3, 0.31, 0.35, 0.35, 0.34, 0.4, 0.32, 0.4, 0.4, 0.4, 0.36, 0.35, 0.35, 0.34, 0.3, 0.32]","[-0.8, -0.87, -0.8, -0.8, -0.86, -0.8, -0.85, -0.85, -0.8, -0.85, -0.85, -0.8, -0.8, -0.8, -0.8, -0.8, -0.8, -0.85, -0.85, -0.8]","[-0.24, -0.4, -0.4, -0.35, -0.35, -0.3, -0.35, -0.35, -0.45, -0.39, -0.34, -0.3, -0.3, -0.35, -0.45, -0.5, -0.38, -0.35, -0.3, -0.4, -0.4, -0.44, -0.35, -0.42, -0.4, -0.35, -0.38, -0.35, -0.38, -0.3, -0.4, -0.36, -0.35, -0.35, -0.4, -0.4, -0.46, -0.4, -0.35, -0.46]","[-0.18, -0.3, -0.3, -0.28, -0.28, -0.2, -0.2, -0.3, -0.3, -0.3, -0.25, -0.3, -0.4, -0.3, -0.2, -0.3, -0.35, -0.45, -0.3, -0.28]","[0.15, 0.15, 0.17, 0.2, 0.2, 0.15, 0.12, 0.14, 0.15, 0.15, 0.18, 0.18, 0.15, 0.18, 0.18, 0.18, 0.15, 0.14, 0.2, 0.12, 0.17, 0.12, 0.15, 0.12, 0.13, 0.2, 0.12, 0.2, 0.18, 0.12, 0.18, 0.12, 0.18, 0.1, 0.2, 0.12, 0.18, 0.2, 0.15, 0.16]","[0.26, 0.22, 0.22, 0.22, 0.28, 0.22, 0.26, 0.2, 0.27, 0.22, 0.24, 0.23, 0.25, 0.22, 0.24, 0.22, 0.27, 0.22, 0.22, 0.3]","[-0.45, -0.4, -0.4, -0.5, -0.4, -0.36, -0.4, -0.4, -0.5, -0.41, -0.35, -0.35, -0.47, -0.44, -0.4, -0.5, -0.45, -0.45, -0.33, -0.4]",0.319,0.3375,-0.8215,-0.3738,-0.2885,0.1585,0.239,-0.418
unknown,openai_gpt-5-nano,surprise,cambridge,"[0.7, 0.67, 0.77, 0.78, 0.8, 0.72, 0.68, 0.78, 0.74, 0.78, 0.78, 0.78, 0.74, 0.78, 0.78, 0.66, 0.72, 0.72, 0.75, 0.8, 0.8, 0.82, 0.72, 0.74, 0.78, 0.79, 0.78, 0.78, 0.78, 0.82, 0.78, 0.78, 0.74, 0.78, 0.66, 0.66, 0.82, 0.78, 0.8, 0.74]","[0.8, 0.8, 0.8, 0.85, 0.8, 0.82, 0.8, 0.78, 0.85, 0.8, 0.78, 0.8, 0.82, 0.8, 0.82, 0.82, 0.8, 0.82, 0.8, 0.82, 0.84, 0.82, 0.8, 0.8, 0.78, 0.8, 0.85, 0.8, 0.82, 0.78, 0.8, 0.8, 0.8, 0.8, 0.78, 0.8, 0.8, 0.8, 0.78, 0.85]","[-0.5, -0.4, -0.5, -0.4, -0.5, -0.5, -0.4, -0.45, -0.45, -0.5, -0.5, -0.4, -0.45, -0.4, -0.55, -0.5, -0.4, -0.4, -0.5, -0.5]","[0.0, 0.0, 0.0, 0.0, 0.0, 0.0, 0.0, 0.0, 0.0, 0.0, 0.0, 0.0, 0.0, 0.0, 0.0, 0.0, 0.0, 0.0, 0.0, 0.0, 0.0, 0.0, 0.0, 0.0, 0.0, 0.0, 0.0, 0.0, 0.0, 0.0, 0.0, 0.0, 0.0, 0.0, 0.0, 0.0, 0.0, 0.0, 0.0, 0.0]","[0.0, 0.0, 0.0, 0.0, 0.0, 0.0, 0.0, 0.0, 0.0, 0.0, 0.0, 0.0, 0.0, 0.0, 0.0, 0.0, 0.0, 0.0, 0.0, 0.0]","[0.3, 0.3, 0.3, 0.32, 0.4, 0.28, 0.35, 0.3, 0.3, 0.3, 0.34, 0.36, 0.3, 0.33, 0.38, 0.36, 0.4, 0.34, 0.3, 0.35, 0.33, 0.3, 0.33, 0.3, 0.35, 0.33, 0.33, 0.3, 0.32, 0.35, 0.33, 0.36, 0.3, 0.31, 0.3, 0.35, 0.33, 0.3, 0.33, 0.3]","[0.5, 0.82, 0.8, 0.5, 0.5, 0.8, 0.5, 0.82, 0.7, 0.62, 0.5, 0.8, 0.5, 0.32, 0.78, 0.5, 0.4, 0.78, 0.8, 0.6]","[0.0, 0.0, 0.0, 0.0, 0.0, 0.0, 0.0, 0.0, 0.0, 0.0, 0.0, 0.0, 0.0, 0.0, 0.0, 0.0, 0.0, 0.0, 0.0, 0.0]",0.757,0.807,-0.46,0.0,0.0,0.3265,0.627,0.0
unknown,openai_gpt-5-nano,terror,cambridge,"[0.94, 0.96, 0.92, 0.95, 0.95, 0.94, 0.95, 0.93, 0.93, 0.95, 0.93, 0.94, 0.93, 0.94, 0.94, 0.95, 0.95, 0.92, 0.94, 0.94, 0.94, 0.95, 0.94, 0.94, 0.95, 0.92, 0.94, 0.93, 0.94, 0.93, 0.94, 0.95, 0.93, 0.94, 0.95, 0.93, 0.95, 0.94, 0.93, 0.93]","[0.95, 0.95, 0.97, 0.95, 0.93, 0.95, 0.96, 0.96, 0.95, 0.95, 0.95, 0.96, 0.95, 0.95, 0.95, 0.93, 0.95, 0.95, 0.95, 0.94, 0.94, 0.95, 0.95, 0.96, 0.96, 0.95, 0.96, 0.94, 0.94, 0.95, 0.95, 0.95, 0.96, 0.93, 0.95, 0.95, 0.95, 0.97, 0.95, 0.95]","[-0.9, -0.92, -0.9, -0.9, -0.92, -0.93, -0.9, -0.85, -0.94, -0.9, -0.9, -0.9, -0.85, -0.9, -0.95, -0.93, -0.85, -0.93, -0.95, -0.9]","[-0.95, -0.95, -0.9, -0.95, -0.98, -0.95, -0.95, -0.95, -0.95, -0.9, -0.97, -0.97, -0.95, -0.95, -0.95, -0.95, -0.95, -0.94, -0.95, -0.95, -0.95, -0.9, -0.95, -0.95, -0.95, -0.95, -0.95, -0.97, -0.98, -0.95, -0.95, -0.95, -0.92, -0.95, -0.95, -0.95, -0.95, -0.95, -0.93, -0.93]","[-0.95, -0.96, -0.95, -0.92, -0.95, -0.95, -0.95, -0.95, -0.95, -0.95, -0.95, -0.95, -0.95, -0.95, -0.95, -0.95, -0.95, -0.95, -0.95, -0.98]","[0.1, 0.1, 0.1, 0.08, 0.14, 0.13, 0.1, 0.18, 0.1, 0.12, 0.09, 0.1, 0.08, 0.2, 0.08, 0.08, 0.1, 0.11, 0.1, 0.08, 0.08, 0.07, 0.1, 0.12, 0.12, 0.08, 0.12, 0.12, 0.12, 0.12, 0.12, 0.08, 0.08, 0.12, 0.11, 0.12, 0.1, 0.1, 0.12, 0.1]","[0.86, 0.8, 0.82, 0.85, 0.87, 0.88, 0.86, 0.86, 0.86, 0.85, 0.83, 0.85, 0.86, 0.84, 0.86, 0.83, 0.87, 0.88, 0.85, 0.82]","[-0.95, -0.95, -0.95, -0.95, -0.95, -0.95, -0.95, -0.95, -0.94, -0.95, -0.95, -0.95, -0.95, -0.95, -0.95, -0.95, -0.95, -0.96, -0.93, -0.95]",0.9393,0.9503,-0.906,-0.9473,-0.9505,0.1068,0.85,-0.949
unknown,openai_gpt-5-nano,trust,cambridge,"[0.28, 0.25, 0.27, 0.24, 0.27, 0.28, 0.28, 0.28, 0.3, 0.28, 0.27, 0.3, 0.24, 0.32, 0.3, 0.22, 0.3, 0.3, 0.22, 0.28, 0.24, 0.28, 0.27, 0.28, 0.34, 0.32, 0.23, 0.32, 0.3, 0.31, 0.27, 0.29, 0.29, 0.32, 0.28, 0.3, 0.25, 0.22, 0.24, 0.28]","[0.28, 0.31, 0.28, 0.3, 0.22, 0.24, 0.26, 0.28, 0.3, 0.23, 0.3, 0.3, 0.31, 0.27, 0.22, 0.28, 0.24, 0.22, 0.22, 0.32, 0.28, 0.24, 0.32, 0.31, 0.22, 0.29, 0.27, 0.3, 0.32, 0.28, 0.28, 0.3, 0.24, 0.3, 0.3, 0.3, 0.26, 0.26, 0.3, 0.27]","[0.41, 0.55, 0.23, 0.48, 0.44, 0.56, 0.25, 0.46, 0.4, 0.34, 0.56, 0.41, 0.36, 0.52, 0.42, 0.4, 0.46, 0.46, 0.4, 0.38]","[0.75, 0.7, 0.75, 0.7, 0.76, 0.7, 0.72, 0.7, 0.7, 0.82, 0.75, 0.7, 0.7, 0.75, 0.75, 0.75, 0.8, 0.7, 0.78, 0.7, 0.75, 0.7, 0.75, 0.7, 0.8, 0.77, 0.8, 0.76, 0.8, 0.75, 0.8, 0.7, 0.7, 0.75, 0.78, 0.7, 0.7, 0.7, 0.78, 0.75]","[0.75, 0.7, 0.7, 0.68, 0.65, 0.72, 0.68, 0.7, 0.74, 0.72, 0.78, 0.7, 0.78, 0.7, 0.78, 0.62, 0.7, 0.74, 0.7, 0.7]","[0.56, 0.56, 0.6, 0.45, 0.4, 0.4, 0.56, 0.36, 0.6, 0.55, 0.5, 0.35, 0.36, 0.6, 0.42, 0.44, 0.42, 0.48, 0.36, 0.36, 0.57, 0.36, 0.38, 0.4, 0.42, 0.43, 0.56, 0.35, 0.5, 0.46, 0.52, 0.44, 0.45, 0.44, 0.42, 0.45, 0.62, 0.57, 0.42, 0.4]","[0.2, 0.3, 0.2, 0.28, 0.2, 0.22, 0.2, 0.2, 0.22, 0.2, 0.27, 0.22, 0.22, 0.18, 0.2, 0.25, 0.22, 0.25, 0.22, 0.23]","[0.8, 0.78, 0.82, 0.78, 0.78, 0.8, 0.82, 0.8, 0.8, 0.74, 0.78, 0.82, 0.8, 0.66, 0.7, 0.8, 0.76, 0.75, 0.82, 0.78]",0.2777,0.2755,0.4245,0.7405,0.712,0.4623,0.224,0.7795
unknown,openai_gpt-5-nano,vigilance,cambridge,"[0.66, 0.65, 0.64, 0.58, 0.68, 0.7, 0.68, 0.61, 0.64, 0.6, 0.65, 0.65, 0.64, 0.64, 0.72, 0.64, 0.68, 0.62, 0.67, 0.64, 0.66, 0.7, 0.66, 0.66, 0.62, 0.64, 0.66, 0.63, 0.64, 0.7, 0.64, 0.66, 0.66, 0.66, 0.7, 0.66, 0.66, 0.64, 0.66, 0.64]","[0.7, 0.68, 0.7, 0.7, 0.74, 0.7, 0.66, 0.7, 0.72, 0.7, 0.7, 0.79, 0.64, 0.7, 0.68, 0.7, 0.75, 0.73, 0.7, 0.7, 0.72, 0.7, 0.7, 0.7, 0.74, 0.74, 0.68, 0.74, 0.66, 0.74, 0.7, 0.73, 0.7, 0.7, 0.68, 0.7, 0.76, 0.82, 0.72, 0.74]","[-0.22, 0.29, 0.31, 0.1, 0.2, 0.32, 0.4, 0.2, 0.26, 0.42, 0.34, 0.28, 0.27, 0.46, 0.3, 0.3, 0.2, 0.33, -0.3, 0.4]","[-0.4, -0.3, -0.25, -0.4, -0.4, -0.35, -0.3, -0.4, -0.35, -0.4, -0.25, -0.2, -0.45, -0.4, -0.3, -0.4, -0.3, -0.35, -0.4, -0.3, -0.25, -0.35, -0.3, -0.3, -0.3, -0.3, -0.3, -0.3, -0.35, -0.3, -0.4, -0.4, -0.3, -0.3, -0.4, -0.4, -0.5, -0.35, -0.3, -0.33]","[-0.35, -0.35, -0.35, -0.27, -0.35, -0.3, -0.35, -0.4, -0.4, -0.35, -0.4, -0.4, -0.4, -0.3, -0.35, -0.38, -0.25, -0.35, -0.4, -0.4]","[0.62, 0.64, 0.58, 0.61, 0.61, 0.66, 0.66, 0.64, 0.64, 0.58, 0.64, 0.62, 0.6, 0.66, 0.62, 0.52, 0.58, 0.62, 0.6, 0.63, 0.58, 0.63, 0.58, 0.63, 0.6, 0.64, 0.66, 0.62, 0.62, 0.6, 0.56, 0.52, 0.66, 0.6, 0.62, 0.58, 0.64, 0.68, 0.58, 0.62]","[0.22, 0.3, 0.3, 0.3, 0.32, 0.3, 0.28, 0.28, 0.28, 0.28, 0.35, 0.27, 0.28, 0.31, 0.33, 0.27, 0.28, 0.28, 0.32, 0.28]","[-0.4, -0.3, -0.4, -0.35, -0.28, -0.3, -0.3, -0.3, -0.2, -0.4, -0.35, -0.25, -0.22, -0.25, -0.3, -0.3, -0.3, -0.25, -0.35, -0.35]",0.6535,0.7115,0.243,-0.3408,-0.355,0.6138,0.2915,-0.3075
