emotion,emotion_label,emotion_definition,domain,domain_label,dimension,dim_label,dim_definition,dim_range
http://example.org/emotions.owl#Acceptance,acceptance,"general agreement that something is satisfactory or right, or that someone should be included in a group",http://example.org/conceptual_spaces.owl#circumplex,circumplex,http://example.org/conceptual_spaces.owl#circumplex_arousal,arousal,amount of physiological change in the person's body,"[0, 1]"
http://example.org/emotions.owl#Acceptance,acceptance,"general agreement that something is satisfactory or right, or that someone should be included in a group",http://example.org/conceptual_spaces.owl#circumplex,circumplex,http://example.org/conceptual_spaces.owl#circumplex_valence,valence,degree of pleasantness or unpleasantness of an emotion,"[-1, 1]"
http://example.org/emotions.owl#Acceptance,acceptance,"general agreement that something is satisfactory or right, or that someone should be included in a group",http://example.org/conceptual_spaces.owl#Fontaine,fontaine,http://example.org/conceptual_spaces.owl#Fontaine_activity,activity,amount of physiological change in the person's body,"[0, 1]"
http://example.org/emotions.owl#Acceptance,acceptance,"general agreement that something is satisfactory or right, or that someone should be included in a group",http://example.org/conceptual_spaces.owl#Fontaine,fontaine,http://example.org/conceptual_spaces.owl#Fontaine_evaluation,evaluation,degree of pleasantness or unpleasantness of an emotion,"[-1, 1]"
http://example.org/emotions.owl#Acceptance,acceptance,"general agreement that something is satisfactory or right, or that someone should be included in a group",http://example.org/conceptual_spaces.owl#Fontaine,fontaine,http://example.org/conceptual_spaces.owl#Fontaine_potency,potency,"the perceived strength, dominance, or control inherent in an emotion.","[0, 1]"
http://example.org/emotions.owl#Acceptance,acceptance,"general agreement that something is satisfactory or right, or that someone should be included in a group",http://example.org/conceptual_spaces.owl#Fontaine,fontaine,http://example.org/conceptual_spaces.owl#Fontaine_unpredictability,unpredictability,a person's reaction to a stimulus based on their familiarity with the situation,"[0, 1]"
http://example.org/emotions.owl#Acceptance,acceptance,"general agreement that something is satisfactory or right, or that someone should be included in a group",http://example.org/conceptual_spaces.owl#Osgood,osgood,http://example.org/conceptual_spaces.owl#Osgood_activity,activity,amount of physiological change in the person's body,"[0, 1]"
http://example.org/emotions.owl#Acceptance,acceptance,"general agreement that something is satisfactory or right, or that someone should be included in a group",http://example.org/conceptual_spaces.owl#Osgood,osgood,http://example.org/conceptual_spaces.owl#Osgood_evaluation,evaluation,degree of pleasantness or unpleasantness of an emotion,"[-1, 1]"
http://example.org/emotions.owl#Acceptance,acceptance,"general agreement that something is satisfactory or right, or that someone should be included in a group",http://example.org/conceptual_spaces.owl#Osgood,osgood,http://example.org/conceptual_spaces.owl#Osgood_potency,potency,"the perceived strength, dominance, or control inherent in an emotion.","[0, 1]"
http://example.org/emotions.owl#Acceptance,acceptance,"general agreement that something is satisfactory or right, or that someone should be included in a group",http://example.org/conceptual_spaces.owl#PAD,pad,http://example.org/conceptual_spaces.owl#PAD_arousal,arousal,amount of physiological change in the person's body,"[0, 1]"
http://example.org/emotions.owl#Acceptance,acceptance,"general agreement that something is satisfactory or right, or that someone should be included in a group",http://example.org/conceptual_spaces.owl#PAD,pad,http://example.org/conceptual_spaces.owl#PAD_dominance,dominance,the feeling of being in control of the situation vs being controlled,"[-1, 1]"
http://example.org/emotions.owl#Acceptance,acceptance,"general agreement that something is satisfactory or right, or that someone should be included in a group",http://example.org/conceptual_spaces.owl#PAD,pad,http://example.org/conceptual_spaces.owl#PAD_pleasure,pleasure,degree of pleasantness or unpleasantness of an emotion,"[-1, 1]"
http://example.org/emotions.owl#Admiration,admiration,the feeling of admiring someone or something,http://example.org/conceptual_spaces.owl#circumplex,circumplex,http://example.org/conceptual_spaces.owl#circumplex_arousal,arousal,amount of physiological change in the person's body,"[0, 1]"
http://example.org/emotions.owl#Admiration,admiration,the feeling of admiring someone or something,http://example.org/conceptual_spaces.owl#circumplex,circumplex,http://example.org/conceptual_spaces.owl#circumplex_valence,valence,degree of pleasantness or unpleasantness of an emotion,"[-1, 1]"
http://example.org/emotions.owl#Admiration,admiration,the feeling of admiring someone or something,http://example.org/conceptual_spaces.owl#Fontaine,fontaine,http://example.org/conceptual_spaces.owl#Fontaine_activity,activity,amount of physiological change in the person's body,"[0, 1]"
http://example.org/emotions.owl#Admiration,admiration,the feeling of admiring someone or something,http://example.org/conceptual_spaces.owl#Fontaine,fontaine,http://example.org/conceptual_spaces.owl#Fontaine_evaluation,evaluation,degree of pleasantness or unpleasantness of an emotion,"[-1, 1]"
http://example.org/emotions.owl#Admiration,admiration,the feeling of admiring someone or something,http://example.org/conceptual_spaces.owl#Fontaine,fontaine,http://example.org/conceptual_spaces.owl#Fontaine_potency,potency,"the perceived strength, dominance, or control inherent in an emotion.","[0, 1]"
http://example.org/emotions.owl#Admiration,admiration,the feeling of admiring someone or something,http://example.org/conceptual_spaces.owl#Fontaine,fontaine,http://example.org/conceptual_spaces.owl#Fontaine_unpredictability,unpredictability,a person's reaction to a stimulus based on their familiarity with the situation,"[0, 1]"
http://example.org/emotions.owl#Admiration,admiration,the feeling of admiring someone or something,http://example.org/conceptual_spaces.owl#Osgood,osgood,http://example.org/conceptual_spaces.owl#Osgood_activity,activity,amount of physiological change in the person's body,"[0, 1]"
http://example.org/emotions.owl#Admiration,admiration,the feeling of admiring someone or something,http://example.org/conceptual_spaces.owl#Osgood,osgood,http://example.org/conceptual_spaces.owl#Osgood_evaluation,evaluation,degree of pleasantness or unpleasantness of an emotion,"[-1, 1]"
http://example.org/emotions.owl#Admiration,admiration,the feeling of admiring someone or something,http://example.org/conceptual_spaces.owl#Osgood,osgood,http://example.org/conceptual_spaces.owl#Osgood_potency,potency,"the perceived strength, dominance, or control inherent in an emotion.","[0, 1]"
http://example.org/emotions.owl#Admiration,admiration,the feeling of admiring someone or something,http://example.org/conceptual_spaces.owl#PAD,pad,http://example.org/conceptual_spaces.owl#PAD_arousal,arousal,amount of physiological change in the person's body,"[0, 1]"
http://example.org/emotions.owl#Admiration,admiration,the feeling of admiring someone or something,http://example.org/conceptual_spaces.owl#PAD,pad,http://example.org/conceptual_spaces.owl#PAD_dominance,dominance,the feeling of being in control of the situation vs being controlled,"[-1, 1]"
http://example.org/emotions.owl#Admiration,admiration,the feeling of admiring someone or something,http://example.org/conceptual_spaces.owl#PAD,pad,http://example.org/conceptual_spaces.owl#PAD_pleasure,pleasure,degree of pleasantness or unpleasantness of an emotion,"[-1, 1]"
http://example.org/emotions.owl#Aggressiveness,aggressiveness,"the quality of being likely to attack other people or animals, or to behave in a violent or angry way towards them",http://example.org/conceptual_spaces.owl#circumplex,circumplex,http://example.org/conceptual_spaces.owl#circumplex_arousal,arousal,amount of physiological change in the person's body,"[0, 1]"
http://example.org/emotions.owl#Aggressiveness,aggressiveness,"the quality of being likely to attack other people or animals, or to behave in a violent or angry way towards them",http://example.org/conceptual_spaces.owl#circumplex,circumplex,http://example.org/conceptual_spaces.owl#circumplex_valence,valence,degree of pleasantness or unpleasantness of an emotion,"[-1, 1]"
http://example.org/emotions.owl#Aggressiveness,aggressiveness,"the quality of being likely to attack other people or animals, or to behave in a violent or angry way towards them",http://example.org/conceptual_spaces.owl#Fontaine,fontaine,http://example.org/conceptual_spaces.owl#Fontaine_activity,activity,amount of physiological change in the person's body,"[0, 1]"
http://example.org/emotions.owl#Aggressiveness,aggressiveness,"the quality of being likely to attack other people or animals, or to behave in a violent or angry way towards them",http://example.org/conceptual_spaces.owl#Fontaine,fontaine,http://example.org/conceptual_spaces.owl#Fontaine_evaluation,evaluation,degree of pleasantness or unpleasantness of an emotion,"[-1, 1]"
http://example.org/emotions.owl#Aggressiveness,aggressiveness,"the quality of being likely to attack other people or animals, or to behave in a violent or angry way towards them",http://example.org/conceptual_spaces.owl#Fontaine,fontaine,http://example.org/conceptual_spaces.owl#Fontaine_potency,potency,"the perceived strength, dominance, or control inherent in an emotion.","[0, 1]"
http://example.org/emotions.owl#Aggressiveness,aggressiveness,"the quality of being likely to attack other people or animals, or to behave in a violent or angry way towards them",http://example.org/conceptual_spaces.owl#Fontaine,fontaine,http://example.org/conceptual_spaces.owl#Fontaine_unpredictability,unpredictability,a person's reaction to a stimulus based on their familiarity with the situation,"[0, 1]"
http://example.org/emotions.owl#Aggressiveness,aggressiveness,"the quality of being likely to attack other people or animals, or to behave in a violent or angry way towards them",http://example.org/conceptual_spaces.owl#Osgood,osgood,http://example.org/conceptual_spaces.owl#Osgood_activity,activity,amount of physiological change in the person's body,"[0, 1]"
http://example.org/emotions.owl#Aggressiveness,aggressiveness,"the quality of being likely to attack other people or animals, or to behave in a violent or angry way towards them",http://example.org/conceptual_spaces.owl#Osgood,osgood,http://example.org/conceptual_spaces.owl#Osgood_evaluation,evaluation,degree of pleasantness or unpleasantness of an emotion,"[-1, 1]"
http://example.org/emotions.owl#Aggressiveness,aggressiveness,"the quality of being likely to attack other people or animals, or to behave in a violent or angry way towards them",http://example.org/conceptual_spaces.owl#Osgood,osgood,http://example.org/conceptual_spaces.owl#Osgood_potency,potency,"the perceived strength, dominance, or control inherent in an emotion.","[0, 1]"
http://example.org/emotions.owl#Aggressiveness,aggressiveness,"the quality of being likely to attack other people or animals, or to behave in a violent or angry way towards them",http://example.org/conceptual_spaces.owl#PAD,pad,http://example.org/conceptual_spaces.owl#PAD_arousal,arousal,amount of physiological change in the person's body,"[0, 1]"
http://example.org/emotions.owl#Aggressiveness,aggressiveness,"the quality of being likely to attack other people or animals, or to behave in a violent or angry way towards them",http://example.org/conceptual_spaces.owl#PAD,pad,http://example.org/conceptual_spaces.owl#PAD_dominance,dominance,the feeling of being in control of the situation vs being controlled,"[-1, 1]"
http://example.org/emotions.owl#Aggressiveness,aggressiveness,"the quality of being likely to attack other people or animals, or to behave in a violent or angry way towards them",http://example.org/conceptual_spaces.owl#PAD,pad,http://example.org/conceptual_spaces.owl#PAD_pleasure,pleasure,degree of pleasantness or unpleasantness of an emotion,"[-1, 1]"
http://example.org/emotions.owl#Amazement,amazement,extreme surprise,http://example.org/conceptual_spaces.owl#circumplex,circumplex,http://example.org/conceptual_spaces.owl#circumplex_arousal,arousal,amount of physiological change in the person's body,"[0, 1]"
http://example.org/emotions.owl#Amazement,amazement,extreme surprise,http://example.org/conceptual_spaces.owl#circumplex,circumplex,http://example.org/conceptual_spaces.owl#circumplex_valence,valence,degree of pleasantness or unpleasantness of an emotion,"[-1, 1]"
http://example.org/emotions.owl#Amazement,amazement,extreme surprise,http://example.org/conceptual_spaces.owl#Fontaine,fontaine,http://example.org/conceptual_spaces.owl#Fontaine_activity,activity,amount of physiological change in the person's body,"[0, 1]"
http://example.org/emotions.owl#Amazement,amazement,extreme surprise,http://example.org/conceptual_spaces.owl#Fontaine,fontaine,http://example.org/conceptual_spaces.owl#Fontaine_evaluation,evaluation,degree of pleasantness or unpleasantness of an emotion,"[-1, 1]"
http://example.org/emotions.owl#Amazement,amazement,extreme surprise,http://example.org/conceptual_spaces.owl#Fontaine,fontaine,http://example.org/conceptual_spaces.owl#Fontaine_potency,potency,"the perceived strength, dominance, or control inherent in an emotion.","[0, 1]"
http://example.org/emotions.owl#Amazement,amazement,extreme surprise,http://example.org/conceptual_spaces.owl#Fontaine,fontaine,http://example.org/conceptual_spaces.owl#Fontaine_unpredictability,unpredictability,a person's reaction to a stimulus based on their familiarity with the situation,"[0, 1]"
http://example.org/emotions.owl#Amazement,amazement,extreme surprise,http://example.org/conceptual_spaces.owl#Osgood,osgood,http://example.org/conceptual_spaces.owl#Osgood_activity,activity,amount of physiological change in the person's body,"[0, 1]"
http://example.org/emotions.owl#Amazement,amazement,extreme surprise,http://example.org/conceptual_spaces.owl#Osgood,osgood,http://example.org/conceptual_spaces.owl#Osgood_evaluation,evaluation,degree of pleasantness or unpleasantness of an emotion,"[-1, 1]"
http://example.org/emotions.owl#Amazement,amazement,extreme surprise,http://example.org/conceptual_spaces.owl#Osgood,osgood,http://example.org/conceptual_spaces.owl#Osgood_potency,potency,"the perceived strength, dominance, or control inherent in an emotion.","[0, 1]"
http://example.org/emotions.owl#Amazement,amazement,extreme surprise,http://example.org/conceptual_spaces.owl#PAD,pad,http://example.org/conceptual_spaces.owl#PAD_arousal,arousal,amount of physiological change in the person's body,"[0, 1]"
http://example.org/emotions.owl#Amazement,amazement,extreme surprise,http://example.org/conceptual_spaces.owl#PAD,pad,http://example.org/conceptual_spaces.owl#PAD_dominance,dominance,the feeling of being in control of the situation vs being controlled,"[-1, 1]"
http://example.org/emotions.owl#Amazement,amazement,extreme surprise,http://example.org/conceptual_spaces.owl#PAD,pad,http://example.org/conceptual_spaces.owl#PAD_pleasure,pleasure,degree of pleasantness or unpleasantness of an emotion,"[-1, 1]"
http://example.org/emotions.owl#Anger,anger,a strong feeling that makes you want to hurt someone or be unpleasant because of something unfair or unkind that has happened,http://example.org/conceptual_spaces.owl#circumplex,circumplex,http://example.org/conceptual_spaces.owl#circumplex_arousal,arousal,amount of physiological change in the person's body,"[0, 1]"
http://example.org/emotions.owl#Anger,anger,a strong feeling that makes you want to hurt someone or be unpleasant because of something unfair or unkind that has happened,http://example.org/conceptual_spaces.owl#circumplex,circumplex,http://example.org/conceptual_spaces.owl#circumplex_valence,valence,degree of pleasantness or unpleasantness of an emotion,"[-1, 1]"
http://example.org/emotions.owl#Anger,anger,a strong feeling that makes you want to hurt someone or be unpleasant because of something unfair or unkind that has happened,http://example.org/conceptual_spaces.owl#Fontaine,fontaine,http://example.org/conceptual_spaces.owl#Fontaine_activity,activity,amount of physiological change in the person's body,"[0, 1]"
http://example.org/emotions.owl#Anger,anger,a strong feeling that makes you want to hurt someone or be unpleasant because of something unfair or unkind that has happened,http://example.org/conceptual_spaces.owl#Fontaine,fontaine,http://example.org/conceptual_spaces.owl#Fontaine_evaluation,evaluation,degree of pleasantness or unpleasantness of an emotion,"[-1, 1]"
http://example.org/emotions.owl#Anger,anger,a strong feeling that makes you want to hurt someone or be unpleasant because of something unfair or unkind that has happened,http://example.org/conceptual_spaces.owl#Fontaine,fontaine,http://example.org/conceptual_spaces.owl#Fontaine_potency,potency,"the perceived strength, dominance, or control inherent in an emotion.","[0, 1]"
http://example.org/emotions.owl#Anger,anger,a strong feeling that makes you want to hurt someone or be unpleasant because of something unfair or unkind that has happened,http://example.org/conceptual_spaces.owl#Fontaine,fontaine,http://example.org/conceptual_spaces.owl#Fontaine_unpredictability,unpredictability,a person's reaction to a stimulus based on their familiarity with the situation,"[0, 1]"
http://example.org/emotions.owl#Anger,anger,a strong feeling that makes you want to hurt someone or be unpleasant because of something unfair or unkind that has happened,http://example.org/conceptual_spaces.owl#Osgood,osgood,http://example.org/conceptual_spaces.owl#Osgood_activity,activity,amount of physiological change in the person's body,"[0, 1]"
http://example.org/emotions.owl#Anger,anger,a strong feeling that makes you want to hurt someone or be unpleasant because of something unfair or unkind that has happened,http://example.org/conceptual_spaces.owl#Osgood,osgood,http://example.org/conceptual_spaces.owl#Osgood_evaluation,evaluation,degree of pleasantness or unpleasantness of an emotion,"[-1, 1]"
http://example.org/emotions.owl#Anger,anger,a strong feeling that makes you want to hurt someone or be unpleasant because of something unfair or unkind that has happened,http://example.org/conceptual_spaces.owl#Osgood,osgood,http://example.org/conceptual_spaces.owl#Osgood_potency,potency,"the perceived strength, dominance, or control inherent in an emotion.","[0, 1]"
http://example.org/emotions.owl#Anger,anger,a strong feeling that makes you want to hurt someone or be unpleasant because of something unfair or unkind that has happened,http://example.org/conceptual_spaces.owl#PAD,pad,http://example.org/conceptual_spaces.owl#PAD_arousal,arousal,amount of physiological change in the person's body,"[0, 1]"
http://example.org/emotions.owl#Anger,anger,a strong feeling that makes you want to hurt someone or be unpleasant because of something unfair or unkind that has happened,http://example.org/conceptual_spaces.owl#PAD,pad,http://example.org/conceptual_spaces.owl#PAD_dominance,dominance,the feeling of being in control of the situation vs being controlled,"[-1, 1]"
http://example.org/emotions.owl#Anger,anger,a strong feeling that makes you want to hurt someone or be unpleasant because of something unfair or unkind that has happened,http://example.org/conceptual_spaces.owl#PAD,pad,http://example.org/conceptual_spaces.owl#PAD_pleasure,pleasure,degree of pleasantness or unpleasantness of an emotion,"[-1, 1]"
http://example.org/emotions.owl#Annoyance,annoyance,the feeling or state of being annoyed,http://example.org/conceptual_spaces.owl#circumplex,circumplex,http://example.org/conceptual_spaces.owl#circumplex_arousal,arousal,amount of physiological change in the person's body,"[0, 1]"
http://example.org/emotions.owl#Annoyance,annoyance,the feeling or state of being annoyed,http://example.org/conceptual_spaces.owl#circumplex,circumplex,http://example.org/conceptual_spaces.owl#circumplex_valence,valence,degree of pleasantness or unpleasantness of an emotion,"[-1, 1]"
http://example.org/emotions.owl#Annoyance,annoyance,the feeling or state of being annoyed,http://example.org/conceptual_spaces.owl#Fontaine,fontaine,http://example.org/conceptual_spaces.owl#Fontaine_activity,activity,amount of physiological change in the person's body,"[0, 1]"
http://example.org/emotions.owl#Annoyance,annoyance,the feeling or state of being annoyed,http://example.org/conceptual_spaces.owl#Fontaine,fontaine,http://example.org/conceptual_spaces.owl#Fontaine_evaluation,evaluation,degree of pleasantness or unpleasantness of an emotion,"[-1, 1]"
http://example.org/emotions.owl#Annoyance,annoyance,the feeling or state of being annoyed,http://example.org/conceptual_spaces.owl#Fontaine,fontaine,http://example.org/conceptual_spaces.owl#Fontaine_potency,potency,"the perceived strength, dominance, or control inherent in an emotion.","[0, 1]"
http://example.org/emotions.owl#Annoyance,annoyance,the feeling or state of being annoyed,http://example.org/conceptual_spaces.owl#Fontaine,fontaine,http://example.org/conceptual_spaces.owl#Fontaine_unpredictability,unpredictability,a person's reaction to a stimulus based on their familiarity with the situation,"[0, 1]"
http://example.org/emotions.owl#Annoyance,annoyance,the feeling or state of being annoyed,http://example.org/conceptual_spaces.owl#Osgood,osgood,http://example.org/conceptual_spaces.owl#Osgood_activity,activity,amount of physiological change in the person's body,"[0, 1]"
http://example.org/emotions.owl#Annoyance,annoyance,the feeling or state of being annoyed,http://example.org/conceptual_spaces.owl#Osgood,osgood,http://example.org/conceptual_spaces.owl#Osgood_evaluation,evaluation,degree of pleasantness or unpleasantness of an emotion,"[-1, 1]"
http://example.org/emotions.owl#Annoyance,annoyance,the feeling or state of being annoyed,http://example.org/conceptual_spaces.owl#Osgood,osgood,http://example.org/conceptual_spaces.owl#Osgood_potency,potency,"the perceived strength, dominance, or control inherent in an emotion.","[0, 1]"
http://example.org/emotions.owl#Annoyance,annoyance,the feeling or state of being annoyed,http://example.org/conceptual_spaces.owl#PAD,pad,http://example.org/conceptual_spaces.owl#PAD_arousal,arousal,amount of physiological change in the person's body,"[0, 1]"
http://example.org/emotions.owl#Annoyance,annoyance,the feeling or state of being annoyed,http://example.org/conceptual_spaces.owl#PAD,pad,http://example.org/conceptual_spaces.owl#PAD_dominance,dominance,the feeling of being in control of the situation vs being controlled,"[-1, 1]"
http://example.org/emotions.owl#Annoyance,annoyance,the feeling or state of being annoyed,http://example.org/conceptual_spaces.owl#PAD,pad,http://example.org/conceptual_spaces.owl#PAD_pleasure,pleasure,degree of pleasantness or unpleasantness of an emotion,"[-1, 1]"
http://example.org/emotions.owl#Anticipation,anticipation,a feeling of excitement about something that is going to happen in the near future,http://example.org/conceptual_spaces.owl#circumplex,circumplex,http://example.org/conceptual_spaces.owl#circumplex_arousal,arousal,amount of physiological change in the person's body,"[0, 1]"
http://example.org/emotions.owl#Anticipation,anticipation,a feeling of excitement about something that is going to happen in the near future,http://example.org/conceptual_spaces.owl#circumplex,circumplex,http://example.org/conceptual_spaces.owl#circumplex_valence,valence,degree of pleasantness or unpleasantness of an emotion,"[-1, 1]"
http://example.org/emotions.owl#Anticipation,anticipation,a feeling of excitement about something that is going to happen in the near future,http://example.org/conceptual_spaces.owl#Fontaine,fontaine,http://example.org/conceptual_spaces.owl#Fontaine_activity,activity,amount of physiological change in the person's body,"[0, 1]"
http://example.org/emotions.owl#Anticipation,anticipation,a feeling of excitement about something that is going to happen in the near future,http://example.org/conceptual_spaces.owl#Fontaine,fontaine,http://example.org/conceptual_spaces.owl#Fontaine_evaluation,evaluation,degree of pleasantness or unpleasantness of an emotion,"[-1, 1]"
http://example.org/emotions.owl#Anticipation,anticipation,a feeling of excitement about something that is going to happen in the near future,http://example.org/conceptual_spaces.owl#Fontaine,fontaine,http://example.org/conceptual_spaces.owl#Fontaine_potency,potency,"the perceived strength, dominance, or control inherent in an emotion.","[0, 1]"
http://example.org/emotions.owl#Anticipation,anticipation,a feeling of excitement about something that is going to happen in the near future,http://example.org/conceptual_spaces.owl#Fontaine,fontaine,http://example.org/conceptual_spaces.owl#Fontaine_unpredictability,unpredictability,a person's reaction to a stimulus based on their familiarity with the situation,"[0, 1]"
http://example.org/emotions.owl#Anticipation,anticipation,a feeling of excitement about something that is going to happen in the near future,http://example.org/conceptual_spaces.owl#Osgood,osgood,http://example.org/conceptual_spaces.owl#Osgood_activity,activity,amount of physiological change in the person's body,"[0, 1]"
http://example.org/emotions.owl#Anticipation,anticipation,a feeling of excitement about something that is going to happen in the near future,http://example.org/conceptual_spaces.owl#Osgood,osgood,http://example.org/conceptual_spaces.owl#Osgood_evaluation,evaluation,degree of pleasantness or unpleasantness of an emotion,"[-1, 1]"
http://example.org/emotions.owl#Anticipation,anticipation,a feeling of excitement about something that is going to happen in the near future,http://example.org/conceptual_spaces.owl#Osgood,osgood,http://example.org/conceptual_spaces.owl#Osgood_potency,potency,"the perceived strength, dominance, or control inherent in an emotion.","[0, 1]"
http://example.org/emotions.owl#Anticipation,anticipation,a feeling of excitement about something that is going to happen in the near future,http://example.org/conceptual_spaces.owl#PAD,pad,http://example.org/conceptual_spaces.owl#PAD_arousal,arousal,amount of physiological change in the person's body,"[0, 1]"
http://example.org/emotions.owl#Anticipation,anticipation,a feeling of excitement about something that is going to happen in the near future,http://example.org/conceptual_spaces.owl#PAD,pad,http://example.org/conceptual_spaces.owl#PAD_dominance,dominance,the feeling of being in control of the situation vs being controlled,"[-1, 1]"
http://example.org/emotions.owl#Anticipation,anticipation,a feeling of excitement about something that is going to happen in the near future,http://example.org/conceptual_spaces.owl#PAD,pad,http://example.org/conceptual_spaces.owl#PAD_pleasure,pleasure,degree of pleasantness or unpleasantness of an emotion,"[-1, 1]"
http://example.org/emotions.owl#Apprehension,apprehension,"worry about the future, or a fear that something unpleasant is going to happen",http://example.org/conceptual_spaces.owl#circumplex,circumplex,http://example.org/conceptual_spaces.owl#circumplex_arousal,arousal,amount of physiological change in the person's body,"[0, 1]"
http://example.org/emotions.owl#Apprehension,apprehension,"worry about the future, or a fear that something unpleasant is going to happen",http://example.org/conceptual_spaces.owl#circumplex,circumplex,http://example.org/conceptual_spaces.owl#circumplex_valence,valence,degree of pleasantness or unpleasantness of an emotion,"[-1, 1]"
http://example.org/emotions.owl#Apprehension,apprehension,"worry about the future, or a fear that something unpleasant is going to happen",http://example.org/conceptual_spaces.owl#Fontaine,fontaine,http://example.org/conceptual_spaces.owl#Fontaine_activity,activity,amount of physiological change in the person's body,"[0, 1]"
http://example.org/emotions.owl#Apprehension,apprehension,"worry about the future, or a fear that something unpleasant is going to happen",http://example.org/conceptual_spaces.owl#Fontaine,fontaine,http://example.org/conceptual_spaces.owl#Fontaine_evaluation,evaluation,degree of pleasantness or unpleasantness of an emotion,"[-1, 1]"
http://example.org/emotions.owl#Apprehension,apprehension,"worry about the future, or a fear that something unpleasant is going to happen",http://example.org/conceptual_spaces.owl#Fontaine,fontaine,http://example.org/conceptual_spaces.owl#Fontaine_potency,potency,"the perceived strength, dominance, or control inherent in an emotion.","[0, 1]"
http://example.org/emotions.owl#Apprehension,apprehension,"worry about the future, or a fear that something unpleasant is going to happen",http://example.org/conceptual_spaces.owl#Fontaine,fontaine,http://example.org/conceptual_spaces.owl#Fontaine_unpredictability,unpredictability,a person's reaction to a stimulus based on their familiarity with the situation,"[0, 1]"
http://example.org/emotions.owl#Apprehension,apprehension,"worry about the future, or a fear that something unpleasant is going to happen",http://example.org/conceptual_spaces.owl#Osgood,osgood,http://example.org/conceptual_spaces.owl#Osgood_activity,activity,amount of physiological change in the person's body,"[0, 1]"
http://example.org/emotions.owl#Apprehension,apprehension,"worry about the future, or a fear that something unpleasant is going to happen",http://example.org/conceptual_spaces.owl#Osgood,osgood,http://example.org/conceptual_spaces.owl#Osgood_evaluation,evaluation,degree of pleasantness or unpleasantness of an emotion,"[-1, 1]"
http://example.org/emotions.owl#Apprehension,apprehension,"worry about the future, or a fear that something unpleasant is going to happen",http://example.org/conceptual_spaces.owl#Osgood,osgood,http://example.org/conceptual_spaces.owl#Osgood_potency,potency,"the perceived strength, dominance, or control inherent in an emotion.","[0, 1]"
http://example.org/emotions.owl#Apprehension,apprehension,"worry about the future, or a fear that something unpleasant is going to happen",http://example.org/conceptual_spaces.owl#PAD,pad,http://example.org/conceptual_spaces.owl#PAD_arousal,arousal,amount of physiological change in the person's body,"[0, 1]"
http://example.org/emotions.owl#Apprehension,apprehension,"worry about the future, or a fear that something unpleasant is going to happen",http://example.org/conceptual_spaces.owl#PAD,pad,http://example.org/conceptual_spaces.owl#PAD_dominance,dominance,the feeling of being in control of the situation vs being controlled,"[-1, 1]"
http://example.org/emotions.owl#Apprehension,apprehension,"worry about the future, or a fear that something unpleasant is going to happen",http://example.org/conceptual_spaces.owl#PAD,pad,http://example.org/conceptual_spaces.owl#PAD_pleasure,pleasure,degree of pleasantness or unpleasantness of an emotion,"[-1, 1]"
http://example.org/emotions.owl#Awe,awe,a feeling of great respect sometimes mixed with fear or surprise,http://example.org/conceptual_spaces.owl#circumplex,circumplex,http://example.org/conceptual_spaces.owl#circumplex_arousal,arousal,amount of physiological change in the person's body,"[0, 1]"
http://example.org/emotions.owl#Awe,awe,a feeling of great respect sometimes mixed with fear or surprise,http://example.org/conceptual_spaces.owl#circumplex,circumplex,http://example.org/conceptual_spaces.owl#circumplex_valence,valence,degree of pleasantness or unpleasantness of an emotion,"[-1, 1]"
http://example.org/emotions.owl#Awe,awe,a feeling of great respect sometimes mixed with fear or surprise,http://example.org/conceptual_spaces.owl#Fontaine,fontaine,http://example.org/conceptual_spaces.owl#Fontaine_activity,activity,amount of physiological change in the person's body,"[0, 1]"
http://example.org/emotions.owl#Awe,awe,a feeling of great respect sometimes mixed with fear or surprise,http://example.org/conceptual_spaces.owl#Fontaine,fontaine,http://example.org/conceptual_spaces.owl#Fontaine_evaluation,evaluation,degree of pleasantness or unpleasantness of an emotion,"[-1, 1]"
http://example.org/emotions.owl#Awe,awe,a feeling of great respect sometimes mixed with fear or surprise,http://example.org/conceptual_spaces.owl#Fontaine,fontaine,http://example.org/conceptual_spaces.owl#Fontaine_potency,potency,"the perceived strength, dominance, or control inherent in an emotion.","[0, 1]"
http://example.org/emotions.owl#Awe,awe,a feeling of great respect sometimes mixed with fear or surprise,http://example.org/conceptual_spaces.owl#Fontaine,fontaine,http://example.org/conceptual_spaces.owl#Fontaine_unpredictability,unpredictability,a person's reaction to a stimulus based on their familiarity with the situation,"[0, 1]"
http://example.org/emotions.owl#Awe,awe,a feeling of great respect sometimes mixed with fear or surprise,http://example.org/conceptual_spaces.owl#Osgood,osgood,http://example.org/conceptual_spaces.owl#Osgood_activity,activity,amount of physiological change in the person's body,"[0, 1]"
http://example.org/emotions.owl#Awe,awe,a feeling of great respect sometimes mixed with fear or surprise,http://example.org/conceptual_spaces.owl#Osgood,osgood,http://example.org/conceptual_spaces.owl#Osgood_evaluation,evaluation,degree of pleasantness or unpleasantness of an emotion,"[-1, 1]"
http://example.org/emotions.owl#Awe,awe,a feeling of great respect sometimes mixed with fear or surprise,http://example.org/conceptual_spaces.owl#Osgood,osgood,http://example.org/conceptual_spaces.owl#Osgood_potency,potency,"the perceived strength, dominance, or control inherent in an emotion.","[0, 1]"
http://example.org/emotions.owl#Awe,awe,a feeling of great respect sometimes mixed with fear or surprise,http://example.org/conceptual_spaces.owl#PAD,pad,http://example.org/conceptual_spaces.owl#PAD_arousal,arousal,amount of physiological change in the person's body,"[0, 1]"
http://example.org/emotions.owl#Awe,awe,a feeling of great respect sometimes mixed with fear or surprise,http://example.org/conceptual_spaces.owl#PAD,pad,http://example.org/conceptual_spaces.owl#PAD_dominance,dominance,the feeling of being in control of the situation vs being controlled,"[-1, 1]"
http://example.org/emotions.owl#Awe,awe,a feeling of great respect sometimes mixed with fear or surprise,http://example.org/conceptual_spaces.owl#PAD,pad,http://example.org/conceptual_spaces.owl#PAD_pleasure,pleasure,degree of pleasantness or unpleasantness of an emotion,"[-1, 1]"
http://example.org/emotions.owl#Boredom,boredom,the state of being bored,http://example.org/conceptual_spaces.owl#circumplex,circumplex,http://example.org/conceptual_spaces.owl#circumplex_arousal,arousal,amount of physiological change in the person's body,"[0, 1]"
http://example.org/emotions.owl#Boredom,boredom,the state of being bored,http://example.org/conceptual_spaces.owl#circumplex,circumplex,http://example.org/conceptual_spaces.owl#circumplex_valence,valence,degree of pleasantness or unpleasantness of an emotion,"[-1, 1]"
http://example.org/emotions.owl#Boredom,boredom,the state of being bored,http://example.org/conceptual_spaces.owl#Fontaine,fontaine,http://example.org/conceptual_spaces.owl#Fontaine_activity,activity,amount of physiological change in the person's body,"[0, 1]"
http://example.org/emotions.owl#Boredom,boredom,the state of being bored,http://example.org/conceptual_spaces.owl#Fontaine,fontaine,http://example.org/conceptual_spaces.owl#Fontaine_evaluation,evaluation,degree of pleasantness or unpleasantness of an emotion,"[-1, 1]"
http://example.org/emotions.owl#Boredom,boredom,the state of being bored,http://example.org/conceptual_spaces.owl#Fontaine,fontaine,http://example.org/conceptual_spaces.owl#Fontaine_potency,potency,"the perceived strength, dominance, or control inherent in an emotion.","[0, 1]"
http://example.org/emotions.owl#Boredom,boredom,the state of being bored,http://example.org/conceptual_spaces.owl#Fontaine,fontaine,http://example.org/conceptual_spaces.owl#Fontaine_unpredictability,unpredictability,a person's reaction to a stimulus based on their familiarity with the situation,"[0, 1]"
http://example.org/emotions.owl#Boredom,boredom,the state of being bored,http://example.org/conceptual_spaces.owl#Osgood,osgood,http://example.org/conceptual_spaces.owl#Osgood_activity,activity,amount of physiological change in the person's body,"[0, 1]"
http://example.org/emotions.owl#Boredom,boredom,the state of being bored,http://example.org/conceptual_spaces.owl#Osgood,osgood,http://example.org/conceptual_spaces.owl#Osgood_evaluation,evaluation,degree of pleasantness or unpleasantness of an emotion,"[-1, 1]"
http://example.org/emotions.owl#Boredom,boredom,the state of being bored,http://example.org/conceptual_spaces.owl#Osgood,osgood,http://example.org/conceptual_spaces.owl#Osgood_potency,potency,"the perceived strength, dominance, or control inherent in an emotion.","[0, 1]"
http://example.org/emotions.owl#Boredom,boredom,the state of being bored,http://example.org/conceptual_spaces.owl#PAD,pad,http://example.org/conceptual_spaces.owl#PAD_arousal,arousal,amount of physiological change in the person's body,"[0, 1]"
http://example.org/emotions.owl#Boredom,boredom,the state of being bored,http://example.org/conceptual_spaces.owl#PAD,pad,http://example.org/conceptual_spaces.owl#PAD_dominance,dominance,the feeling of being in control of the situation vs being controlled,"[-1, 1]"
http://example.org/emotions.owl#Boredom,boredom,the state of being bored,http://example.org/conceptual_spaces.owl#PAD,pad,http://example.org/conceptual_spaces.owl#PAD_pleasure,pleasure,degree of pleasantness or unpleasantness of an emotion,"[-1, 1]"
http://example.org/emotions.owl#Contempt,contempt,a strong feeling of disliking and having no respect for someone or something,http://example.org/conceptual_spaces.owl#circumplex,circumplex,http://example.org/conceptual_spaces.owl#circumplex_arousal,arousal,amount of physiological change in the person's body,"[0, 1]"
http://example.org/emotions.owl#Contempt,contempt,a strong feeling of disliking and having no respect for someone or something,http://example.org/conceptual_spaces.owl#circumplex,circumplex,http://example.org/conceptual_spaces.owl#circumplex_valence,valence,degree of pleasantness or unpleasantness of an emotion,"[-1, 1]"
http://example.org/emotions.owl#Contempt,contempt,a strong feeling of disliking and having no respect for someone or something,http://example.org/conceptual_spaces.owl#Fontaine,fontaine,http://example.org/conceptual_spaces.owl#Fontaine_activity,activity,amount of physiological change in the person's body,"[0, 1]"
http://example.org/emotions.owl#Contempt,contempt,a strong feeling of disliking and having no respect for someone or something,http://example.org/conceptual_spaces.owl#Fontaine,fontaine,http://example.org/conceptual_spaces.owl#Fontaine_evaluation,evaluation,degree of pleasantness or unpleasantness of an emotion,"[-1, 1]"
http://example.org/emotions.owl#Contempt,contempt,a strong feeling of disliking and having no respect for someone or something,http://example.org/conceptual_spaces.owl#Fontaine,fontaine,http://example.org/conceptual_spaces.owl#Fontaine_potency,potency,"the perceived strength, dominance, or control inherent in an emotion.","[0, 1]"
http://example.org/emotions.owl#Contempt,contempt,a strong feeling of disliking and having no respect for someone or something,http://example.org/conceptual_spaces.owl#Fontaine,fontaine,http://example.org/conceptual_spaces.owl#Fontaine_unpredictability,unpredictability,a person's reaction to a stimulus based on their familiarity with the situation,"[0, 1]"
http://example.org/emotions.owl#Contempt,contempt,a strong feeling of disliking and having no respect for someone or something,http://example.org/conceptual_spaces.owl#Osgood,osgood,http://example.org/conceptual_spaces.owl#Osgood_activity,activity,amount of physiological change in the person's body,"[0, 1]"
http://example.org/emotions.owl#Contempt,contempt,a strong feeling of disliking and having no respect for someone or something,http://example.org/conceptual_spaces.owl#Osgood,osgood,http://example.org/conceptual_spaces.owl#Osgood_evaluation,evaluation,degree of pleasantness or unpleasantness of an emotion,"[-1, 1]"
http://example.org/emotions.owl#Contempt,contempt,a strong feeling of disliking and having no respect for someone or something,http://example.org/conceptual_spaces.owl#Osgood,osgood,http://example.org/conceptual_spaces.owl#Osgood_potency,potency,"the perceived strength, dominance, or control inherent in an emotion.","[0, 1]"
http://example.org/emotions.owl#Contempt,contempt,a strong feeling of disliking and having no respect for someone or something,http://example.org/conceptual_spaces.owl#PAD,pad,http://example.org/conceptual_spaces.owl#PAD_arousal,arousal,amount of physiological change in the person's body,"[0, 1]"
http://example.org/emotions.owl#Contempt,contempt,a strong feeling of disliking and having no respect for someone or something,http://example.org/conceptual_spaces.owl#PAD,pad,http://example.org/conceptual_spaces.owl#PAD_dominance,dominance,the feeling of being in control of the situation vs being controlled,"[-1, 1]"
http://example.org/emotions.owl#Contempt,contempt,a strong feeling of disliking and having no respect for someone or something,http://example.org/conceptual_spaces.owl#PAD,pad,http://example.org/conceptual_spaces.owl#PAD_pleasure,pleasure,degree of pleasantness or unpleasantness of an emotion,"[-1, 1]"
http://example.org/emotions.owl#Disappointment,disappointment,the feeling of being disappointed,http://example.org/conceptual_spaces.owl#circumplex,circumplex,http://example.org/conceptual_spaces.owl#circumplex_arousal,arousal,amount of physiological change in the person's body,"[0, 1]"
http://example.org/emotions.owl#Disappointment,disappointment,the feeling of being disappointed,http://example.org/conceptual_spaces.owl#circumplex,circumplex,http://example.org/conceptual_spaces.owl#circumplex_valence,valence,degree of pleasantness or unpleasantness of an emotion,"[-1, 1]"
http://example.org/emotions.owl#Disappointment,disappointment,the feeling of being disappointed,http://example.org/conceptual_spaces.owl#Fontaine,fontaine,http://example.org/conceptual_spaces.owl#Fontaine_activity,activity,amount of physiological change in the person's body,"[0, 1]"
http://example.org/emotions.owl#Disappointment,disappointment,the feeling of being disappointed,http://example.org/conceptual_spaces.owl#Fontaine,fontaine,http://example.org/conceptual_spaces.owl#Fontaine_evaluation,evaluation,degree of pleasantness or unpleasantness of an emotion,"[-1, 1]"
http://example.org/emotions.owl#Disappointment,disappointment,the feeling of being disappointed,http://example.org/conceptual_spaces.owl#Fontaine,fontaine,http://example.org/conceptual_spaces.owl#Fontaine_potency,potency,"the perceived strength, dominance, or control inherent in an emotion.","[0, 1]"
http://example.org/emotions.owl#Disappointment,disappointment,the feeling of being disappointed,http://example.org/conceptual_spaces.owl#Fontaine,fontaine,http://example.org/conceptual_spaces.owl#Fontaine_unpredictability,unpredictability,a person's reaction to a stimulus based on their familiarity with the situation,"[0, 1]"
http://example.org/emotions.owl#Disappointment,disappointment,the feeling of being disappointed,http://example.org/conceptual_spaces.owl#Osgood,osgood,http://example.org/conceptual_spaces.owl#Osgood_activity,activity,amount of physiological change in the person's body,"[0, 1]"
http://example.org/emotions.owl#Disappointment,disappointment,the feeling of being disappointed,http://example.org/conceptual_spaces.owl#Osgood,osgood,http://example.org/conceptual_spaces.owl#Osgood_evaluation,evaluation,degree of pleasantness or unpleasantness of an emotion,"[-1, 1]"
http://example.org/emotions.owl#Disappointment,disappointment,the feeling of being disappointed,http://example.org/conceptual_spaces.owl#Osgood,osgood,http://example.org/conceptual_spaces.owl#Osgood_potency,potency,"the perceived strength, dominance, or control inherent in an emotion.","[0, 1]"
http://example.org/emotions.owl#Disappointment,disappointment,the feeling of being disappointed,http://example.org/conceptual_spaces.owl#PAD,pad,http://example.org/conceptual_spaces.owl#PAD_arousal,arousal,amount of physiological change in the person's body,"[0, 1]"
http://example.org/emotions.owl#Disappointment,disappointment,the feeling of being disappointed,http://example.org/conceptual_spaces.owl#PAD,pad,http://example.org/conceptual_spaces.owl#PAD_dominance,dominance,the feeling of being in control of the situation vs being controlled,"[-1, 1]"
http://example.org/emotions.owl#Disappointment,disappointment,the feeling of being disappointed,http://example.org/conceptual_spaces.owl#PAD,pad,http://example.org/conceptual_spaces.owl#PAD_pleasure,pleasure,degree of pleasantness or unpleasantness of an emotion,"[-1, 1]"
http://example.org/emotions.owl#Disgust,disgust,"a strong feeling of disapproval and dislike at a situation, person's behaviour, etc.",http://example.org/conceptual_spaces.owl#circumplex,circumplex,http://example.org/conceptual_spaces.owl#circumplex_arousal,arousal,amount of physiological change in the person's body,"[0, 1]"
http://example.org/emotions.owl#Disgust,disgust,"a strong feeling of disapproval and dislike at a situation, person's behaviour, etc.",http://example.org/conceptual_spaces.owl#circumplex,circumplex,http://example.org/conceptual_spaces.owl#circumplex_valence,valence,degree of pleasantness or unpleasantness of an emotion,"[-1, 1]"
http://example.org/emotions.owl#Disgust,disgust,"a strong feeling of disapproval and dislike at a situation, person's behaviour, etc.",http://example.org/conceptual_spaces.owl#Fontaine,fontaine,http://example.org/conceptual_spaces.owl#Fontaine_activity,activity,amount of physiological change in the person's body,"[0, 1]"
http://example.org/emotions.owl#Disgust,disgust,"a strong feeling of disapproval and dislike at a situation, person's behaviour, etc.",http://example.org/conceptual_spaces.owl#Fontaine,fontaine,http://example.org/conceptual_spaces.owl#Fontaine_evaluation,evaluation,degree of pleasantness or unpleasantness of an emotion,"[-1, 1]"
http://example.org/emotions.owl#Disgust,disgust,"a strong feeling of disapproval and dislike at a situation, person's behaviour, etc.",http://example.org/conceptual_spaces.owl#Fontaine,fontaine,http://example.org/conceptual_spaces.owl#Fontaine_potency,potency,"the perceived strength, dominance, or control inherent in an emotion.","[0, 1]"
http://example.org/emotions.owl#Disgust,disgust,"a strong feeling of disapproval and dislike at a situation, person's behaviour, etc.",http://example.org/conceptual_spaces.owl#Fontaine,fontaine,http://example.org/conceptual_spaces.owl#Fontaine_unpredictability,unpredictability,a person's reaction to a stimulus based on their familiarity with the situation,"[0, 1]"
http://example.org/emotions.owl#Disgust,disgust,"a strong feeling of disapproval and dislike at a situation, person's behaviour, etc.",http://example.org/conceptual_spaces.owl#Osgood,osgood,http://example.org/conceptual_spaces.owl#Osgood_activity,activity,amount of physiological change in the person's body,"[0, 1]"
http://example.org/emotions.owl#Disgust,disgust,"a strong feeling of disapproval and dislike at a situation, person's behaviour, etc.",http://example.org/conceptual_spaces.owl#Osgood,osgood,http://example.org/conceptual_spaces.owl#Osgood_evaluation,evaluation,degree of pleasantness or unpleasantness of an emotion,"[-1, 1]"
http://example.org/emotions.owl#Disgust,disgust,"a strong feeling of disapproval and dislike at a situation, person's behaviour, etc.",http://example.org/conceptual_spaces.owl#Osgood,osgood,http://example.org/conceptual_spaces.owl#Osgood_potency,potency,"the perceived strength, dominance, or control inherent in an emotion.","[0, 1]"
http://example.org/emotions.owl#Disgust,disgust,"a strong feeling of disapproval and dislike at a situation, person's behaviour, etc.",http://example.org/conceptual_spaces.owl#PAD,pad,http://example.org/conceptual_spaces.owl#PAD_arousal,arousal,amount of physiological change in the person's body,"[0, 1]"
http://example.org/emotions.owl#Disgust,disgust,"a strong feeling of disapproval and dislike at a situation, person's behaviour, etc.",http://example.org/conceptual_spaces.owl#PAD,pad,http://example.org/conceptual_spaces.owl#PAD_dominance,dominance,the feeling of being in control of the situation vs being controlled,"[-1, 1]"
http://example.org/emotions.owl#Disgust,disgust,"a strong feeling of disapproval and dislike at a situation, person's behaviour, etc.",http://example.org/conceptual_spaces.owl#PAD,pad,http://example.org/conceptual_spaces.owl#PAD_pleasure,pleasure,degree of pleasantness or unpleasantness of an emotion,"[-1, 1]"
http://example.org/emotions.owl#Distraction,distraction,the state of being very bored or annoyed,http://example.org/conceptual_spaces.owl#circumplex,circumplex,http://example.org/conceptual_spaces.owl#circumplex_arousal,arousal,amount of physiological change in the person's body,"[0, 1]"
http://example.org/emotions.owl#Distraction,distraction,the state of being very bored or annoyed,http://example.org/conceptual_spaces.owl#circumplex,circumplex,http://example.org/conceptual_spaces.owl#circumplex_valence,valence,degree of pleasantness or unpleasantness of an emotion,"[-1, 1]"
http://example.org/emotions.owl#Distraction,distraction,the state of being very bored or annoyed,http://example.org/conceptual_spaces.owl#Fontaine,fontaine,http://example.org/conceptual_spaces.owl#Fontaine_activity,activity,amount of physiological change in the person's body,"[0, 1]"
http://example.org/emotions.owl#Distraction,distraction,the state of being very bored or annoyed,http://example.org/conceptual_spaces.owl#Fontaine,fontaine,http://example.org/conceptual_spaces.owl#Fontaine_evaluation,evaluation,degree of pleasantness or unpleasantness of an emotion,"[-1, 1]"
http://example.org/emotions.owl#Distraction,distraction,the state of being very bored or annoyed,http://example.org/conceptual_spaces.owl#Fontaine,fontaine,http://example.org/conceptual_spaces.owl#Fontaine_potency,potency,"the perceived strength, dominance, or control inherent in an emotion.","[0, 1]"
http://example.org/emotions.owl#Distraction,distraction,the state of being very bored or annoyed,http://example.org/conceptual_spaces.owl#Fontaine,fontaine,http://example.org/conceptual_spaces.owl#Fontaine_unpredictability,unpredictability,a person's reaction to a stimulus based on their familiarity with the situation,"[0, 1]"
http://example.org/emotions.owl#Distraction,distraction,the state of being very bored or annoyed,http://example.org/conceptual_spaces.owl#Osgood,osgood,http://example.org/conceptual_spaces.owl#Osgood_activity,activity,amount of physiological change in the person's body,"[0, 1]"
http://example.org/emotions.owl#Distraction,distraction,the state of being very bored or annoyed,http://example.org/conceptual_spaces.owl#Osgood,osgood,http://example.org/conceptual_spaces.owl#Osgood_evaluation,evaluation,degree of pleasantness or unpleasantness of an emotion,"[-1, 1]"
http://example.org/emotions.owl#Distraction,distraction,the state of being very bored or annoyed,http://example.org/conceptual_spaces.owl#Osgood,osgood,http://example.org/conceptual_spaces.owl#Osgood_potency,potency,"the perceived strength, dominance, or control inherent in an emotion.","[0, 1]"
http://example.org/emotions.owl#Distraction,distraction,the state of being very bored or annoyed,http://example.org/conceptual_spaces.owl#PAD,pad,http://example.org/conceptual_spaces.owl#PAD_arousal,arousal,amount of physiological change in the person's body,"[0, 1]"
http://example.org/emotions.owl#Distraction,distraction,the state of being very bored or annoyed,http://example.org/conceptual_spaces.owl#PAD,pad,http://example.org/conceptual_spaces.owl#PAD_dominance,dominance,the feeling of being in control of the situation vs being controlled,"[-1, 1]"
http://example.org/emotions.owl#Distraction,distraction,the state of being very bored or annoyed,http://example.org/conceptual_spaces.owl#PAD,pad,http://example.org/conceptual_spaces.owl#PAD_pleasure,pleasure,degree of pleasantness or unpleasantness of an emotion,"[-1, 1]"
http://example.org/emotions.owl#Ecstasy,ecstasy,"a state of extreme happiness, especially when feeling pleasure",http://example.org/conceptual_spaces.owl#circumplex,circumplex,http://example.org/conceptual_spaces.owl#circumplex_arousal,arousal,amount of physiological change in the person's body,"[0, 1]"
http://example.org/emotions.owl#Ecstasy,ecstasy,"a state of extreme happiness, especially when feeling pleasure",http://example.org/conceptual_spaces.owl#circumplex,circumplex,http://example.org/conceptual_spaces.owl#circumplex_valence,valence,degree of pleasantness or unpleasantness of an emotion,"[-1, 1]"
http://example.org/emotions.owl#Ecstasy,ecstasy,"a state of extreme happiness, especially when feeling pleasure",http://example.org/conceptual_spaces.owl#Fontaine,fontaine,http://example.org/conceptual_spaces.owl#Fontaine_activity,activity,amount of physiological change in the person's body,"[0, 1]"
http://example.org/emotions.owl#Ecstasy,ecstasy,"a state of extreme happiness, especially when feeling pleasure",http://example.org/conceptual_spaces.owl#Fontaine,fontaine,http://example.org/conceptual_spaces.owl#Fontaine_evaluation,evaluation,degree of pleasantness or unpleasantness of an emotion,"[-1, 1]"
http://example.org/emotions.owl#Ecstasy,ecstasy,"a state of extreme happiness, especially when feeling pleasure",http://example.org/conceptual_spaces.owl#Fontaine,fontaine,http://example.org/conceptual_spaces.owl#Fontaine_potency,potency,"the perceived strength, dominance, or control inherent in an emotion.","[0, 1]"
http://example.org/emotions.owl#Ecstasy,ecstasy,"a state of extreme happiness, especially when feeling pleasure",http://example.org/conceptual_spaces.owl#Fontaine,fontaine,http://example.org/conceptual_spaces.owl#Fontaine_unpredictability,unpredictability,a person's reaction to a stimulus based on their familiarity with the situation,"[0, 1]"
http://example.org/emotions.owl#Ecstasy,ecstasy,"a state of extreme happiness, especially when feeling pleasure",http://example.org/conceptual_spaces.owl#Osgood,osgood,http://example.org/conceptual_spaces.owl#Osgood_activity,activity,amount of physiological change in the person's body,"[0, 1]"
http://example.org/emotions.owl#Ecstasy,ecstasy,"a state of extreme happiness, especially when feeling pleasure",http://example.org/conceptual_spaces.owl#Osgood,osgood,http://example.org/conceptual_spaces.owl#Osgood_evaluation,evaluation,degree of pleasantness or unpleasantness of an emotion,"[-1, 1]"
http://example.org/emotions.owl#Ecstasy,ecstasy,"a state of extreme happiness, especially when feeling pleasure",http://example.org/conceptual_spaces.owl#Osgood,osgood,http://example.org/conceptual_spaces.owl#Osgood_potency,potency,"the perceived strength, dominance, or control inherent in an emotion.","[0, 1]"
http://example.org/emotions.owl#Ecstasy,ecstasy,"a state of extreme happiness, especially when feeling pleasure",http://example.org/conceptual_spaces.owl#PAD,pad,http://example.org/conceptual_spaces.owl#PAD_arousal,arousal,amount of physiological change in the person's body,"[0, 1]"
http://example.org/emotions.owl#Ecstasy,ecstasy,"a state of extreme happiness, especially when feeling pleasure",http://example.org/conceptual_spaces.owl#PAD,pad,http://example.org/conceptual_spaces.owl#PAD_dominance,dominance,the feeling of being in control of the situation vs being controlled,"[-1, 1]"
http://example.org/emotions.owl#Ecstasy,ecstasy,"a state of extreme happiness, especially when feeling pleasure",http://example.org/conceptual_spaces.owl#PAD,pad,http://example.org/conceptual_spaces.owl#PAD_pleasure,pleasure,degree of pleasantness or unpleasantness of an emotion,"[-1, 1]"
http://example.org/emotions.owl#Fear,fear,"an unpleasant emotion or thought that you have when you are frightened or worried by something dangerous, painful, or bad that is happening or might happen",http://example.org/conceptual_spaces.owl#circumplex,circumplex,http://example.org/conceptual_spaces.owl#circumplex_arousal,arousal,amount of physiological change in the person's body,"[0, 1]"
http://example.org/emotions.owl#Fear,fear,"an unpleasant emotion or thought that you have when you are frightened or worried by something dangerous, painful, or bad that is happening or might happen",http://example.org/conceptual_spaces.owl#circumplex,circumplex,http://example.org/conceptual_spaces.owl#circumplex_valence,valence,degree of pleasantness or unpleasantness of an emotion,"[-1, 1]"
http://example.org/emotions.owl#Fear,fear,"an unpleasant emotion or thought that you have when you are frightened or worried by something dangerous, painful, or bad that is happening or might happen",http://example.org/conceptual_spaces.owl#Fontaine,fontaine,http://example.org/conceptual_spaces.owl#Fontaine_activity,activity,amount of physiological change in the person's body,"[0, 1]"
http://example.org/emotions.owl#Fear,fear,"an unpleasant emotion or thought that you have when you are frightened or worried by something dangerous, painful, or bad that is happening or might happen",http://example.org/conceptual_spaces.owl#Fontaine,fontaine,http://example.org/conceptual_spaces.owl#Fontaine_evaluation,evaluation,degree of pleasantness or unpleasantness of an emotion,"[-1, 1]"
http://example.org/emotions.owl#Fear,fear,"an unpleasant emotion or thought that you have when you are frightened or worried by something dangerous, painful, or bad that is happening or might happen",http://example.org/conceptual_spaces.owl#Fontaine,fontaine,http://example.org/conceptual_spaces.owl#Fontaine_potency,potency,"the perceived strength, dominance, or control inherent in an emotion.","[0, 1]"
http://example.org/emotions.owl#Fear,fear,"an unpleasant emotion or thought that you have when you are frightened or worried by something dangerous, painful, or bad that is happening or might happen",http://example.org/conceptual_spaces.owl#Fontaine,fontaine,http://example.org/conceptual_spaces.owl#Fontaine_unpredictability,unpredictability,a person's reaction to a stimulus based on their familiarity with the situation,"[0, 1]"
http://example.org/emotions.owl#Fear,fear,"an unpleasant emotion or thought that you have when you are frightened or worried by something dangerous, painful, or bad that is happening or might happen",http://example.org/conceptual_spaces.owl#Osgood,osgood,http://example.org/conceptual_spaces.owl#Osgood_activity,activity,amount of physiological change in the person's body,"[0, 1]"
http://example.org/emotions.owl#Fear,fear,"an unpleasant emotion or thought that you have when you are frightened or worried by something dangerous, painful, or bad that is happening or might happen",http://example.org/conceptual_spaces.owl#Osgood,osgood,http://example.org/conceptual_spaces.owl#Osgood_evaluation,evaluation,degree of pleasantness or unpleasantness of an emotion,"[-1, 1]"
http://example.org/emotions.owl#Fear,fear,"an unpleasant emotion or thought that you have when you are frightened or worried by something dangerous, painful, or bad that is happening or might happen",http://example.org/conceptual_spaces.owl#Osgood,osgood,http://example.org/conceptual_spaces.owl#Osgood_potency,potency,"the perceived strength, dominance, or control inherent in an emotion.","[0, 1]"
http://example.org/emotions.owl#Fear,fear,"an unpleasant emotion or thought that you have when you are frightened or worried by something dangerous, painful, or bad that is happening or might happen",http://example.org/conceptual_spaces.owl#PAD,pad,http://example.org/conceptual_spaces.owl#PAD_arousal,arousal,amount of physiological change in the person's body,"[0, 1]"
http://example.org/emotions.owl#Fear,fear,"an unpleasant emotion or thought that you have when you are frightened or worried by something dangerous, painful, or bad that is happening or might happen",http://example.org/conceptual_spaces.owl#PAD,pad,http://example.org/conceptual_spaces.owl#PAD_dominance,dominance,the feeling of being in control of the situation vs being controlled,"[-1, 1]"
http://example.org/emotions.owl#Fear,fear,"an unpleasant emotion or thought that you have when you are frightened or worried by something dangerous, painful, or bad that is happening or might happen",http://example.org/conceptual_spaces.owl#PAD,pad,http://example.org/conceptual_spaces.owl#PAD_pleasure,pleasure,degree of pleasantness or unpleasantness of an emotion,"[-1, 1]"
http://example.org/emotions.owl#Grief,grief,"very great sadness, especially at the death of someone",http://example.org/conceptual_spaces.owl#circumplex,circumplex,http://example.org/conceptual_spaces.owl#circumplex_arousal,arousal,amount of physiological change in the person's body,"[0, 1]"
http://example.org/emotions.owl#Grief,grief,"very great sadness, especially at the death of someone",http://example.org/conceptual_spaces.owl#circumplex,circumplex,http://example.org/conceptual_spaces.owl#circumplex_valence,valence,degree of pleasantness or unpleasantness of an emotion,"[-1, 1]"
http://example.org/emotions.owl#Grief,grief,"very great sadness, especially at the death of someone",http://example.org/conceptual_spaces.owl#Fontaine,fontaine,http://example.org/conceptual_spaces.owl#Fontaine_activity,activity,amount of physiological change in the person's body,"[0, 1]"
http://example.org/emotions.owl#Grief,grief,"very great sadness, especially at the death of someone",http://example.org/conceptual_spaces.owl#Fontaine,fontaine,http://example.org/conceptual_spaces.owl#Fontaine_evaluation,evaluation,degree of pleasantness or unpleasantness of an emotion,"[-1, 1]"
http://example.org/emotions.owl#Grief,grief,"very great sadness, especially at the death of someone",http://example.org/conceptual_spaces.owl#Fontaine,fontaine,http://example.org/conceptual_spaces.owl#Fontaine_potency,potency,"the perceived strength, dominance, or control inherent in an emotion.","[0, 1]"
http://example.org/emotions.owl#Grief,grief,"very great sadness, especially at the death of someone",http://example.org/conceptual_spaces.owl#Fontaine,fontaine,http://example.org/conceptual_spaces.owl#Fontaine_unpredictability,unpredictability,a person's reaction to a stimulus based on their familiarity with the situation,"[0, 1]"
http://example.org/emotions.owl#Grief,grief,"very great sadness, especially at the death of someone",http://example.org/conceptual_spaces.owl#Osgood,osgood,http://example.org/conceptual_spaces.owl#Osgood_activity,activity,amount of physiological change in the person's body,"[0, 1]"
http://example.org/emotions.owl#Grief,grief,"very great sadness, especially at the death of someone",http://example.org/conceptual_spaces.owl#Osgood,osgood,http://example.org/conceptual_spaces.owl#Osgood_evaluation,evaluation,degree of pleasantness or unpleasantness of an emotion,"[-1, 1]"
http://example.org/emotions.owl#Grief,grief,"very great sadness, especially at the death of someone",http://example.org/conceptual_spaces.owl#Osgood,osgood,http://example.org/conceptual_spaces.owl#Osgood_potency,potency,"the perceived strength, dominance, or control inherent in an emotion.","[0, 1]"
http://example.org/emotions.owl#Grief,grief,"very great sadness, especially at the death of someone",http://example.org/conceptual_spaces.owl#PAD,pad,http://example.org/conceptual_spaces.owl#PAD_arousal,arousal,amount of physiological change in the person's body,"[0, 1]"
http://example.org/emotions.owl#Grief,grief,"very great sadness, especially at the death of someone",http://example.org/conceptual_spaces.owl#PAD,pad,http://example.org/conceptual_spaces.owl#PAD_dominance,dominance,the feeling of being in control of the situation vs being controlled,"[-1, 1]"
http://example.org/emotions.owl#Grief,grief,"very great sadness, especially at the death of someone",http://example.org/conceptual_spaces.owl#PAD,pad,http://example.org/conceptual_spaces.owl#PAD_pleasure,pleasure,degree of pleasantness or unpleasantness of an emotion,"[-1, 1]"
http://example.org/emotions.owl#Interest,interest,the feeling of wanting to give your attention to something or of wanting to be involved with and to discover more about something,http://example.org/conceptual_spaces.owl#circumplex,circumplex,http://example.org/conceptual_spaces.owl#circumplex_arousal,arousal,amount of physiological change in the person's body,"[0, 1]"
http://example.org/emotions.owl#Interest,interest,the feeling of wanting to give your attention to something or of wanting to be involved with and to discover more about something,http://example.org/conceptual_spaces.owl#circumplex,circumplex,http://example.org/conceptual_spaces.owl#circumplex_valence,valence,degree of pleasantness or unpleasantness of an emotion,"[-1, 1]"
http://example.org/emotions.owl#Interest,interest,the feeling of wanting to give your attention to something or of wanting to be involved with and to discover more about something,http://example.org/conceptual_spaces.owl#Fontaine,fontaine,http://example.org/conceptual_spaces.owl#Fontaine_activity,activity,amount of physiological change in the person's body,"[0, 1]"
http://example.org/emotions.owl#Interest,interest,the feeling of wanting to give your attention to something or of wanting to be involved with and to discover more about something,http://example.org/conceptual_spaces.owl#Fontaine,fontaine,http://example.org/conceptual_spaces.owl#Fontaine_evaluation,evaluation,degree of pleasantness or unpleasantness of an emotion,"[-1, 1]"
http://example.org/emotions.owl#Interest,interest,the feeling of wanting to give your attention to something or of wanting to be involved with and to discover more about something,http://example.org/conceptual_spaces.owl#Fontaine,fontaine,http://example.org/conceptual_spaces.owl#Fontaine_potency,potency,"the perceived strength, dominance, or control inherent in an emotion.","[0, 1]"
http://example.org/emotions.owl#Interest,interest,the feeling of wanting to give your attention to something or of wanting to be involved with and to discover more about something,http://example.org/conceptual_spaces.owl#Fontaine,fontaine,http://example.org/conceptual_spaces.owl#Fontaine_unpredictability,unpredictability,a person's reaction to a stimulus based on their familiarity with the situation,"[0, 1]"
http://example.org/emotions.owl#Interest,interest,the feeling of wanting to give your attention to something or of wanting to be involved with and to discover more about something,http://example.org/conceptual_spaces.owl#Osgood,osgood,http://example.org/conceptual_spaces.owl#Osgood_activity,activity,amount of physiological change in the person's body,"[0, 1]"
http://example.org/emotions.owl#Interest,interest,the feeling of wanting to give your attention to something or of wanting to be involved with and to discover more about something,http://example.org/conceptual_spaces.owl#Osgood,osgood,http://example.org/conceptual_spaces.owl#Osgood_evaluation,evaluation,degree of pleasantness or unpleasantness of an emotion,"[-1, 1]"
http://example.org/emotions.owl#Interest,interest,the feeling of wanting to give your attention to something or of wanting to be involved with and to discover more about something,http://example.org/conceptual_spaces.owl#Osgood,osgood,http://example.org/conceptual_spaces.owl#Osgood_potency,potency,"the perceived strength, dominance, or control inherent in an emotion.","[0, 1]"
http://example.org/emotions.owl#Interest,interest,the feeling of wanting to give your attention to something or of wanting to be involved with and to discover more about something,http://example.org/conceptual_spaces.owl#PAD,pad,http://example.org/conceptual_spaces.owl#PAD_arousal,arousal,amount of physiological change in the person's body,"[0, 1]"
http://example.org/emotions.owl#Interest,interest,the feeling of wanting to give your attention to something or of wanting to be involved with and to discover more about something,http://example.org/conceptual_spaces.owl#PAD,pad,http://example.org/conceptual_spaces.owl#PAD_dominance,dominance,the feeling of being in control of the situation vs being controlled,"[-1, 1]"
http://example.org/emotions.owl#Interest,interest,the feeling of wanting to give your attention to something or of wanting to be involved with and to discover more about something,http://example.org/conceptual_spaces.owl#PAD,pad,http://example.org/conceptual_spaces.owl#PAD_pleasure,pleasure,degree of pleasantness or unpleasantness of an emotion,"[-1, 1]"
http://example.org/emotions.owl#Joy,joy,great happiness,http://example.org/conceptual_spaces.owl#circumplex,circumplex,http://example.org/conceptual_spaces.owl#circumplex_arousal,arousal,amount of physiological change in the person's body,"[0, 1]"
http://example.org/emotions.owl#Joy,joy,great happiness,http://example.org/conceptual_spaces.owl#circumplex,circumplex,http://example.org/conceptual_spaces.owl#circumplex_valence,valence,degree of pleasantness or unpleasantness of an emotion,"[-1, 1]"
http://example.org/emotions.owl#Joy,joy,great happiness,http://example.org/conceptual_spaces.owl#Fontaine,fontaine,http://example.org/conceptual_spaces.owl#Fontaine_activity,activity,amount of physiological change in the person's body,"[0, 1]"
http://example.org/emotions.owl#Joy,joy,great happiness,http://example.org/conceptual_spaces.owl#Fontaine,fontaine,http://example.org/conceptual_spaces.owl#Fontaine_evaluation,evaluation,degree of pleasantness or unpleasantness of an emotion,"[-1, 1]"
http://example.org/emotions.owl#Joy,joy,great happiness,http://example.org/conceptual_spaces.owl#Fontaine,fontaine,http://example.org/conceptual_spaces.owl#Fontaine_potency,potency,"the perceived strength, dominance, or control inherent in an emotion.","[0, 1]"
http://example.org/emotions.owl#Joy,joy,great happiness,http://example.org/conceptual_spaces.owl#Fontaine,fontaine,http://example.org/conceptual_spaces.owl#Fontaine_unpredictability,unpredictability,a person's reaction to a stimulus based on their familiarity with the situation,"[0, 1]"
http://example.org/emotions.owl#Joy,joy,great happiness,http://example.org/conceptual_spaces.owl#Osgood,osgood,http://example.org/conceptual_spaces.owl#Osgood_activity,activity,amount of physiological change in the person's body,"[0, 1]"
http://example.org/emotions.owl#Joy,joy,great happiness,http://example.org/conceptual_spaces.owl#Osgood,osgood,http://example.org/conceptual_spaces.owl#Osgood_evaluation,evaluation,degree of pleasantness or unpleasantness of an emotion,"[-1, 1]"
http://example.org/emotions.owl#Joy,joy,great happiness,http://example.org/conceptual_spaces.owl#Osgood,osgood,http://example.org/conceptual_spaces.owl#Osgood_potency,potency,"the perceived strength, dominance, or control inherent in an emotion.","[0, 1]"
http://example.org/emotions.owl#Joy,joy,great happiness,http://example.org/conceptual_spaces.owl#PAD,pad,http://example.org/conceptual_spaces.owl#PAD_arousal,arousal,amount of physiological change in the person's body,"[0, 1]"
http://example.org/emotions.owl#Joy,joy,great happiness,http://example.org/conceptual_spaces.owl#PAD,pad,http://example.org/conceptual_spaces.owl#PAD_dominance,dominance,the feeling of being in control of the situation vs being controlled,"[-1, 1]"
http://example.org/emotions.owl#Joy,joy,great happiness,http://example.org/conceptual_spaces.owl#PAD,pad,http://example.org/conceptual_spaces.owl#PAD_pleasure,pleasure,degree of pleasantness or unpleasantness of an emotion,"[-1, 1]"
http://example.org/emotions.owl#Loathing,loathing,a strong feeling of hating someone or something,http://example.org/conceptual_spaces.owl#circumplex,circumplex,http://example.org/conceptual_spaces.owl#circumplex_arousal,arousal,amount of physiological change in the person's body,"[0, 1]"
http://example.org/emotions.owl#Loathing,loathing,a strong feeling of hating someone or something,http://example.org/conceptual_spaces.owl#circumplex,circumplex,http://example.org/conceptual_spaces.owl#circumplex_valence,valence,degree of pleasantness or unpleasantness of an emotion,"[-1, 1]"
http://example.org/emotions.owl#Loathing,loathing,a strong feeling of hating someone or something,http://example.org/conceptual_spaces.owl#Fontaine,fontaine,http://example.org/conceptual_spaces.owl#Fontaine_activity,activity,amount of physiological change in the person's body,"[0, 1]"
http://example.org/emotions.owl#Loathing,loathing,a strong feeling of hating someone or something,http://example.org/conceptual_spaces.owl#Fontaine,fontaine,http://example.org/conceptual_spaces.owl#Fontaine_evaluation,evaluation,degree of pleasantness or unpleasantness of an emotion,"[-1, 1]"
http://example.org/emotions.owl#Loathing,loathing,a strong feeling of hating someone or something,http://example.org/conceptual_spaces.owl#Fontaine,fontaine,http://example.org/conceptual_spaces.owl#Fontaine_potency,potency,"the perceived strength, dominance, or control inherent in an emotion.","[0, 1]"
http://example.org/emotions.owl#Loathing,loathing,a strong feeling of hating someone or something,http://example.org/conceptual_spaces.owl#Fontaine,fontaine,http://example.org/conceptual_spaces.owl#Fontaine_unpredictability,unpredictability,a person's reaction to a stimulus based on their familiarity with the situation,"[0, 1]"
http://example.org/emotions.owl#Loathing,loathing,a strong feeling of hating someone or something,http://example.org/conceptual_spaces.owl#Osgood,osgood,http://example.org/conceptual_spaces.owl#Osgood_activity,activity,amount of physiological change in the person's body,"[0, 1]"
http://example.org/emotions.owl#Loathing,loathing,a strong feeling of hating someone or something,http://example.org/conceptual_spaces.owl#Osgood,osgood,http://example.org/conceptual_spaces.owl#Osgood_evaluation,evaluation,degree of pleasantness or unpleasantness of an emotion,"[-1, 1]"
http://example.org/emotions.owl#Loathing,loathing,a strong feeling of hating someone or something,http://example.org/conceptual_spaces.owl#Osgood,osgood,http://example.org/conceptual_spaces.owl#Osgood_potency,potency,"the perceived strength, dominance, or control inherent in an emotion.","[0, 1]"
http://example.org/emotions.owl#Loathing,loathing,a strong feeling of hating someone or something,http://example.org/conceptual_spaces.owl#PAD,pad,http://example.org/conceptual_spaces.owl#PAD_arousal,arousal,amount of physiological change in the person's body,"[0, 1]"
http://example.org/emotions.owl#Loathing,loathing,a strong feeling of hating someone or something,http://example.org/conceptual_spaces.owl#PAD,pad,http://example.org/conceptual_spaces.owl#PAD_dominance,dominance,the feeling of being in control of the situation vs being controlled,"[-1, 1]"
http://example.org/emotions.owl#Loathing,loathing,a strong feeling of hating someone or something,http://example.org/conceptual_spaces.owl#PAD,pad,http://example.org/conceptual_spaces.owl#PAD_pleasure,pleasure,degree of pleasantness or unpleasantness of an emotion,"[-1, 1]"
http://example.org/emotions.owl#Love,love,to like something very much,http://example.org/conceptual_spaces.owl#circumplex,circumplex,http://example.org/conceptual_spaces.owl#circumplex_arousal,arousal,amount of physiological change in the person's body,"[0, 1]"
http://example.org/emotions.owl#Love,love,to like something very much,http://example.org/conceptual_spaces.owl#circumplex,circumplex,http://example.org/conceptual_spaces.owl#circumplex_valence,valence,degree of pleasantness or unpleasantness of an emotion,"[-1, 1]"
http://example.org/emotions.owl#Love,love,to like something very much,http://example.org/conceptual_spaces.owl#Fontaine,fontaine,http://example.org/conceptual_spaces.owl#Fontaine_activity,activity,amount of physiological change in the person's body,"[0, 1]"
http://example.org/emotions.owl#Love,love,to like something very much,http://example.org/conceptual_spaces.owl#Fontaine,fontaine,http://example.org/conceptual_spaces.owl#Fontaine_evaluation,evaluation,degree of pleasantness or unpleasantness of an emotion,"[-1, 1]"
http://example.org/emotions.owl#Love,love,to like something very much,http://example.org/conceptual_spaces.owl#Fontaine,fontaine,http://example.org/conceptual_spaces.owl#Fontaine_potency,potency,"the perceived strength, dominance, or control inherent in an emotion.","[0, 1]"
http://example.org/emotions.owl#Love,love,to like something very much,http://example.org/conceptual_spaces.owl#Fontaine,fontaine,http://example.org/conceptual_spaces.owl#Fontaine_unpredictability,unpredictability,a person's reaction to a stimulus based on their familiarity with the situation,"[0, 1]"
http://example.org/emotions.owl#Love,love,to like something very much,http://example.org/conceptual_spaces.owl#Osgood,osgood,http://example.org/conceptual_spaces.owl#Osgood_activity,activity,amount of physiological change in the person's body,"[0, 1]"
http://example.org/emotions.owl#Love,love,to like something very much,http://example.org/conceptual_spaces.owl#Osgood,osgood,http://example.org/conceptual_spaces.owl#Osgood_evaluation,evaluation,degree of pleasantness or unpleasantness of an emotion,"[-1, 1]"
http://example.org/emotions.owl#Love,love,to like something very much,http://example.org/conceptual_spaces.owl#Osgood,osgood,http://example.org/conceptual_spaces.owl#Osgood_potency,potency,"the perceived strength, dominance, or control inherent in an emotion.","[0, 1]"
http://example.org/emotions.owl#Love,love,to like something very much,http://example.org/conceptual_spaces.owl#PAD,pad,http://example.org/conceptual_spaces.owl#PAD_arousal,arousal,amount of physiological change in the person's body,"[0, 1]"
http://example.org/emotions.owl#Love,love,to like something very much,http://example.org/conceptual_spaces.owl#PAD,pad,http://example.org/conceptual_spaces.owl#PAD_dominance,dominance,the feeling of being in control of the situation vs being controlled,"[-1, 1]"
http://example.org/emotions.owl#Love,love,to like something very much,http://example.org/conceptual_spaces.owl#PAD,pad,http://example.org/conceptual_spaces.owl#PAD_pleasure,pleasure,degree of pleasantness or unpleasantness of an emotion,"[-1, 1]"
http://example.org/emotions.owl#Optimism,optimism,"the quality of being full of hope and emphasizing the good parts of a situation, or a belief that something good will happen",http://example.org/conceptual_spaces.owl#circumplex,circumplex,http://example.org/conceptual_spaces.owl#circumplex_arousal,arousal,amount of physiological change in the person's body,"[0, 1]"
http://example.org/emotions.owl#Optimism,optimism,"the quality of being full of hope and emphasizing the good parts of a situation, or a belief that something good will happen",http://example.org/conceptual_spaces.owl#circumplex,circumplex,http://example.org/conceptual_spaces.owl#circumplex_valence,valence,degree of pleasantness or unpleasantness of an emotion,"[-1, 1]"
http://example.org/emotions.owl#Optimism,optimism,"the quality of being full of hope and emphasizing the good parts of a situation, or a belief that something good will happen",http://example.org/conceptual_spaces.owl#Fontaine,fontaine,http://example.org/conceptual_spaces.owl#Fontaine_activity,activity,amount of physiological change in the person's body,"[0, 1]"
http://example.org/emotions.owl#Optimism,optimism,"the quality of being full of hope and emphasizing the good parts of a situation, or a belief that something good will happen",http://example.org/conceptual_spaces.owl#Fontaine,fontaine,http://example.org/conceptual_spaces.owl#Fontaine_evaluation,evaluation,degree of pleasantness or unpleasantness of an emotion,"[-1, 1]"
http://example.org/emotions.owl#Optimism,optimism,"the quality of being full of hope and emphasizing the good parts of a situation, or a belief that something good will happen",http://example.org/conceptual_spaces.owl#Fontaine,fontaine,http://example.org/conceptual_spaces.owl#Fontaine_potency,potency,"the perceived strength, dominance, or control inherent in an emotion.","[0, 1]"
http://example.org/emotions.owl#Optimism,optimism,"the quality of being full of hope and emphasizing the good parts of a situation, or a belief that something good will happen",http://example.org/conceptual_spaces.owl#Fontaine,fontaine,http://example.org/conceptual_spaces.owl#Fontaine_unpredictability,unpredictability,a person's reaction to a stimulus based on their familiarity with the situation,"[0, 1]"
http://example.org/emotions.owl#Optimism,optimism,"the quality of being full of hope and emphasizing the good parts of a situation, or a belief that something good will happen",http://example.org/conceptual_spaces.owl#Osgood,osgood,http://example.org/conceptual_spaces.owl#Osgood_activity,activity,amount of physiological change in the person's body,"[0, 1]"
http://example.org/emotions.owl#Optimism,optimism,"the quality of being full of hope and emphasizing the good parts of a situation, or a belief that something good will happen",http://example.org/conceptual_spaces.owl#Osgood,osgood,http://example.org/conceptual_spaces.owl#Osgood_evaluation,evaluation,degree of pleasantness or unpleasantness of an emotion,"[-1, 1]"
http://example.org/emotions.owl#Optimism,optimism,"the quality of being full of hope and emphasizing the good parts of a situation, or a belief that something good will happen",http://example.org/conceptual_spaces.owl#Osgood,osgood,http://example.org/conceptual_spaces.owl#Osgood_potency,potency,"the perceived strength, dominance, or control inherent in an emotion.","[0, 1]"
http://example.org/emotions.owl#Optimism,optimism,"the quality of being full of hope and emphasizing the good parts of a situation, or a belief that something good will happen",http://example.org/conceptual_spaces.owl#PAD,pad,http://example.org/conceptual_spaces.owl#PAD_arousal,arousal,amount of physiological change in the person's body,"[0, 1]"
http://example.org/emotions.owl#Optimism,optimism,"the quality of being full of hope and emphasizing the good parts of a situation, or a belief that something good will happen",http://example.org/conceptual_spaces.owl#PAD,pad,http://example.org/conceptual_spaces.owl#PAD_dominance,dominance,the feeling of being in control of the situation vs being controlled,"[-1, 1]"
http://example.org/emotions.owl#Optimism,optimism,"the quality of being full of hope and emphasizing the good parts of a situation, or a belief that something good will happen",http://example.org/conceptual_spaces.owl#PAD,pad,http://example.org/conceptual_spaces.owl#PAD_pleasure,pleasure,degree of pleasantness or unpleasantness of an emotion,"[-1, 1]"
http://example.org/emotions.owl#Pensiveness,pensiveness,"thinking in a quiet way, often with a serious expression on your face",http://example.org/conceptual_spaces.owl#circumplex,circumplex,http://example.org/conceptual_spaces.owl#circumplex_arousal,arousal,amount of physiological change in the person's body,"[0, 1]"
http://example.org/emotions.owl#Pensiveness,pensiveness,"thinking in a quiet way, often with a serious expression on your face",http://example.org/conceptual_spaces.owl#circumplex,circumplex,http://example.org/conceptual_spaces.owl#circumplex_valence,valence,degree of pleasantness or unpleasantness of an emotion,"[-1, 1]"
http://example.org/emotions.owl#Pensiveness,pensiveness,"thinking in a quiet way, often with a serious expression on your face",http://example.org/conceptual_spaces.owl#Fontaine,fontaine,http://example.org/conceptual_spaces.owl#Fontaine_activity,activity,amount of physiological change in the person's body,"[0, 1]"
http://example.org/emotions.owl#Pensiveness,pensiveness,"thinking in a quiet way, often with a serious expression on your face",http://example.org/conceptual_spaces.owl#Fontaine,fontaine,http://example.org/conceptual_spaces.owl#Fontaine_evaluation,evaluation,degree of pleasantness or unpleasantness of an emotion,"[-1, 1]"
http://example.org/emotions.owl#Pensiveness,pensiveness,"thinking in a quiet way, often with a serious expression on your face",http://example.org/conceptual_spaces.owl#Fontaine,fontaine,http://example.org/conceptual_spaces.owl#Fontaine_potency,potency,"the perceived strength, dominance, or control inherent in an emotion.","[0, 1]"
http://example.org/emotions.owl#Pensiveness,pensiveness,"thinking in a quiet way, often with a serious expression on your face",http://example.org/conceptual_spaces.owl#Fontaine,fontaine,http://example.org/conceptual_spaces.owl#Fontaine_unpredictability,unpredictability,a person's reaction to a stimulus based on their familiarity with the situation,"[0, 1]"
http://example.org/emotions.owl#Pensiveness,pensiveness,"thinking in a quiet way, often with a serious expression on your face",http://example.org/conceptual_spaces.owl#Osgood,osgood,http://example.org/conceptual_spaces.owl#Osgood_activity,activity,amount of physiological change in the person's body,"[0, 1]"
http://example.org/emotions.owl#Pensiveness,pensiveness,"thinking in a quiet way, often with a serious expression on your face",http://example.org/conceptual_spaces.owl#Osgood,osgood,http://example.org/conceptual_spaces.owl#Osgood_evaluation,evaluation,degree of pleasantness or unpleasantness of an emotion,"[-1, 1]"
http://example.org/emotions.owl#Pensiveness,pensiveness,"thinking in a quiet way, often with a serious expression on your face",http://example.org/conceptual_spaces.owl#Osgood,osgood,http://example.org/conceptual_spaces.owl#Osgood_potency,potency,"the perceived strength, dominance, or control inherent in an emotion.","[0, 1]"
http://example.org/emotions.owl#Pensiveness,pensiveness,"thinking in a quiet way, often with a serious expression on your face",http://example.org/conceptual_spaces.owl#PAD,pad,http://example.org/conceptual_spaces.owl#PAD_arousal,arousal,amount of physiological change in the person's body,"[0, 1]"
http://example.org/emotions.owl#Pensiveness,pensiveness,"thinking in a quiet way, often with a serious expression on your face",http://example.org/conceptual_spaces.owl#PAD,pad,http://example.org/conceptual_spaces.owl#PAD_dominance,dominance,the feeling of being in control of the situation vs being controlled,"[-1, 1]"
http://example.org/emotions.owl#Pensiveness,pensiveness,"thinking in a quiet way, often with a serious expression on your face",http://example.org/conceptual_spaces.owl#PAD,pad,http://example.org/conceptual_spaces.owl#PAD_pleasure,pleasure,degree of pleasantness or unpleasantness of an emotion,"[-1, 1]"
http://example.org/emotions.owl#Rage,rage,(a period of) extreme or violent anger,http://example.org/conceptual_spaces.owl#circumplex,circumplex,http://example.org/conceptual_spaces.owl#circumplex_arousal,arousal,amount of physiological change in the person's body,"[0, 1]"
http://example.org/emotions.owl#Rage,rage,(a period of) extreme or violent anger,http://example.org/conceptual_spaces.owl#circumplex,circumplex,http://example.org/conceptual_spaces.owl#circumplex_valence,valence,degree of pleasantness or unpleasantness of an emotion,"[-1, 1]"
http://example.org/emotions.owl#Rage,rage,(a period of) extreme or violent anger,http://example.org/conceptual_spaces.owl#Fontaine,fontaine,http://example.org/conceptual_spaces.owl#Fontaine_activity,activity,amount of physiological change in the person's body,"[0, 1]"
http://example.org/emotions.owl#Rage,rage,(a period of) extreme or violent anger,http://example.org/conceptual_spaces.owl#Fontaine,fontaine,http://example.org/conceptual_spaces.owl#Fontaine_evaluation,evaluation,degree of pleasantness or unpleasantness of an emotion,"[-1, 1]"
http://example.org/emotions.owl#Rage,rage,(a period of) extreme or violent anger,http://example.org/conceptual_spaces.owl#Fontaine,fontaine,http://example.org/conceptual_spaces.owl#Fontaine_potency,potency,"the perceived strength, dominance, or control inherent in an emotion.","[0, 1]"
http://example.org/emotions.owl#Rage,rage,(a period of) extreme or violent anger,http://example.org/conceptual_spaces.owl#Fontaine,fontaine,http://example.org/conceptual_spaces.owl#Fontaine_unpredictability,unpredictability,a person's reaction to a stimulus based on their familiarity with the situation,"[0, 1]"
http://example.org/emotions.owl#Rage,rage,(a period of) extreme or violent anger,http://example.org/conceptual_spaces.owl#Osgood,osgood,http://example.org/conceptual_spaces.owl#Osgood_activity,activity,amount of physiological change in the person's body,"[0, 1]"
http://example.org/emotions.owl#Rage,rage,(a period of) extreme or violent anger,http://example.org/conceptual_spaces.owl#Osgood,osgood,http://example.org/conceptual_spaces.owl#Osgood_evaluation,evaluation,degree of pleasantness or unpleasantness of an emotion,"[-1, 1]"
http://example.org/emotions.owl#Rage,rage,(a period of) extreme or violent anger,http://example.org/conceptual_spaces.owl#Osgood,osgood,http://example.org/conceptual_spaces.owl#Osgood_potency,potency,"the perceived strength, dominance, or control inherent in an emotion.","[0, 1]"
http://example.org/emotions.owl#Rage,rage,(a period of) extreme or violent anger,http://example.org/conceptual_spaces.owl#PAD,pad,http://example.org/conceptual_spaces.owl#PAD_arousal,arousal,amount of physiological change in the person's body,"[0, 1]"
http://example.org/emotions.owl#Rage,rage,(a period of) extreme or violent anger,http://example.org/conceptual_spaces.owl#PAD,pad,http://example.org/conceptual_spaces.owl#PAD_dominance,dominance,the feeling of being in control of the situation vs being controlled,"[-1, 1]"
http://example.org/emotions.owl#Rage,rage,(a period of) extreme or violent anger,http://example.org/conceptual_spaces.owl#PAD,pad,http://example.org/conceptual_spaces.owl#PAD_pleasure,pleasure,degree of pleasantness or unpleasantness of an emotion,"[-1, 1]"
http://example.org/emotions.owl#Remorse,remorse,a feeling of sadness and being sorry for something you have done,http://example.org/conceptual_spaces.owl#circumplex,circumplex,http://example.org/conceptual_spaces.owl#circumplex_arousal,arousal,amount of physiological change in the person's body,"[0, 1]"
http://example.org/emotions.owl#Remorse,remorse,a feeling of sadness and being sorry for something you have done,http://example.org/conceptual_spaces.owl#circumplex,circumplex,http://example.org/conceptual_spaces.owl#circumplex_valence,valence,degree of pleasantness or unpleasantness of an emotion,"[-1, 1]"
http://example.org/emotions.owl#Remorse,remorse,a feeling of sadness and being sorry for something you have done,http://example.org/conceptual_spaces.owl#Fontaine,fontaine,http://example.org/conceptual_spaces.owl#Fontaine_activity,activity,amount of physiological change in the person's body,"[0, 1]"
http://example.org/emotions.owl#Remorse,remorse,a feeling of sadness and being sorry for something you have done,http://example.org/conceptual_spaces.owl#Fontaine,fontaine,http://example.org/conceptual_spaces.owl#Fontaine_evaluation,evaluation,degree of pleasantness or unpleasantness of an emotion,"[-1, 1]"
http://example.org/emotions.owl#Remorse,remorse,a feeling of sadness and being sorry for something you have done,http://example.org/conceptual_spaces.owl#Fontaine,fontaine,http://example.org/conceptual_spaces.owl#Fontaine_potency,potency,"the perceived strength, dominance, or control inherent in an emotion.","[0, 1]"
http://example.org/emotions.owl#Remorse,remorse,a feeling of sadness and being sorry for something you have done,http://example.org/conceptual_spaces.owl#Fontaine,fontaine,http://example.org/conceptual_spaces.owl#Fontaine_unpredictability,unpredictability,a person's reaction to a stimulus based on their familiarity with the situation,"[0, 1]"
http://example.org/emotions.owl#Remorse,remorse,a feeling of sadness and being sorry for something you have done,http://example.org/conceptual_spaces.owl#Osgood,osgood,http://example.org/conceptual_spaces.owl#Osgood_activity,activity,amount of physiological change in the person's body,"[0, 1]"
http://example.org/emotions.owl#Remorse,remorse,a feeling of sadness and being sorry for something you have done,http://example.org/conceptual_spaces.owl#Osgood,osgood,http://example.org/conceptual_spaces.owl#Osgood_evaluation,evaluation,degree of pleasantness or unpleasantness of an emotion,"[-1, 1]"
http://example.org/emotions.owl#Remorse,remorse,a feeling of sadness and being sorry for something you have done,http://example.org/conceptual_spaces.owl#Osgood,osgood,http://example.org/conceptual_spaces.owl#Osgood_potency,potency,"the perceived strength, dominance, or control inherent in an emotion.","[0, 1]"
http://example.org/emotions.owl#Remorse,remorse,a feeling of sadness and being sorry for something you have done,http://example.org/conceptual_spaces.owl#PAD,pad,http://example.org/conceptual_spaces.owl#PAD_arousal,arousal,amount of physiological change in the person's body,"[0, 1]"
http://example.org/emotions.owl#Remorse,remorse,a feeling of sadness and being sorry for something you have done,http://example.org/conceptual_spaces.owl#PAD,pad,http://example.org/conceptual_spaces.owl#PAD_dominance,dominance,the feeling of being in control of the situation vs being controlled,"[-1, 1]"
http://example.org/emotions.owl#Remorse,remorse,a feeling of sadness and being sorry for something you have done,http://example.org/conceptual_spaces.owl#PAD,pad,http://example.org/conceptual_spaces.owl#PAD_pleasure,pleasure,degree of pleasantness or unpleasantness of an emotion,"[-1, 1]"
http://example.org/emotions.owl#Sadness,sadness,"the feeling of being unhappy, especially because something bad has happened",http://example.org/conceptual_spaces.owl#circumplex,circumplex,http://example.org/conceptual_spaces.owl#circumplex_arousal,arousal,amount of physiological change in the person's body,"[0, 1]"
http://example.org/emotions.owl#Sadness,sadness,"the feeling of being unhappy, especially because something bad has happened",http://example.org/conceptual_spaces.owl#circumplex,circumplex,http://example.org/conceptual_spaces.owl#circumplex_valence,valence,degree of pleasantness or unpleasantness of an emotion,"[-1, 1]"
http://example.org/emotions.owl#Sadness,sadness,"the feeling of being unhappy, especially because something bad has happened",http://example.org/conceptual_spaces.owl#Fontaine,fontaine,http://example.org/conceptual_spaces.owl#Fontaine_activity,activity,amount of physiological change in the person's body,"[0, 1]"
http://example.org/emotions.owl#Sadness,sadness,"the feeling of being unhappy, especially because something bad has happened",http://example.org/conceptual_spaces.owl#Fontaine,fontaine,http://example.org/conceptual_spaces.owl#Fontaine_evaluation,evaluation,degree of pleasantness or unpleasantness of an emotion,"[-1, 1]"
http://example.org/emotions.owl#Sadness,sadness,"the feeling of being unhappy, especially because something bad has happened",http://example.org/conceptual_spaces.owl#Fontaine,fontaine,http://example.org/conceptual_spaces.owl#Fontaine_potency,potency,"the perceived strength, dominance, or control inherent in an emotion.","[0, 1]"
http://example.org/emotions.owl#Sadness,sadness,"the feeling of being unhappy, especially because something bad has happened",http://example.org/conceptual_spaces.owl#Fontaine,fontaine,http://example.org/conceptual_spaces.owl#Fontaine_unpredictability,unpredictability,a person's reaction to a stimulus based on their familiarity with the situation,"[0, 1]"
http://example.org/emotions.owl#Sadness,sadness,"the feeling of being unhappy, especially because something bad has happened",http://example.org/conceptual_spaces.owl#Osgood,osgood,http://example.org/conceptual_spaces.owl#Osgood_activity,activity,amount of physiological change in the person's body,"[0, 1]"
http://example.org/emotions.owl#Sadness,sadness,"the feeling of being unhappy, especially because something bad has happened",http://example.org/conceptual_spaces.owl#Osgood,osgood,http://example.org/conceptual_spaces.owl#Osgood_evaluation,evaluation,degree of pleasantness or unpleasantness of an emotion,"[-1, 1]"
http://example.org/emotions.owl#Sadness,sadness,"the feeling of being unhappy, especially because something bad has happened",http://example.org/conceptual_spaces.owl#Osgood,osgood,http://example.org/conceptual_spaces.owl#Osgood_potency,potency,"the perceived strength, dominance, or control inherent in an emotion.","[0, 1]"
http://example.org/emotions.owl#Sadness,sadness,"the feeling of being unhappy, especially because something bad has happened",http://example.org/conceptual_spaces.owl#PAD,pad,http://example.org/conceptual_spaces.owl#PAD_arousal,arousal,amount of physiological change in the person's body,"[0, 1]"
http://example.org/emotions.owl#Sadness,sadness,"the feeling of being unhappy, especially because something bad has happened",http://example.org/conceptual_spaces.owl#PAD,pad,http://example.org/conceptual_spaces.owl#PAD_dominance,dominance,the feeling of being in control of the situation vs being controlled,"[-1, 1]"
http://example.org/emotions.owl#Sadness,sadness,"the feeling of being unhappy, especially because something bad has happened",http://example.org/conceptual_spaces.owl#PAD,pad,http://example.org/conceptual_spaces.owl#PAD_pleasure,pleasure,degree of pleasantness or unpleasantness of an emotion,"[-1, 1]"
http://example.org/emotions.owl#Serenity,serenity,the quality of being peaceful and calm,http://example.org/conceptual_spaces.owl#circumplex,circumplex,http://example.org/conceptual_spaces.owl#circumplex_arousal,arousal,amount of physiological change in the person's body,"[0, 1]"
http://example.org/emotions.owl#Serenity,serenity,the quality of being peaceful and calm,http://example.org/conceptual_spaces.owl#circumplex,circumplex,http://example.org/conceptual_spaces.owl#circumplex_valence,valence,degree of pleasantness or unpleasantness of an emotion,"[-1, 1]"
http://example.org/emotions.owl#Serenity,serenity,the quality of being peaceful and calm,http://example.org/conceptual_spaces.owl#Fontaine,fontaine,http://example.org/conceptual_spaces.owl#Fontaine_activity,activity,amount of physiological change in the person's body,"[0, 1]"
http://example.org/emotions.owl#Serenity,serenity,the quality of being peaceful and calm,http://example.org/conceptual_spaces.owl#Fontaine,fontaine,http://example.org/conceptual_spaces.owl#Fontaine_evaluation,evaluation,degree of pleasantness or unpleasantness of an emotion,"[-1, 1]"
http://example.org/emotions.owl#Serenity,serenity,the quality of being peaceful and calm,http://example.org/conceptual_spaces.owl#Fontaine,fontaine,http://example.org/conceptual_spaces.owl#Fontaine_potency,potency,"the perceived strength, dominance, or control inherent in an emotion.","[0, 1]"
http://example.org/emotions.owl#Serenity,serenity,the quality of being peaceful and calm,http://example.org/conceptual_spaces.owl#Fontaine,fontaine,http://example.org/conceptual_spaces.owl#Fontaine_unpredictability,unpredictability,a person's reaction to a stimulus based on their familiarity with the situation,"[0, 1]"
http://example.org/emotions.owl#Serenity,serenity,the quality of being peaceful and calm,http://example.org/conceptual_spaces.owl#Osgood,osgood,http://example.org/conceptual_spaces.owl#Osgood_activity,activity,amount of physiological change in the person's body,"[0, 1]"
http://example.org/emotions.owl#Serenity,serenity,the quality of being peaceful and calm,http://example.org/conceptual_spaces.owl#Osgood,osgood,http://example.org/conceptual_spaces.owl#Osgood_evaluation,evaluation,degree of pleasantness or unpleasantness of an emotion,"[-1, 1]"
http://example.org/emotions.owl#Serenity,serenity,the quality of being peaceful and calm,http://example.org/conceptual_spaces.owl#Osgood,osgood,http://example.org/conceptual_spaces.owl#Osgood_potency,potency,"the perceived strength, dominance, or control inherent in an emotion.","[0, 1]"
http://example.org/emotions.owl#Serenity,serenity,the quality of being peaceful and calm,http://example.org/conceptual_spaces.owl#PAD,pad,http://example.org/conceptual_spaces.owl#PAD_arousal,arousal,amount of physiological change in the person's body,"[0, 1]"
http://example.org/emotions.owl#Serenity,serenity,the quality of being peaceful and calm,http://example.org/conceptual_spaces.owl#PAD,pad,http://example.org/conceptual_spaces.owl#PAD_dominance,dominance,the feeling of being in control of the situation vs being controlled,"[-1, 1]"
http://example.org/emotions.owl#Serenity,serenity,the quality of being peaceful and calm,http://example.org/conceptual_spaces.owl#PAD,pad,http://example.org/conceptual_spaces.owl#PAD_pleasure,pleasure,degree of pleasantness or unpleasantness of an emotion,"[-1, 1]"
http://example.org/emotions.owl#Submission,submission,"a willingness to allow control by other people or animals, or behaviour that shows this",http://example.org/conceptual_spaces.owl#circumplex,circumplex,http://example.org/conceptual_spaces.owl#circumplex_arousal,arousal,amount of physiological change in the person's body,"[0, 1]"
http://example.org/emotions.owl#Submission,submission,"a willingness to allow control by other people or animals, or behaviour that shows this",http://example.org/conceptual_spaces.owl#circumplex,circumplex,http://example.org/conceptual_spaces.owl#circumplex_valence,valence,degree of pleasantness or unpleasantness of an emotion,"[-1, 1]"
http://example.org/emotions.owl#Submission,submission,"a willingness to allow control by other people or animals, or behaviour that shows this",http://example.org/conceptual_spaces.owl#Fontaine,fontaine,http://example.org/conceptual_spaces.owl#Fontaine_activity,activity,amount of physiological change in the person's body,"[0, 1]"
http://example.org/emotions.owl#Submission,submission,"a willingness to allow control by other people or animals, or behaviour that shows this",http://example.org/conceptual_spaces.owl#Fontaine,fontaine,http://example.org/conceptual_spaces.owl#Fontaine_evaluation,evaluation,degree of pleasantness or unpleasantness of an emotion,"[-1, 1]"
http://example.org/emotions.owl#Submission,submission,"a willingness to allow control by other people or animals, or behaviour that shows this",http://example.org/conceptual_spaces.owl#Fontaine,fontaine,http://example.org/conceptual_spaces.owl#Fontaine_potency,potency,"the perceived strength, dominance, or control inherent in an emotion.","[0, 1]"
http://example.org/emotions.owl#Submission,submission,"a willingness to allow control by other people or animals, or behaviour that shows this",http://example.org/conceptual_spaces.owl#Fontaine,fontaine,http://example.org/conceptual_spaces.owl#Fontaine_unpredictability,unpredictability,a person's reaction to a stimulus based on their familiarity with the situation,"[0, 1]"
http://example.org/emotions.owl#Submission,submission,"a willingness to allow control by other people or animals, or behaviour that shows this",http://example.org/conceptual_spaces.owl#Osgood,osgood,http://example.org/conceptual_spaces.owl#Osgood_activity,activity,amount of physiological change in the person's body,"[0, 1]"
http://example.org/emotions.owl#Submission,submission,"a willingness to allow control by other people or animals, or behaviour that shows this",http://example.org/conceptual_spaces.owl#Osgood,osgood,http://example.org/conceptual_spaces.owl#Osgood_evaluation,evaluation,degree of pleasantness or unpleasantness of an emotion,"[-1, 1]"
http://example.org/emotions.owl#Submission,submission,"a willingness to allow control by other people or animals, or behaviour that shows this",http://example.org/conceptual_spaces.owl#Osgood,osgood,http://example.org/conceptual_spaces.owl#Osgood_potency,potency,"the perceived strength, dominance, or control inherent in an emotion.","[0, 1]"
http://example.org/emotions.owl#Submission,submission,"a willingness to allow control by other people or animals, or behaviour that shows this",http://example.org/conceptual_spaces.owl#PAD,pad,http://example.org/conceptual_spaces.owl#PAD_arousal,arousal,amount of physiological change in the person's body,"[0, 1]"
http://example.org/emotions.owl#Submission,submission,"a willingness to allow control by other people or animals, or behaviour that shows this",http://example.org/conceptual_spaces.owl#PAD,pad,http://example.org/conceptual_spaces.owl#PAD_dominance,dominance,the feeling of being in control of the situation vs being controlled,"[-1, 1]"
http://example.org/emotions.owl#Submission,submission,"a willingness to allow control by other people or animals, or behaviour that shows this",http://example.org/conceptual_spaces.owl#PAD,pad,http://example.org/conceptual_spaces.owl#PAD_pleasure,pleasure,degree of pleasantness or unpleasantness of an emotion,"[-1, 1]"
http://example.org/emotions.owl#Surprise,surprise,the feeling caused by something unexpected happening,http://example.org/conceptual_spaces.owl#circumplex,circumplex,http://example.org/conceptual_spaces.owl#circumplex_arousal,arousal,amount of physiological change in the person's body,"[0, 1]"
http://example.org/emotions.owl#Surprise,surprise,the feeling caused by something unexpected happening,http://example.org/conceptual_spaces.owl#circumplex,circumplex,http://example.org/conceptual_spaces.owl#circumplex_valence,valence,degree of pleasantness or unpleasantness of an emotion,"[-1, 1]"
http://example.org/emotions.owl#Surprise,surprise,the feeling caused by something unexpected happening,http://example.org/conceptual_spaces.owl#Fontaine,fontaine,http://example.org/conceptual_spaces.owl#Fontaine_activity,activity,amount of physiological change in the person's body,"[0, 1]"
http://example.org/emotions.owl#Surprise,surprise,the feeling caused by something unexpected happening,http://example.org/conceptual_spaces.owl#Fontaine,fontaine,http://example.org/conceptual_spaces.owl#Fontaine_evaluation,evaluation,degree of pleasantness or unpleasantness of an emotion,"[-1, 1]"
http://example.org/emotions.owl#Surprise,surprise,the feeling caused by something unexpected happening,http://example.org/conceptual_spaces.owl#Fontaine,fontaine,http://example.org/conceptual_spaces.owl#Fontaine_potency,potency,"the perceived strength, dominance, or control inherent in an emotion.","[0, 1]"
http://example.org/emotions.owl#Surprise,surprise,the feeling caused by something unexpected happening,http://example.org/conceptual_spaces.owl#Fontaine,fontaine,http://example.org/conceptual_spaces.owl#Fontaine_unpredictability,unpredictability,a person's reaction to a stimulus based on their familiarity with the situation,"[0, 1]"
http://example.org/emotions.owl#Surprise,surprise,the feeling caused by something unexpected happening,http://example.org/conceptual_spaces.owl#Osgood,osgood,http://example.org/conceptual_spaces.owl#Osgood_activity,activity,amount of physiological change in the person's body,"[0, 1]"
http://example.org/emotions.owl#Surprise,surprise,the feeling caused by something unexpected happening,http://example.org/conceptual_spaces.owl#Osgood,osgood,http://example.org/conceptual_spaces.owl#Osgood_evaluation,evaluation,degree of pleasantness or unpleasantness of an emotion,"[-1, 1]"
http://example.org/emotions.owl#Surprise,surprise,the feeling caused by something unexpected happening,http://example.org/conceptual_spaces.owl#Osgood,osgood,http://example.org/conceptual_spaces.owl#Osgood_potency,potency,"the perceived strength, dominance, or control inherent in an emotion.","[0, 1]"
http://example.org/emotions.owl#Surprise,surprise,the feeling caused by something unexpected happening,http://example.org/conceptual_spaces.owl#PAD,pad,http://example.org/conceptual_spaces.owl#PAD_arousal,arousal,amount of physiological change in the person's body,"[0, 1]"
http://example.org/emotions.owl#Surprise,surprise,the feeling caused by something unexpected happening,http://example.org/conceptual_spaces.owl#PAD,pad,http://example.org/conceptual_spaces.owl#PAD_dominance,dominance,the feeling of being in control of the situation vs being controlled,"[-1, 1]"
http://example.org/emotions.owl#Surprise,surprise,the feeling caused by something unexpected happening,http://example.org/conceptual_spaces.owl#PAD,pad,http://example.org/conceptual_spaces.owl#PAD_pleasure,pleasure,degree of pleasantness or unpleasantness of an emotion,"[-1, 1]"
http://example.org/emotions.owl#Terror,terror,extreme fear,http://example.org/conceptual_spaces.owl#circumplex,circumplex,http://example.org/conceptual_spaces.owl#circumplex_arousal,arousal,amount of physiological change in the person's body,"[0, 1]"
http://example.org/emotions.owl#Terror,terror,extreme fear,http://example.org/conceptual_spaces.owl#circumplex,circumplex,http://example.org/conceptual_spaces.owl#circumplex_valence,valence,degree of pleasantness or unpleasantness of an emotion,"[-1, 1]"
http://example.org/emotions.owl#Terror,terror,extreme fear,http://example.org/conceptual_spaces.owl#Fontaine,fontaine,http://example.org/conceptual_spaces.owl#Fontaine_activity,activity,amount of physiological change in the person's body,"[0, 1]"
http://example.org/emotions.owl#Terror,terror,extreme fear,http://example.org/conceptual_spaces.owl#Fontaine,fontaine,http://example.org/conceptual_spaces.owl#Fontaine_evaluation,evaluation,degree of pleasantness or unpleasantness of an emotion,"[-1, 1]"
http://example.org/emotions.owl#Terror,terror,extreme fear,http://example.org/conceptual_spaces.owl#Fontaine,fontaine,http://example.org/conceptual_spaces.owl#Fontaine_potency,potency,"the perceived strength, dominance, or control inherent in an emotion.","[0, 1]"
http://example.org/emotions.owl#Terror,terror,extreme fear,http://example.org/conceptual_spaces.owl#Fontaine,fontaine,http://example.org/conceptual_spaces.owl#Fontaine_unpredictability,unpredictability,a person's reaction to a stimulus based on their familiarity with the situation,"[0, 1]"
http://example.org/emotions.owl#Terror,terror,extreme fear,http://example.org/conceptual_spaces.owl#Osgood,osgood,http://example.org/conceptual_spaces.owl#Osgood_activity,activity,amount of physiological change in the person's body,"[0, 1]"
http://example.org/emotions.owl#Terror,terror,extreme fear,http://example.org/conceptual_spaces.owl#Osgood,osgood,http://example.org/conceptual_spaces.owl#Osgood_evaluation,evaluation,degree of pleasantness or unpleasantness of an emotion,"[-1, 1]"
http://example.org/emotions.owl#Terror,terror,extreme fear,http://example.org/conceptual_spaces.owl#Osgood,osgood,http://example.org/conceptual_spaces.owl#Osgood_potency,potency,"the perceived strength, dominance, or control inherent in an emotion.","[0, 1]"
http://example.org/emotions.owl#Terror,terror,extreme fear,http://example.org/conceptual_spaces.owl#PAD,pad,http://example.org/conceptual_spaces.owl#PAD_arousal,arousal,amount of physiological change in the person's body,"[0, 1]"
http://example.org/emotions.owl#Terror,terror,extreme fear,http://example.org/conceptual_spaces.owl#PAD,pad,http://example.org/conceptual_spaces.owl#PAD_dominance,dominance,the feeling of being in control of the situation vs being controlled,"[-1, 1]"
http://example.org/emotions.owl#Terror,terror,extreme fear,http://example.org/conceptual_spaces.owl#PAD,pad,http://example.org/conceptual_spaces.owl#PAD_pleasure,pleasure,degree of pleasantness or unpleasantness of an emotion,"[-1, 1]"
http://example.org/emotions.owl#Trust,trust,"to believe that someone is good and honest and will not harm you, or that something is safe and reliable",http://example.org/conceptual_spaces.owl#circumplex,circumplex,http://example.org/conceptual_spaces.owl#circumplex_arousal,arousal,amount of physiological change in the person's body,"[0, 1]"
http://example.org/emotions.owl#Trust,trust,"to believe that someone is good and honest and will not harm you, or that something is safe and reliable",http://example.org/conceptual_spaces.owl#circumplex,circumplex,http://example.org/conceptual_spaces.owl#circumplex_valence,valence,degree of pleasantness or unpleasantness of an emotion,"[-1, 1]"
http://example.org/emotions.owl#Trust,trust,"to believe that someone is good and honest and will not harm you, or that something is safe and reliable",http://example.org/conceptual_spaces.owl#Fontaine,fontaine,http://example.org/conceptual_spaces.owl#Fontaine_activity,activity,amount of physiological change in the person's body,"[0, 1]"
http://example.org/emotions.owl#Trust,trust,"to believe that someone is good and honest and will not harm you, or that something is safe and reliable",http://example.org/conceptual_spaces.owl#Fontaine,fontaine,http://example.org/conceptual_spaces.owl#Fontaine_evaluation,evaluation,degree of pleasantness or unpleasantness of an emotion,"[-1, 1]"
http://example.org/emotions.owl#Trust,trust,"to believe that someone is good and honest and will not harm you, or that something is safe and reliable",http://example.org/conceptual_spaces.owl#Fontaine,fontaine,http://example.org/conceptual_spaces.owl#Fontaine_potency,potency,"the perceived strength, dominance, or control inherent in an emotion.","[0, 1]"
http://example.org/emotions.owl#Trust,trust,"to believe that someone is good and honest and will not harm you, or that something is safe and reliable",http://example.org/conceptual_spaces.owl#Fontaine,fontaine,http://example.org/conceptual_spaces.owl#Fontaine_unpredictability,unpredictability,a person's reaction to a stimulus based on their familiarity with the situation,"[0, 1]"
http://example.org/emotions.owl#Trust,trust,"to believe that someone is good and honest and will not harm you, or that something is safe and reliable",http://example.org/conceptual_spaces.owl#Osgood,osgood,http://example.org/conceptual_spaces.owl#Osgood_activity,activity,amount of physiological change in the person's body,"[0, 1]"
http://example.org/emotions.owl#Trust,trust,"to believe that someone is good and honest and will not harm you, or that something is safe and reliable",http://example.org/conceptual_spaces.owl#Osgood,osgood,http://example.org/conceptual_spaces.owl#Osgood_evaluation,evaluation,degree of pleasantness or unpleasantness of an emotion,"[-1, 1]"
http://example.org/emotions.owl#Trust,trust,"to believe that someone is good and honest and will not harm you, or that something is safe and reliable",http://example.org/conceptual_spaces.owl#Osgood,osgood,http://example.org/conceptual_spaces.owl#Osgood_potency,potency,"the perceived strength, dominance, or control inherent in an emotion.","[0, 1]"
http://example.org/emotions.owl#Trust,trust,"to believe that someone is good and honest and will not harm you, or that something is safe and reliable",http://example.org/conceptual_spaces.owl#PAD,pad,http://example.org/conceptual_spaces.owl#PAD_arousal,arousal,amount of physiological change in the person's body,"[0, 1]"
http://example.org/emotions.owl#Trust,trust,"to believe that someone is good and honest and will not harm you, or that something is safe and reliable",http://example.org/conceptual_spaces.owl#PAD,pad,http://example.org/conceptual_spaces.owl#PAD_dominance,dominance,the feeling of being in control of the situation vs being controlled,"[-1, 1]"
http://example.org/emotions.owl#Trust,trust,"to believe that someone is good and honest and will not harm you, or that something is safe and reliable",http://example.org/conceptual_spaces.owl#PAD,pad,http://example.org/conceptual_spaces.owl#PAD_pleasure,pleasure,degree of pleasantness or unpleasantness of an emotion,"[-1, 1]"
http://example.org/emotions.owl#Vigilance,vigilance,"more careful attention, especially in order to notice possible danger",http://example.org/conceptual_spaces.owl#circumplex,circumplex,http://example.org/conceptual_spaces.owl#circumplex_arousal,arousal,amount of physiological change in the person's body,"[0, 1]"
http://example.org/emotions.owl#Vigilance,vigilance,"more careful attention, especially in order to notice possible danger",http://example.org/conceptual_spaces.owl#circumplex,circumplex,http://example.org/conceptual_spaces.owl#circumplex_valence,valence,degree of pleasantness or unpleasantness of an emotion,"[-1, 1]"
http://example.org/emotions.owl#Vigilance,vigilance,"more careful attention, especially in order to notice possible danger",http://example.org/conceptual_spaces.owl#Fontaine,fontaine,http://example.org/conceptual_spaces.owl#Fontaine_activity,activity,amount of physiological change in the person's body,"[0, 1]"
http://example.org/emotions.owl#Vigilance,vigilance,"more careful attention, especially in order to notice possible danger",http://example.org/conceptual_spaces.owl#Fontaine,fontaine,http://example.org/conceptual_spaces.owl#Fontaine_evaluation,evaluation,degree of pleasantness or unpleasantness of an emotion,"[-1, 1]"
http://example.org/emotions.owl#Vigilance,vigilance,"more careful attention, especially in order to notice possible danger",http://example.org/conceptual_spaces.owl#Fontaine,fontaine,http://example.org/conceptual_spaces.owl#Fontaine_potency,potency,"the perceived strength, dominance, or control inherent in an emotion.","[0, 1]"
http://example.org/emotions.owl#Vigilance,vigilance,"more careful attention, especially in order to notice possible danger",http://example.org/conceptual_spaces.owl#Fontaine,fontaine,http://example.org/conceptual_spaces.owl#Fontaine_unpredictability,unpredictability,a person's reaction to a stimulus based on their familiarity with the situation,"[0, 1]"
http://example.org/emotions.owl#Vigilance,vigilance,"more careful attention, especially in order to notice possible danger",http://example.org/conceptual_spaces.owl#Osgood,osgood,http://example.org/conceptual_spaces.owl#Osgood_activity,activity,amount of physiological change in the person's body,"[0, 1]"
http://example.org/emotions.owl#Vigilance,vigilance,"more careful attention, especially in order to notice possible danger",http://example.org/conceptual_spaces.owl#Osgood,osgood,http://example.org/conceptual_spaces.owl#Osgood_evaluation,evaluation,degree of pleasantness or unpleasantness of an emotion,"[-1, 1]"
http://example.org/emotions.owl#Vigilance,vigilance,"more careful attention, especially in order to notice possible danger",http://example.org/conceptual_spaces.owl#Osgood,osgood,http://example.org/conceptual_spaces.owl#Osgood_potency,potency,"the perceived strength, dominance, or control inherent in an emotion.","[0, 1]"
http://example.org/emotions.owl#Vigilance,vigilance,"more careful attention, especially in order to notice possible danger",http://example.org/conceptual_spaces.owl#PAD,pad,http://example.org/conceptual_spaces.owl#PAD_arousal,arousal,amount of physiological change in the person's body,"[0, 1]"
http://example.org/emotions.owl#Vigilance,vigilance,"more careful attention, especially in order to notice possible danger",http://example.org/conceptual_spaces.owl#PAD,pad,http://example.org/conceptual_spaces.owl#PAD_dominance,dominance,the feeling of being in control of the situation vs being controlled,"[-1, 1]"
http://example.org/emotions.owl#Vigilance,vigilance,"more careful attention, especially in order to notice possible danger",http://example.org/conceptual_spaces.owl#PAD,pad,http://example.org/conceptual_spaces.owl#PAD_pleasure,pleasure,degree of pleasantness or unpleasantness of an emotion,"[-1, 1]"
