emotion,emotion_label,emotion_definition,domain,domain_label,dimension,dim_label,dim_definition,dim_range
http://example.org/emotions.owl#Acceptance,acceptance,"a disposition to tolerate or accept people or situations; \""all people should practice toleration and live together in peace\""\n",http://example.org/conceptual_spaces.owl#circumplex,circumplex,http://example.org/conceptual_spaces.owl#circumplex_arousal,arousal,amount of physiological change in the person's body,"[0, 1]"
http://example.org/emotions.owl#Acceptance,acceptance,"a disposition to tolerate or accept people or situations; \""all people should practice toleration and live together in peace\""\n",http://example.org/conceptual_spaces.owl#circumplex,circumplex,http://example.org/conceptual_spaces.owl#circumplex_valence,valence,degree of pleasantness or unpleasantness of an emotion,"[-1, 1]"
http://example.org/emotions.owl#Acceptance,acceptance,"a disposition to tolerate or accept people or situations; \""all people should practice toleration and live together in peace\""\n",http://example.org/conceptual_spaces.owl#Fontaine,fontaine,http://example.org/conceptual_spaces.owl#Fontaine_activity,activity,amount of physiological change in the person's body,"[0, 1]"
http://example.org/emotions.owl#Acceptance,acceptance,"a disposition to tolerate or accept people or situations; \""all people should practice toleration and live together in peace\""\n",http://example.org/conceptual_spaces.owl#Fontaine,fontaine,http://example.org/conceptual_spaces.owl#Fontaine_evaluation,evaluation,degree of pleasantness or unpleasantness of an emotion,"[-1, 1]"
http://example.org/emotions.owl#Acceptance,acceptance,"a disposition to tolerate or accept people or situations; \""all people should practice toleration and live together in peace\""\n",http://example.org/conceptual_spaces.owl#Fontaine,fontaine,http://example.org/conceptual_spaces.owl#Fontaine_potency,potency,"the perceived strength, dominance, or control inherent in an emotion.","[0, 1]"
http://example.org/emotions.owl#Acceptance,acceptance,"a disposition to tolerate or accept people or situations; \""all people should practice toleration and live together in peace\""\n",http://example.org/conceptual_spaces.owl#Fontaine,fontaine,http://example.org/conceptual_spaces.owl#Fontaine_unpredictability,unpredictability,a person's reaction to a stimulus based on their familiarity with the situation,"[0, 1]"
http://example.org/emotions.owl#Acceptance,acceptance,"a disposition to tolerate or accept people or situations; \""all people should practice toleration and live together in peace\""\n",http://example.org/conceptual_spaces.owl#Osgood,osgood,http://example.org/conceptual_spaces.owl#Osgood_activity,activity,amount of physiological change in the person's body,"[0, 1]"
http://example.org/emotions.owl#Acceptance,acceptance,"a disposition to tolerate or accept people or situations; \""all people should practice toleration and live together in peace\""\n",http://example.org/conceptual_spaces.owl#Osgood,osgood,http://example.org/conceptual_spaces.owl#Osgood_evaluation,evaluation,degree of pleasantness or unpleasantness of an emotion,"[-1, 1]"
http://example.org/emotions.owl#Acceptance,acceptance,"a disposition to tolerate or accept people or situations; \""all people should practice toleration and live together in peace\""\n",http://example.org/conceptual_spaces.owl#Osgood,osgood,http://example.org/conceptual_spaces.owl#Osgood_potency,potency,"the perceived strength, dominance, or control inherent in an emotion.","[0, 1]"
http://example.org/emotions.owl#Acceptance,acceptance,"a disposition to tolerate or accept people or situations; \""all people should practice toleration and live together in peace\""\n",http://example.org/conceptual_spaces.owl#PAD,pad,http://example.org/conceptual_spaces.owl#PAD_arousal,arousal,amount of physiological change in the person's body,"[0, 1]"
http://example.org/emotions.owl#Acceptance,acceptance,"a disposition to tolerate or accept people or situations; \""all people should practice toleration and live together in peace\""\n",http://example.org/conceptual_spaces.owl#PAD,pad,http://example.org/conceptual_spaces.owl#PAD_dominance,dominance,the feeling of being in control of the situation vs being controlled,"[-1, 1]"
http://example.org/emotions.owl#Acceptance,acceptance,"a disposition to tolerate or accept people or situations; \""all people should practice toleration and live together in peace\""\n",http://example.org/conceptual_spaces.owl#PAD,pad,http://example.org/conceptual_spaces.owl#PAD_pleasure,pleasure,degree of pleasantness or unpleasantness of an emotion,"[-1, 1]"
http://example.org/emotions.owl#Admiration,admiration,a feeling of delighted approval and liking,http://example.org/conceptual_spaces.owl#circumplex,circumplex,http://example.org/conceptual_spaces.owl#circumplex_arousal,arousal,amount of physiological change in the person's body,"[0, 1]"
http://example.org/emotions.owl#Admiration,admiration,a feeling of delighted approval and liking,http://example.org/conceptual_spaces.owl#circumplex,circumplex,http://example.org/conceptual_spaces.owl#circumplex_valence,valence,degree of pleasantness or unpleasantness of an emotion,"[-1, 1]"
http://example.org/emotions.owl#Admiration,admiration,a feeling of delighted approval and liking,http://example.org/conceptual_spaces.owl#Fontaine,fontaine,http://example.org/conceptual_spaces.owl#Fontaine_activity,activity,amount of physiological change in the person's body,"[0, 1]"
http://example.org/emotions.owl#Admiration,admiration,a feeling of delighted approval and liking,http://example.org/conceptual_spaces.owl#Fontaine,fontaine,http://example.org/conceptual_spaces.owl#Fontaine_evaluation,evaluation,degree of pleasantness or unpleasantness of an emotion,"[-1, 1]"
http://example.org/emotions.owl#Admiration,admiration,a feeling of delighted approval and liking,http://example.org/conceptual_spaces.owl#Fontaine,fontaine,http://example.org/conceptual_spaces.owl#Fontaine_potency,potency,"the perceived strength, dominance, or control inherent in an emotion.","[0, 1]"
http://example.org/emotions.owl#Admiration,admiration,a feeling of delighted approval and liking,http://example.org/conceptual_spaces.owl#Fontaine,fontaine,http://example.org/conceptual_spaces.owl#Fontaine_unpredictability,unpredictability,a person's reaction to a stimulus based on their familiarity with the situation,"[0, 1]"
http://example.org/emotions.owl#Admiration,admiration,a feeling of delighted approval and liking,http://example.org/conceptual_spaces.owl#Osgood,osgood,http://example.org/conceptual_spaces.owl#Osgood_activity,activity,amount of physiological change in the person's body,"[0, 1]"
http://example.org/emotions.owl#Admiration,admiration,a feeling of delighted approval and liking,http://example.org/conceptual_spaces.owl#Osgood,osgood,http://example.org/conceptual_spaces.owl#Osgood_evaluation,evaluation,degree of pleasantness or unpleasantness of an emotion,"[-1, 1]"
http://example.org/emotions.owl#Admiration,admiration,a feeling of delighted approval and liking,http://example.org/conceptual_spaces.owl#Osgood,osgood,http://example.org/conceptual_spaces.owl#Osgood_potency,potency,"the perceived strength, dominance, or control inherent in an emotion.","[0, 1]"
http://example.org/emotions.owl#Admiration,admiration,a feeling of delighted approval and liking,http://example.org/conceptual_spaces.owl#PAD,pad,http://example.org/conceptual_spaces.owl#PAD_arousal,arousal,amount of physiological change in the person's body,"[0, 1]"
http://example.org/emotions.owl#Admiration,admiration,a feeling of delighted approval and liking,http://example.org/conceptual_spaces.owl#PAD,pad,http://example.org/conceptual_spaces.owl#PAD_dominance,dominance,the feeling of being in control of the situation vs being controlled,"[-1, 1]"
http://example.org/emotions.owl#Admiration,admiration,a feeling of delighted approval and liking,http://example.org/conceptual_spaces.owl#PAD,pad,http://example.org/conceptual_spaces.owl#PAD_pleasure,pleasure,degree of pleasantness or unpleasantness of an emotion,"[-1, 1]"
http://example.org/emotions.owl#Aggressiveness,aggressiveness,"characteristic of an enemy or one eager to fight; \""aggressive acts against another country\""; \""a belligerent tone\""",http://example.org/conceptual_spaces.owl#circumplex,circumplex,http://example.org/conceptual_spaces.owl#circumplex_arousal,arousal,amount of physiological change in the person's body,"[0, 1]"
http://example.org/emotions.owl#Aggressiveness,aggressiveness,"characteristic of an enemy or one eager to fight; \""aggressive acts against another country\""; \""a belligerent tone\""",http://example.org/conceptual_spaces.owl#circumplex,circumplex,http://example.org/conceptual_spaces.owl#circumplex_valence,valence,degree of pleasantness or unpleasantness of an emotion,"[-1, 1]"
http://example.org/emotions.owl#Aggressiveness,aggressiveness,"characteristic of an enemy or one eager to fight; \""aggressive acts against another country\""; \""a belligerent tone\""",http://example.org/conceptual_spaces.owl#Fontaine,fontaine,http://example.org/conceptual_spaces.owl#Fontaine_activity,activity,amount of physiological change in the person's body,"[0, 1]"
http://example.org/emotions.owl#Aggressiveness,aggressiveness,"characteristic of an enemy or one eager to fight; \""aggressive acts against another country\""; \""a belligerent tone\""",http://example.org/conceptual_spaces.owl#Fontaine,fontaine,http://example.org/conceptual_spaces.owl#Fontaine_evaluation,evaluation,degree of pleasantness or unpleasantness of an emotion,"[-1, 1]"
http://example.org/emotions.owl#Aggressiveness,aggressiveness,"characteristic of an enemy or one eager to fight; \""aggressive acts against another country\""; \""a belligerent tone\""",http://example.org/conceptual_spaces.owl#Fontaine,fontaine,http://example.org/conceptual_spaces.owl#Fontaine_potency,potency,"the perceived strength, dominance, or control inherent in an emotion.","[0, 1]"
http://example.org/emotions.owl#Aggressiveness,aggressiveness,"characteristic of an enemy or one eager to fight; \""aggressive acts against another country\""; \""a belligerent tone\""",http://example.org/conceptual_spaces.owl#Fontaine,fontaine,http://example.org/conceptual_spaces.owl#Fontaine_unpredictability,unpredictability,a person's reaction to a stimulus based on their familiarity with the situation,"[0, 1]"
http://example.org/emotions.owl#Aggressiveness,aggressiveness,"characteristic of an enemy or one eager to fight; \""aggressive acts against another country\""; \""a belligerent tone\""",http://example.org/conceptual_spaces.owl#Osgood,osgood,http://example.org/conceptual_spaces.owl#Osgood_activity,activity,amount of physiological change in the person's body,"[0, 1]"
http://example.org/emotions.owl#Aggressiveness,aggressiveness,"characteristic of an enemy or one eager to fight; \""aggressive acts against another country\""; \""a belligerent tone\""",http://example.org/conceptual_spaces.owl#Osgood,osgood,http://example.org/conceptual_spaces.owl#Osgood_evaluation,evaluation,degree of pleasantness or unpleasantness of an emotion,"[-1, 1]"
http://example.org/emotions.owl#Aggressiveness,aggressiveness,"characteristic of an enemy or one eager to fight; \""aggressive acts against another country\""; \""a belligerent tone\""",http://example.org/conceptual_spaces.owl#Osgood,osgood,http://example.org/conceptual_spaces.owl#Osgood_potency,potency,"the perceived strength, dominance, or control inherent in an emotion.","[0, 1]"
http://example.org/emotions.owl#Aggressiveness,aggressiveness,"characteristic of an enemy or one eager to fight; \""aggressive acts against another country\""; \""a belligerent tone\""",http://example.org/conceptual_spaces.owl#PAD,pad,http://example.org/conceptual_spaces.owl#PAD_arousal,arousal,amount of physiological change in the person's body,"[0, 1]"
http://example.org/emotions.owl#Aggressiveness,aggressiveness,"characteristic of an enemy or one eager to fight; \""aggressive acts against another country\""; \""a belligerent tone\""",http://example.org/conceptual_spaces.owl#PAD,pad,http://example.org/conceptual_spaces.owl#PAD_dominance,dominance,the feeling of being in control of the situation vs being controlled,"[-1, 1]"
http://example.org/emotions.owl#Aggressiveness,aggressiveness,"characteristic of an enemy or one eager to fight; \""aggressive acts against another country\""; \""a belligerent tone\""",http://example.org/conceptual_spaces.owl#PAD,pad,http://example.org/conceptual_spaces.owl#PAD_pleasure,pleasure,degree of pleasantness or unpleasantness of an emotion,"[-1, 1]"
http://example.org/emotions.owl#Amazement,amazement,"the feeling that accompanies something extremely surprising; \""he looked at me in astonishment\""",http://example.org/conceptual_spaces.owl#circumplex,circumplex,http://example.org/conceptual_spaces.owl#circumplex_arousal,arousal,amount of physiological change in the person's body,"[0, 1]"
http://example.org/emotions.owl#Amazement,amazement,"the feeling that accompanies something extremely surprising; \""he looked at me in astonishment\""",http://example.org/conceptual_spaces.owl#circumplex,circumplex,http://example.org/conceptual_spaces.owl#circumplex_valence,valence,degree of pleasantness or unpleasantness of an emotion,"[-1, 1]"
http://example.org/emotions.owl#Amazement,amazement,"the feeling that accompanies something extremely surprising; \""he looked at me in astonishment\""",http://example.org/conceptual_spaces.owl#Fontaine,fontaine,http://example.org/conceptual_spaces.owl#Fontaine_activity,activity,amount of physiological change in the person's body,"[0, 1]"
http://example.org/emotions.owl#Amazement,amazement,"the feeling that accompanies something extremely surprising; \""he looked at me in astonishment\""",http://example.org/conceptual_spaces.owl#Fontaine,fontaine,http://example.org/conceptual_spaces.owl#Fontaine_evaluation,evaluation,degree of pleasantness or unpleasantness of an emotion,"[-1, 1]"
http://example.org/emotions.owl#Amazement,amazement,"the feeling that accompanies something extremely surprising; \""he looked at me in astonishment\""",http://example.org/conceptual_spaces.owl#Fontaine,fontaine,http://example.org/conceptual_spaces.owl#Fontaine_potency,potency,"the perceived strength, dominance, or control inherent in an emotion.","[0, 1]"
http://example.org/emotions.owl#Amazement,amazement,"the feeling that accompanies something extremely surprising; \""he looked at me in astonishment\""",http://example.org/conceptual_spaces.owl#Fontaine,fontaine,http://example.org/conceptual_spaces.owl#Fontaine_unpredictability,unpredictability,a person's reaction to a stimulus based on their familiarity with the situation,"[0, 1]"
http://example.org/emotions.owl#Amazement,amazement,"the feeling that accompanies something extremely surprising; \""he looked at me in astonishment\""",http://example.org/conceptual_spaces.owl#Osgood,osgood,http://example.org/conceptual_spaces.owl#Osgood_activity,activity,amount of physiological change in the person's body,"[0, 1]"
http://example.org/emotions.owl#Amazement,amazement,"the feeling that accompanies something extremely surprising; \""he looked at me in astonishment\""",http://example.org/conceptual_spaces.owl#Osgood,osgood,http://example.org/conceptual_spaces.owl#Osgood_evaluation,evaluation,degree of pleasantness or unpleasantness of an emotion,"[-1, 1]"
http://example.org/emotions.owl#Amazement,amazement,"the feeling that accompanies something extremely surprising; \""he looked at me in astonishment\""",http://example.org/conceptual_spaces.owl#Osgood,osgood,http://example.org/conceptual_spaces.owl#Osgood_potency,potency,"the perceived strength, dominance, or control inherent in an emotion.","[0, 1]"
http://example.org/emotions.owl#Amazement,amazement,"the feeling that accompanies something extremely surprising; \""he looked at me in astonishment\""",http://example.org/conceptual_spaces.owl#PAD,pad,http://example.org/conceptual_spaces.owl#PAD_arousal,arousal,amount of physiological change in the person's body,"[0, 1]"
http://example.org/emotions.owl#Amazement,amazement,"the feeling that accompanies something extremely surprising; \""he looked at me in astonishment\""",http://example.org/conceptual_spaces.owl#PAD,pad,http://example.org/conceptual_spaces.owl#PAD_dominance,dominance,the feeling of being in control of the situation vs being controlled,"[-1, 1]"
http://example.org/emotions.owl#Amazement,amazement,"the feeling that accompanies something extremely surprising; \""he looked at me in astonishment\""",http://example.org/conceptual_spaces.owl#PAD,pad,http://example.org/conceptual_spaces.owl#PAD_pleasure,pleasure,degree of pleasantness or unpleasantness of an emotion,"[-1, 1]"
http://example.org/emotions.owl#Anger,anger,the state of being angry,http://example.org/conceptual_spaces.owl#circumplex,circumplex,http://example.org/conceptual_spaces.owl#circumplex_arousal,arousal,amount of physiological change in the person's body,"[0, 1]"
http://example.org/emotions.owl#Anger,anger,the state of being angry,http://example.org/conceptual_spaces.owl#circumplex,circumplex,http://example.org/conceptual_spaces.owl#circumplex_valence,valence,degree of pleasantness or unpleasantness of an emotion,"[-1, 1]"
http://example.org/emotions.owl#Anger,anger,the state of being angry,http://example.org/conceptual_spaces.owl#Fontaine,fontaine,http://example.org/conceptual_spaces.owl#Fontaine_activity,activity,amount of physiological change in the person's body,"[0, 1]"
http://example.org/emotions.owl#Anger,anger,the state of being angry,http://example.org/conceptual_spaces.owl#Fontaine,fontaine,http://example.org/conceptual_spaces.owl#Fontaine_evaluation,evaluation,degree of pleasantness or unpleasantness of an emotion,"[-1, 1]"
http://example.org/emotions.owl#Anger,anger,the state of being angry,http://example.org/conceptual_spaces.owl#Fontaine,fontaine,http://example.org/conceptual_spaces.owl#Fontaine_potency,potency,"the perceived strength, dominance, or control inherent in an emotion.","[0, 1]"
http://example.org/emotions.owl#Anger,anger,the state of being angry,http://example.org/conceptual_spaces.owl#Fontaine,fontaine,http://example.org/conceptual_spaces.owl#Fontaine_unpredictability,unpredictability,a person's reaction to a stimulus based on their familiarity with the situation,"[0, 1]"
http://example.org/emotions.owl#Anger,anger,the state of being angry,http://example.org/conceptual_spaces.owl#Osgood,osgood,http://example.org/conceptual_spaces.owl#Osgood_activity,activity,amount of physiological change in the person's body,"[0, 1]"
http://example.org/emotions.owl#Anger,anger,the state of being angry,http://example.org/conceptual_spaces.owl#Osgood,osgood,http://example.org/conceptual_spaces.owl#Osgood_evaluation,evaluation,degree of pleasantness or unpleasantness of an emotion,"[-1, 1]"
http://example.org/emotions.owl#Anger,anger,the state of being angry,http://example.org/conceptual_spaces.owl#Osgood,osgood,http://example.org/conceptual_spaces.owl#Osgood_potency,potency,"the perceived strength, dominance, or control inherent in an emotion.","[0, 1]"
http://example.org/emotions.owl#Anger,anger,the state of being angry,http://example.org/conceptual_spaces.owl#PAD,pad,http://example.org/conceptual_spaces.owl#PAD_arousal,arousal,amount of physiological change in the person's body,"[0, 1]"
http://example.org/emotions.owl#Anger,anger,the state of being angry,http://example.org/conceptual_spaces.owl#PAD,pad,http://example.org/conceptual_spaces.owl#PAD_dominance,dominance,the feeling of being in control of the situation vs being controlled,"[-1, 1]"
http://example.org/emotions.owl#Anger,anger,the state of being angry,http://example.org/conceptual_spaces.owl#PAD,pad,http://example.org/conceptual_spaces.owl#PAD_pleasure,pleasure,degree of pleasantness or unpleasantness of an emotion,"[-1, 1]"
http://example.org/emotions.owl#Annoyance,annoyance,anger produced by some annoying irritation,http://example.org/conceptual_spaces.owl#circumplex,circumplex,http://example.org/conceptual_spaces.owl#circumplex_arousal,arousal,amount of physiological change in the person's body,"[0, 1]"
http://example.org/emotions.owl#Annoyance,annoyance,anger produced by some annoying irritation,http://example.org/conceptual_spaces.owl#circumplex,circumplex,http://example.org/conceptual_spaces.owl#circumplex_valence,valence,degree of pleasantness or unpleasantness of an emotion,"[-1, 1]"
http://example.org/emotions.owl#Annoyance,annoyance,anger produced by some annoying irritation,http://example.org/conceptual_spaces.owl#Fontaine,fontaine,http://example.org/conceptual_spaces.owl#Fontaine_activity,activity,amount of physiological change in the person's body,"[0, 1]"
http://example.org/emotions.owl#Annoyance,annoyance,anger produced by some annoying irritation,http://example.org/conceptual_spaces.owl#Fontaine,fontaine,http://example.org/conceptual_spaces.owl#Fontaine_evaluation,evaluation,degree of pleasantness or unpleasantness of an emotion,"[-1, 1]"
http://example.org/emotions.owl#Annoyance,annoyance,anger produced by some annoying irritation,http://example.org/conceptual_spaces.owl#Fontaine,fontaine,http://example.org/conceptual_spaces.owl#Fontaine_potency,potency,"the perceived strength, dominance, or control inherent in an emotion.","[0, 1]"
http://example.org/emotions.owl#Annoyance,annoyance,anger produced by some annoying irritation,http://example.org/conceptual_spaces.owl#Fontaine,fontaine,http://example.org/conceptual_spaces.owl#Fontaine_unpredictability,unpredictability,a person's reaction to a stimulus based on their familiarity with the situation,"[0, 1]"
http://example.org/emotions.owl#Annoyance,annoyance,anger produced by some annoying irritation,http://example.org/conceptual_spaces.owl#Osgood,osgood,http://example.org/conceptual_spaces.owl#Osgood_activity,activity,amount of physiological change in the person's body,"[0, 1]"
http://example.org/emotions.owl#Annoyance,annoyance,anger produced by some annoying irritation,http://example.org/conceptual_spaces.owl#Osgood,osgood,http://example.org/conceptual_spaces.owl#Osgood_evaluation,evaluation,degree of pleasantness or unpleasantness of an emotion,"[-1, 1]"
http://example.org/emotions.owl#Annoyance,annoyance,anger produced by some annoying irritation,http://example.org/conceptual_spaces.owl#Osgood,osgood,http://example.org/conceptual_spaces.owl#Osgood_potency,potency,"the perceived strength, dominance, or control inherent in an emotion.","[0, 1]"
http://example.org/emotions.owl#Annoyance,annoyance,anger produced by some annoying irritation,http://example.org/conceptual_spaces.owl#PAD,pad,http://example.org/conceptual_spaces.owl#PAD_arousal,arousal,amount of physiological change in the person's body,"[0, 1]"
http://example.org/emotions.owl#Annoyance,annoyance,anger produced by some annoying irritation,http://example.org/conceptual_spaces.owl#PAD,pad,http://example.org/conceptual_spaces.owl#PAD_dominance,dominance,the feeling of being in control of the situation vs being controlled,"[-1, 1]"
http://example.org/emotions.owl#Annoyance,annoyance,anger produced by some annoying irritation,http://example.org/conceptual_spaces.owl#PAD,pad,http://example.org/conceptual_spaces.owl#PAD_pleasure,pleasure,degree of pleasantness or unpleasantness of an emotion,"[-1, 1]"
http://example.org/emotions.owl#Anticipation,anticipation,anticipating with confidence of fulfillment\n,http://example.org/conceptual_spaces.owl#circumplex,circumplex,http://example.org/conceptual_spaces.owl#circumplex_arousal,arousal,amount of physiological change in the person's body,"[0, 1]"
http://example.org/emotions.owl#Anticipation,anticipation,anticipating with confidence of fulfillment\n,http://example.org/conceptual_spaces.owl#circumplex,circumplex,http://example.org/conceptual_spaces.owl#circumplex_valence,valence,degree of pleasantness or unpleasantness of an emotion,"[-1, 1]"
http://example.org/emotions.owl#Anticipation,anticipation,anticipating with confidence of fulfillment\n,http://example.org/conceptual_spaces.owl#Fontaine,fontaine,http://example.org/conceptual_spaces.owl#Fontaine_activity,activity,amount of physiological change in the person's body,"[0, 1]"
http://example.org/emotions.owl#Anticipation,anticipation,anticipating with confidence of fulfillment\n,http://example.org/conceptual_spaces.owl#Fontaine,fontaine,http://example.org/conceptual_spaces.owl#Fontaine_evaluation,evaluation,degree of pleasantness or unpleasantness of an emotion,"[-1, 1]"
http://example.org/emotions.owl#Anticipation,anticipation,anticipating with confidence of fulfillment\n,http://example.org/conceptual_spaces.owl#Fontaine,fontaine,http://example.org/conceptual_spaces.owl#Fontaine_potency,potency,"the perceived strength, dominance, or control inherent in an emotion.","[0, 1]"
http://example.org/emotions.owl#Anticipation,anticipation,anticipating with confidence of fulfillment\n,http://example.org/conceptual_spaces.owl#Fontaine,fontaine,http://example.org/conceptual_spaces.owl#Fontaine_unpredictability,unpredictability,a person's reaction to a stimulus based on their familiarity with the situation,"[0, 1]"
http://example.org/emotions.owl#Anticipation,anticipation,anticipating with confidence of fulfillment\n,http://example.org/conceptual_spaces.owl#Osgood,osgood,http://example.org/conceptual_spaces.owl#Osgood_activity,activity,amount of physiological change in the person's body,"[0, 1]"
http://example.org/emotions.owl#Anticipation,anticipation,anticipating with confidence of fulfillment\n,http://example.org/conceptual_spaces.owl#Osgood,osgood,http://example.org/conceptual_spaces.owl#Osgood_evaluation,evaluation,degree of pleasantness or unpleasantness of an emotion,"[-1, 1]"
http://example.org/emotions.owl#Anticipation,anticipation,anticipating with confidence of fulfillment\n,http://example.org/conceptual_spaces.owl#Osgood,osgood,http://example.org/conceptual_spaces.owl#Osgood_potency,potency,"the perceived strength, dominance, or control inherent in an emotion.","[0, 1]"
http://example.org/emotions.owl#Anticipation,anticipation,anticipating with confidence of fulfillment\n,http://example.org/conceptual_spaces.owl#PAD,pad,http://example.org/conceptual_spaces.owl#PAD_arousal,arousal,amount of physiological change in the person's body,"[0, 1]"
http://example.org/emotions.owl#Anticipation,anticipation,anticipating with confidence of fulfillment\n,http://example.org/conceptual_spaces.owl#PAD,pad,http://example.org/conceptual_spaces.owl#PAD_dominance,dominance,the feeling of being in control of the situation vs being controlled,"[-1, 1]"
http://example.org/emotions.owl#Anticipation,anticipation,anticipating with confidence of fulfillment\n,http://example.org/conceptual_spaces.owl#PAD,pad,http://example.org/conceptual_spaces.owl#PAD_pleasure,pleasure,degree of pleasantness or unpleasantness of an emotion,"[-1, 1]"
http://example.org/emotions.owl#Apprehension,apprehension,"fearful expectation or anticipation; \""the student looked around the examination room with apprehension\""",http://example.org/conceptual_spaces.owl#circumplex,circumplex,http://example.org/conceptual_spaces.owl#circumplex_arousal,arousal,amount of physiological change in the person's body,"[0, 1]"
http://example.org/emotions.owl#Apprehension,apprehension,"fearful expectation or anticipation; \""the student looked around the examination room with apprehension\""",http://example.org/conceptual_spaces.owl#circumplex,circumplex,http://example.org/conceptual_spaces.owl#circumplex_valence,valence,degree of pleasantness or unpleasantness of an emotion,"[-1, 1]"
http://example.org/emotions.owl#Apprehension,apprehension,"fearful expectation or anticipation; \""the student looked around the examination room with apprehension\""",http://example.org/conceptual_spaces.owl#Fontaine,fontaine,http://example.org/conceptual_spaces.owl#Fontaine_activity,activity,amount of physiological change in the person's body,"[0, 1]"
http://example.org/emotions.owl#Apprehension,apprehension,"fearful expectation or anticipation; \""the student looked around the examination room with apprehension\""",http://example.org/conceptual_spaces.owl#Fontaine,fontaine,http://example.org/conceptual_spaces.owl#Fontaine_evaluation,evaluation,degree of pleasantness or unpleasantness of an emotion,"[-1, 1]"
http://example.org/emotions.owl#Apprehension,apprehension,"fearful expectation or anticipation; \""the student looked around the examination room with apprehension\""",http://example.org/conceptual_spaces.owl#Fontaine,fontaine,http://example.org/conceptual_spaces.owl#Fontaine_potency,potency,"the perceived strength, dominance, or control inherent in an emotion.","[0, 1]"
http://example.org/emotions.owl#Apprehension,apprehension,"fearful expectation or anticipation; \""the student looked around the examination room with apprehension\""",http://example.org/conceptual_spaces.owl#Fontaine,fontaine,http://example.org/conceptual_spaces.owl#Fontaine_unpredictability,unpredictability,a person's reaction to a stimulus based on their familiarity with the situation,"[0, 1]"
http://example.org/emotions.owl#Apprehension,apprehension,"fearful expectation or anticipation; \""the student looked around the examination room with apprehension\""",http://example.org/conceptual_spaces.owl#Osgood,osgood,http://example.org/conceptual_spaces.owl#Osgood_activity,activity,amount of physiological change in the person's body,"[0, 1]"
http://example.org/emotions.owl#Apprehension,apprehension,"fearful expectation or anticipation; \""the student looked around the examination room with apprehension\""",http://example.org/conceptual_spaces.owl#Osgood,osgood,http://example.org/conceptual_spaces.owl#Osgood_evaluation,evaluation,degree of pleasantness or unpleasantness of an emotion,"[-1, 1]"
http://example.org/emotions.owl#Apprehension,apprehension,"fearful expectation or anticipation; \""the student looked around the examination room with apprehension\""",http://example.org/conceptual_spaces.owl#Osgood,osgood,http://example.org/conceptual_spaces.owl#Osgood_potency,potency,"the perceived strength, dominance, or control inherent in an emotion.","[0, 1]"
http://example.org/emotions.owl#Apprehension,apprehension,"fearful expectation or anticipation; \""the student looked around the examination room with apprehension\""",http://example.org/conceptual_spaces.owl#PAD,pad,http://example.org/conceptual_spaces.owl#PAD_arousal,arousal,amount of physiological change in the person's body,"[0, 1]"
http://example.org/emotions.owl#Apprehension,apprehension,"fearful expectation or anticipation; \""the student looked around the examination room with apprehension\""",http://example.org/conceptual_spaces.owl#PAD,pad,http://example.org/conceptual_spaces.owl#PAD_dominance,dominance,the feeling of being in control of the situation vs being controlled,"[-1, 1]"
http://example.org/emotions.owl#Apprehension,apprehension,"fearful expectation or anticipation; \""the student looked around the examination room with apprehension\""",http://example.org/conceptual_spaces.owl#PAD,pad,http://example.org/conceptual_spaces.owl#PAD_pleasure,pleasure,degree of pleasantness or unpleasantness of an emotion,"[-1, 1]"
http://example.org/emotions.owl#Awe,awe,"an overwhelming feeling of wonder or admiration; \""he stared over the edge with a feeling of awe\""",http://example.org/conceptual_spaces.owl#circumplex,circumplex,http://example.org/conceptual_spaces.owl#circumplex_arousal,arousal,amount of physiological change in the person's body,"[0, 1]"
http://example.org/emotions.owl#Awe,awe,"an overwhelming feeling of wonder or admiration; \""he stared over the edge with a feeling of awe\""",http://example.org/conceptual_spaces.owl#circumplex,circumplex,http://example.org/conceptual_spaces.owl#circumplex_valence,valence,degree of pleasantness or unpleasantness of an emotion,"[-1, 1]"
http://example.org/emotions.owl#Awe,awe,"an overwhelming feeling of wonder or admiration; \""he stared over the edge with a feeling of awe\""",http://example.org/conceptual_spaces.owl#Fontaine,fontaine,http://example.org/conceptual_spaces.owl#Fontaine_activity,activity,amount of physiological change in the person's body,"[0, 1]"
http://example.org/emotions.owl#Awe,awe,"an overwhelming feeling of wonder or admiration; \""he stared over the edge with a feeling of awe\""",http://example.org/conceptual_spaces.owl#Fontaine,fontaine,http://example.org/conceptual_spaces.owl#Fontaine_evaluation,evaluation,degree of pleasantness or unpleasantness of an emotion,"[-1, 1]"
http://example.org/emotions.owl#Awe,awe,"an overwhelming feeling of wonder or admiration; \""he stared over the edge with a feeling of awe\""",http://example.org/conceptual_spaces.owl#Fontaine,fontaine,http://example.org/conceptual_spaces.owl#Fontaine_potency,potency,"the perceived strength, dominance, or control inherent in an emotion.","[0, 1]"
http://example.org/emotions.owl#Awe,awe,"an overwhelming feeling of wonder or admiration; \""he stared over the edge with a feeling of awe\""",http://example.org/conceptual_spaces.owl#Fontaine,fontaine,http://example.org/conceptual_spaces.owl#Fontaine_unpredictability,unpredictability,a person's reaction to a stimulus based on their familiarity with the situation,"[0, 1]"
http://example.org/emotions.owl#Awe,awe,"an overwhelming feeling of wonder or admiration; \""he stared over the edge with a feeling of awe\""",http://example.org/conceptual_spaces.owl#Osgood,osgood,http://example.org/conceptual_spaces.owl#Osgood_activity,activity,amount of physiological change in the person's body,"[0, 1]"
http://example.org/emotions.owl#Awe,awe,"an overwhelming feeling of wonder or admiration; \""he stared over the edge with a feeling of awe\""",http://example.org/conceptual_spaces.owl#Osgood,osgood,http://example.org/conceptual_spaces.owl#Osgood_evaluation,evaluation,degree of pleasantness or unpleasantness of an emotion,"[-1, 1]"
http://example.org/emotions.owl#Awe,awe,"an overwhelming feeling of wonder or admiration; \""he stared over the edge with a feeling of awe\""",http://example.org/conceptual_spaces.owl#Osgood,osgood,http://example.org/conceptual_spaces.owl#Osgood_potency,potency,"the perceived strength, dominance, or control inherent in an emotion.","[0, 1]"
http://example.org/emotions.owl#Awe,awe,"an overwhelming feeling of wonder or admiration; \""he stared over the edge with a feeling of awe\""",http://example.org/conceptual_spaces.owl#PAD,pad,http://example.org/conceptual_spaces.owl#PAD_arousal,arousal,amount of physiological change in the person's body,"[0, 1]"
http://example.org/emotions.owl#Awe,awe,"an overwhelming feeling of wonder or admiration; \""he stared over the edge with a feeling of awe\""",http://example.org/conceptual_spaces.owl#PAD,pad,http://example.org/conceptual_spaces.owl#PAD_dominance,dominance,the feeling of being in control of the situation vs being controlled,"[-1, 1]"
http://example.org/emotions.owl#Awe,awe,"an overwhelming feeling of wonder or admiration; \""he stared over the edge with a feeling of awe\""",http://example.org/conceptual_spaces.owl#PAD,pad,http://example.org/conceptual_spaces.owl#PAD_pleasure,pleasure,degree of pleasantness or unpleasantness of an emotion,"[-1, 1]"
http://example.org/emotions.owl#Boredom,boredom,the feeling of being bored by something tedious,http://example.org/conceptual_spaces.owl#circumplex,circumplex,http://example.org/conceptual_spaces.owl#circumplex_arousal,arousal,amount of physiological change in the person's body,"[0, 1]"
http://example.org/emotions.owl#Boredom,boredom,the feeling of being bored by something tedious,http://example.org/conceptual_spaces.owl#circumplex,circumplex,http://example.org/conceptual_spaces.owl#circumplex_valence,valence,degree of pleasantness or unpleasantness of an emotion,"[-1, 1]"
http://example.org/emotions.owl#Boredom,boredom,the feeling of being bored by something tedious,http://example.org/conceptual_spaces.owl#Fontaine,fontaine,http://example.org/conceptual_spaces.owl#Fontaine_activity,activity,amount of physiological change in the person's body,"[0, 1]"
http://example.org/emotions.owl#Boredom,boredom,the feeling of being bored by something tedious,http://example.org/conceptual_spaces.owl#Fontaine,fontaine,http://example.org/conceptual_spaces.owl#Fontaine_evaluation,evaluation,degree of pleasantness or unpleasantness of an emotion,"[-1, 1]"
http://example.org/emotions.owl#Boredom,boredom,the feeling of being bored by something tedious,http://example.org/conceptual_spaces.owl#Fontaine,fontaine,http://example.org/conceptual_spaces.owl#Fontaine_potency,potency,"the perceived strength, dominance, or control inherent in an emotion.","[0, 1]"
http://example.org/emotions.owl#Boredom,boredom,the feeling of being bored by something tedious,http://example.org/conceptual_spaces.owl#Fontaine,fontaine,http://example.org/conceptual_spaces.owl#Fontaine_unpredictability,unpredictability,a person's reaction to a stimulus based on their familiarity with the situation,"[0, 1]"
http://example.org/emotions.owl#Boredom,boredom,the feeling of being bored by something tedious,http://example.org/conceptual_spaces.owl#Osgood,osgood,http://example.org/conceptual_spaces.owl#Osgood_activity,activity,amount of physiological change in the person's body,"[0, 1]"
http://example.org/emotions.owl#Boredom,boredom,the feeling of being bored by something tedious,http://example.org/conceptual_spaces.owl#Osgood,osgood,http://example.org/conceptual_spaces.owl#Osgood_evaluation,evaluation,degree of pleasantness or unpleasantness of an emotion,"[-1, 1]"
http://example.org/emotions.owl#Boredom,boredom,the feeling of being bored by something tedious,http://example.org/conceptual_spaces.owl#Osgood,osgood,http://example.org/conceptual_spaces.owl#Osgood_potency,potency,"the perceived strength, dominance, or control inherent in an emotion.","[0, 1]"
http://example.org/emotions.owl#Boredom,boredom,the feeling of being bored by something tedious,http://example.org/conceptual_spaces.owl#PAD,pad,http://example.org/conceptual_spaces.owl#PAD_arousal,arousal,amount of physiological change in the person's body,"[0, 1]"
http://example.org/emotions.owl#Boredom,boredom,the feeling of being bored by something tedious,http://example.org/conceptual_spaces.owl#PAD,pad,http://example.org/conceptual_spaces.owl#PAD_dominance,dominance,the feeling of being in control of the situation vs being controlled,"[-1, 1]"
http://example.org/emotions.owl#Boredom,boredom,the feeling of being bored by something tedious,http://example.org/conceptual_spaces.owl#PAD,pad,http://example.org/conceptual_spaces.owl#PAD_pleasure,pleasure,degree of pleasantness or unpleasantness of an emotion,"[-1, 1]"
http://example.org/emotions.owl#Contempt,contempt,"lack of respect accompanied by a feeling of intense dislike; \""he was held in contempt\""; \""the despite in which outsiders were held is legendary\""",http://example.org/conceptual_spaces.owl#circumplex,circumplex,http://example.org/conceptual_spaces.owl#circumplex_arousal,arousal,amount of physiological change in the person's body,"[0, 1]"
http://example.org/emotions.owl#Contempt,contempt,"lack of respect accompanied by a feeling of intense dislike; \""he was held in contempt\""; \""the despite in which outsiders were held is legendary\""",http://example.org/conceptual_spaces.owl#circumplex,circumplex,http://example.org/conceptual_spaces.owl#circumplex_valence,valence,degree of pleasantness or unpleasantness of an emotion,"[-1, 1]"
http://example.org/emotions.owl#Contempt,contempt,"lack of respect accompanied by a feeling of intense dislike; \""he was held in contempt\""; \""the despite in which outsiders were held is legendary\""",http://example.org/conceptual_spaces.owl#Fontaine,fontaine,http://example.org/conceptual_spaces.owl#Fontaine_activity,activity,amount of physiological change in the person's body,"[0, 1]"
http://example.org/emotions.owl#Contempt,contempt,"lack of respect accompanied by a feeling of intense dislike; \""he was held in contempt\""; \""the despite in which outsiders were held is legendary\""",http://example.org/conceptual_spaces.owl#Fontaine,fontaine,http://example.org/conceptual_spaces.owl#Fontaine_evaluation,evaluation,degree of pleasantness or unpleasantness of an emotion,"[-1, 1]"
http://example.org/emotions.owl#Contempt,contempt,"lack of respect accompanied by a feeling of intense dislike; \""he was held in contempt\""; \""the despite in which outsiders were held is legendary\""",http://example.org/conceptual_spaces.owl#Fontaine,fontaine,http://example.org/conceptual_spaces.owl#Fontaine_potency,potency,"the perceived strength, dominance, or control inherent in an emotion.","[0, 1]"
http://example.org/emotions.owl#Contempt,contempt,"lack of respect accompanied by a feeling of intense dislike; \""he was held in contempt\""; \""the despite in which outsiders were held is legendary\""",http://example.org/conceptual_spaces.owl#Fontaine,fontaine,http://example.org/conceptual_spaces.owl#Fontaine_unpredictability,unpredictability,a person's reaction to a stimulus based on their familiarity with the situation,"[0, 1]"
http://example.org/emotions.owl#Contempt,contempt,"lack of respect accompanied by a feeling of intense dislike; \""he was held in contempt\""; \""the despite in which outsiders were held is legendary\""",http://example.org/conceptual_spaces.owl#Osgood,osgood,http://example.org/conceptual_spaces.owl#Osgood_activity,activity,amount of physiological change in the person's body,"[0, 1]"
http://example.org/emotions.owl#Contempt,contempt,"lack of respect accompanied by a feeling of intense dislike; \""he was held in contempt\""; \""the despite in which outsiders were held is legendary\""",http://example.org/conceptual_spaces.owl#Osgood,osgood,http://example.org/conceptual_spaces.owl#Osgood_evaluation,evaluation,degree of pleasantness or unpleasantness of an emotion,"[-1, 1]"
http://example.org/emotions.owl#Contempt,contempt,"lack of respect accompanied by a feeling of intense dislike; \""he was held in contempt\""; \""the despite in which outsiders were held is legendary\""",http://example.org/conceptual_spaces.owl#Osgood,osgood,http://example.org/conceptual_spaces.owl#Osgood_potency,potency,"the perceived strength, dominance, or control inherent in an emotion.","[0, 1]"
http://example.org/emotions.owl#Contempt,contempt,"lack of respect accompanied by a feeling of intense dislike; \""he was held in contempt\""; \""the despite in which outsiders were held is legendary\""",http://example.org/conceptual_spaces.owl#PAD,pad,http://example.org/conceptual_spaces.owl#PAD_arousal,arousal,amount of physiological change in the person's body,"[0, 1]"
http://example.org/emotions.owl#Contempt,contempt,"lack of respect accompanied by a feeling of intense dislike; \""he was held in contempt\""; \""the despite in which outsiders were held is legendary\""",http://example.org/conceptual_spaces.owl#PAD,pad,http://example.org/conceptual_spaces.owl#PAD_dominance,dominance,the feeling of being in control of the situation vs being controlled,"[-1, 1]"
http://example.org/emotions.owl#Contempt,contempt,"lack of respect accompanied by a feeling of intense dislike; \""he was held in contempt\""; \""the despite in which outsiders were held is legendary\""",http://example.org/conceptual_spaces.owl#PAD,pad,http://example.org/conceptual_spaces.owl#PAD_pleasure,pleasure,degree of pleasantness or unpleasantness of an emotion,"[-1, 1]"
http://example.org/emotions.owl#Disappointment,disappointment,"a feeling of dissatisfaction that results when your expectations are not realized; \""his hopes were so high he was doomed to disappointment\""",http://example.org/conceptual_spaces.owl#circumplex,circumplex,http://example.org/conceptual_spaces.owl#circumplex_arousal,arousal,amount of physiological change in the person's body,"[0, 1]"
http://example.org/emotions.owl#Disappointment,disappointment,"a feeling of dissatisfaction that results when your expectations are not realized; \""his hopes were so high he was doomed to disappointment\""",http://example.org/conceptual_spaces.owl#circumplex,circumplex,http://example.org/conceptual_spaces.owl#circumplex_valence,valence,degree of pleasantness or unpleasantness of an emotion,"[-1, 1]"
http://example.org/emotions.owl#Disappointment,disappointment,"a feeling of dissatisfaction that results when your expectations are not realized; \""his hopes were so high he was doomed to disappointment\""",http://example.org/conceptual_spaces.owl#Fontaine,fontaine,http://example.org/conceptual_spaces.owl#Fontaine_activity,activity,amount of physiological change in the person's body,"[0, 1]"
http://example.org/emotions.owl#Disappointment,disappointment,"a feeling of dissatisfaction that results when your expectations are not realized; \""his hopes were so high he was doomed to disappointment\""",http://example.org/conceptual_spaces.owl#Fontaine,fontaine,http://example.org/conceptual_spaces.owl#Fontaine_evaluation,evaluation,degree of pleasantness or unpleasantness of an emotion,"[-1, 1]"
http://example.org/emotions.owl#Disappointment,disappointment,"a feeling of dissatisfaction that results when your expectations are not realized; \""his hopes were so high he was doomed to disappointment\""",http://example.org/conceptual_spaces.owl#Fontaine,fontaine,http://example.org/conceptual_spaces.owl#Fontaine_potency,potency,"the perceived strength, dominance, or control inherent in an emotion.","[0, 1]"
http://example.org/emotions.owl#Disappointment,disappointment,"a feeling of dissatisfaction that results when your expectations are not realized; \""his hopes were so high he was doomed to disappointment\""",http://example.org/conceptual_spaces.owl#Fontaine,fontaine,http://example.org/conceptual_spaces.owl#Fontaine_unpredictability,unpredictability,a person's reaction to a stimulus based on their familiarity with the situation,"[0, 1]"
http://example.org/emotions.owl#Disappointment,disappointment,"a feeling of dissatisfaction that results when your expectations are not realized; \""his hopes were so high he was doomed to disappointment\""",http://example.org/conceptual_spaces.owl#Osgood,osgood,http://example.org/conceptual_spaces.owl#Osgood_activity,activity,amount of physiological change in the person's body,"[0, 1]"
http://example.org/emotions.owl#Disappointment,disappointment,"a feeling of dissatisfaction that results when your expectations are not realized; \""his hopes were so high he was doomed to disappointment\""",http://example.org/conceptual_spaces.owl#Osgood,osgood,http://example.org/conceptual_spaces.owl#Osgood_evaluation,evaluation,degree of pleasantness or unpleasantness of an emotion,"[-1, 1]"
http://example.org/emotions.owl#Disappointment,disappointment,"a feeling of dissatisfaction that results when your expectations are not realized; \""his hopes were so high he was doomed to disappointment\""",http://example.org/conceptual_spaces.owl#Osgood,osgood,http://example.org/conceptual_spaces.owl#Osgood_potency,potency,"the perceived strength, dominance, or control inherent in an emotion.","[0, 1]"
http://example.org/emotions.owl#Disappointment,disappointment,"a feeling of dissatisfaction that results when your expectations are not realized; \""his hopes were so high he was doomed to disappointment\""",http://example.org/conceptual_spaces.owl#PAD,pad,http://example.org/conceptual_spaces.owl#PAD_arousal,arousal,amount of physiological change in the person's body,"[0, 1]"
http://example.org/emotions.owl#Disappointment,disappointment,"a feeling of dissatisfaction that results when your expectations are not realized; \""his hopes were so high he was doomed to disappointment\""",http://example.org/conceptual_spaces.owl#PAD,pad,http://example.org/conceptual_spaces.owl#PAD_dominance,dominance,the feeling of being in control of the situation vs being controlled,"[-1, 1]"
http://example.org/emotions.owl#Disappointment,disappointment,"a feeling of dissatisfaction that results when your expectations are not realized; \""his hopes were so high he was doomed to disappointment\""",http://example.org/conceptual_spaces.owl#PAD,pad,http://example.org/conceptual_spaces.owl#PAD_pleasure,pleasure,degree of pleasantness or unpleasantness of an emotion,"[-1, 1]"
http://example.org/emotions.owl#Disgust,disgust,strong feelings of dislike,http://example.org/conceptual_spaces.owl#circumplex,circumplex,http://example.org/conceptual_spaces.owl#circumplex_arousal,arousal,amount of physiological change in the person's body,"[0, 1]"
http://example.org/emotions.owl#Disgust,disgust,strong feelings of dislike,http://example.org/conceptual_spaces.owl#circumplex,circumplex,http://example.org/conceptual_spaces.owl#circumplex_valence,valence,degree of pleasantness or unpleasantness of an emotion,"[-1, 1]"
http://example.org/emotions.owl#Disgust,disgust,strong feelings of dislike,http://example.org/conceptual_spaces.owl#Fontaine,fontaine,http://example.org/conceptual_spaces.owl#Fontaine_activity,activity,amount of physiological change in the person's body,"[0, 1]"
http://example.org/emotions.owl#Disgust,disgust,strong feelings of dislike,http://example.org/conceptual_spaces.owl#Fontaine,fontaine,http://example.org/conceptual_spaces.owl#Fontaine_evaluation,evaluation,degree of pleasantness or unpleasantness of an emotion,"[-1, 1]"
http://example.org/emotions.owl#Disgust,disgust,strong feelings of dislike,http://example.org/conceptual_spaces.owl#Fontaine,fontaine,http://example.org/conceptual_spaces.owl#Fontaine_potency,potency,"the perceived strength, dominance, or control inherent in an emotion.","[0, 1]"
http://example.org/emotions.owl#Disgust,disgust,strong feelings of dislike,http://example.org/conceptual_spaces.owl#Fontaine,fontaine,http://example.org/conceptual_spaces.owl#Fontaine_unpredictability,unpredictability,a person's reaction to a stimulus based on their familiarity with the situation,"[0, 1]"
http://example.org/emotions.owl#Disgust,disgust,strong feelings of dislike,http://example.org/conceptual_spaces.owl#Osgood,osgood,http://example.org/conceptual_spaces.owl#Osgood_activity,activity,amount of physiological change in the person's body,"[0, 1]"
http://example.org/emotions.owl#Disgust,disgust,strong feelings of dislike,http://example.org/conceptual_spaces.owl#Osgood,osgood,http://example.org/conceptual_spaces.owl#Osgood_evaluation,evaluation,degree of pleasantness or unpleasantness of an emotion,"[-1, 1]"
http://example.org/emotions.owl#Disgust,disgust,strong feelings of dislike,http://example.org/conceptual_spaces.owl#Osgood,osgood,http://example.org/conceptual_spaces.owl#Osgood_potency,potency,"the perceived strength, dominance, or control inherent in an emotion.","[0, 1]"
http://example.org/emotions.owl#Disgust,disgust,strong feelings of dislike,http://example.org/conceptual_spaces.owl#PAD,pad,http://example.org/conceptual_spaces.owl#PAD_arousal,arousal,amount of physiological change in the person's body,"[0, 1]"
http://example.org/emotions.owl#Disgust,disgust,strong feelings of dislike,http://example.org/conceptual_spaces.owl#PAD,pad,http://example.org/conceptual_spaces.owl#PAD_dominance,dominance,the feeling of being in control of the situation vs being controlled,"[-1, 1]"
http://example.org/emotions.owl#Disgust,disgust,strong feelings of dislike,http://example.org/conceptual_spaces.owl#PAD,pad,http://example.org/conceptual_spaces.owl#PAD_pleasure,pleasure,degree of pleasantness or unpleasantness of an emotion,"[-1, 1]"
http://example.org/emotions.owl#Distraction,distraction,"mental turmoil; \""he drives me to distraction\""",http://example.org/conceptual_spaces.owl#circumplex,circumplex,http://example.org/conceptual_spaces.owl#circumplex_arousal,arousal,amount of physiological change in the person's body,"[0, 1]"
http://example.org/emotions.owl#Distraction,distraction,"mental turmoil; \""he drives me to distraction\""",http://example.org/conceptual_spaces.owl#circumplex,circumplex,http://example.org/conceptual_spaces.owl#circumplex_valence,valence,degree of pleasantness or unpleasantness of an emotion,"[-1, 1]"
http://example.org/emotions.owl#Distraction,distraction,"mental turmoil; \""he drives me to distraction\""",http://example.org/conceptual_spaces.owl#Fontaine,fontaine,http://example.org/conceptual_spaces.owl#Fontaine_activity,activity,amount of physiological change in the person's body,"[0, 1]"
http://example.org/emotions.owl#Distraction,distraction,"mental turmoil; \""he drives me to distraction\""",http://example.org/conceptual_spaces.owl#Fontaine,fontaine,http://example.org/conceptual_spaces.owl#Fontaine_evaluation,evaluation,degree of pleasantness or unpleasantness of an emotion,"[-1, 1]"
http://example.org/emotions.owl#Distraction,distraction,"mental turmoil; \""he drives me to distraction\""",http://example.org/conceptual_spaces.owl#Fontaine,fontaine,http://example.org/conceptual_spaces.owl#Fontaine_potency,potency,"the perceived strength, dominance, or control inherent in an emotion.","[0, 1]"
http://example.org/emotions.owl#Distraction,distraction,"mental turmoil; \""he drives me to distraction\""",http://example.org/conceptual_spaces.owl#Fontaine,fontaine,http://example.org/conceptual_spaces.owl#Fontaine_unpredictability,unpredictability,a person's reaction to a stimulus based on their familiarity with the situation,"[0, 1]"
http://example.org/emotions.owl#Distraction,distraction,"mental turmoil; \""he drives me to distraction\""",http://example.org/conceptual_spaces.owl#Osgood,osgood,http://example.org/conceptual_spaces.owl#Osgood_activity,activity,amount of physiological change in the person's body,"[0, 1]"
http://example.org/emotions.owl#Distraction,distraction,"mental turmoil; \""he drives me to distraction\""",http://example.org/conceptual_spaces.owl#Osgood,osgood,http://example.org/conceptual_spaces.owl#Osgood_evaluation,evaluation,degree of pleasantness or unpleasantness of an emotion,"[-1, 1]"
http://example.org/emotions.owl#Distraction,distraction,"mental turmoil; \""he drives me to distraction\""",http://example.org/conceptual_spaces.owl#Osgood,osgood,http://example.org/conceptual_spaces.owl#Osgood_potency,potency,"the perceived strength, dominance, or control inherent in an emotion.","[0, 1]"
http://example.org/emotions.owl#Distraction,distraction,"mental turmoil; \""he drives me to distraction\""",http://example.org/conceptual_spaces.owl#PAD,pad,http://example.org/conceptual_spaces.owl#PAD_arousal,arousal,amount of physiological change in the person's body,"[0, 1]"
http://example.org/emotions.owl#Distraction,distraction,"mental turmoil; \""he drives me to distraction\""",http://example.org/conceptual_spaces.owl#PAD,pad,http://example.org/conceptual_spaces.owl#PAD_dominance,dominance,the feeling of being in control of the situation vs being controlled,"[-1, 1]"
http://example.org/emotions.owl#Distraction,distraction,"mental turmoil; \""he drives me to distraction\""",http://example.org/conceptual_spaces.owl#PAD,pad,http://example.org/conceptual_spaces.owl#PAD_pleasure,pleasure,degree of pleasantness or unpleasantness of an emotion,"[-1, 1]"
http://example.org/emotions.owl#Ecstasy,ecstasy,"a state of being carried away by overwhelming emotion; \""listening to sweet music in a perfect rapture\""- Charles Dickens""",http://example.org/conceptual_spaces.owl#circumplex,circumplex,http://example.org/conceptual_spaces.owl#circumplex_arousal,arousal,amount of physiological change in the person's body,"[0, 1]"
http://example.org/emotions.owl#Ecstasy,ecstasy,"a state of being carried away by overwhelming emotion; \""listening to sweet music in a perfect rapture\""- Charles Dickens""",http://example.org/conceptual_spaces.owl#circumplex,circumplex,http://example.org/conceptual_spaces.owl#circumplex_valence,valence,degree of pleasantness or unpleasantness of an emotion,"[-1, 1]"
http://example.org/emotions.owl#Ecstasy,ecstasy,"a state of being carried away by overwhelming emotion; \""listening to sweet music in a perfect rapture\""- Charles Dickens""",http://example.org/conceptual_spaces.owl#Fontaine,fontaine,http://example.org/conceptual_spaces.owl#Fontaine_activity,activity,amount of physiological change in the person's body,"[0, 1]"
http://example.org/emotions.owl#Ecstasy,ecstasy,"a state of being carried away by overwhelming emotion; \""listening to sweet music in a perfect rapture\""- Charles Dickens""",http://example.org/conceptual_spaces.owl#Fontaine,fontaine,http://example.org/conceptual_spaces.owl#Fontaine_evaluation,evaluation,degree of pleasantness or unpleasantness of an emotion,"[-1, 1]"
http://example.org/emotions.owl#Ecstasy,ecstasy,"a state of being carried away by overwhelming emotion; \""listening to sweet music in a perfect rapture\""- Charles Dickens""",http://example.org/conceptual_spaces.owl#Fontaine,fontaine,http://example.org/conceptual_spaces.owl#Fontaine_potency,potency,"the perceived strength, dominance, or control inherent in an emotion.","[0, 1]"
http://example.org/emotions.owl#Ecstasy,ecstasy,"a state of being carried away by overwhelming emotion; \""listening to sweet music in a perfect rapture\""- Charles Dickens""",http://example.org/conceptual_spaces.owl#Fontaine,fontaine,http://example.org/conceptual_spaces.owl#Fontaine_unpredictability,unpredictability,a person's reaction to a stimulus based on their familiarity with the situation,"[0, 1]"
http://example.org/emotions.owl#Ecstasy,ecstasy,"a state of being carried away by overwhelming emotion; \""listening to sweet music in a perfect rapture\""- Charles Dickens""",http://example.org/conceptual_spaces.owl#Osgood,osgood,http://example.org/conceptual_spaces.owl#Osgood_activity,activity,amount of physiological change in the person's body,"[0, 1]"
http://example.org/emotions.owl#Ecstasy,ecstasy,"a state of being carried away by overwhelming emotion; \""listening to sweet music in a perfect rapture\""- Charles Dickens""",http://example.org/conceptual_spaces.owl#Osgood,osgood,http://example.org/conceptual_spaces.owl#Osgood_evaluation,evaluation,degree of pleasantness or unpleasantness of an emotion,"[-1, 1]"
http://example.org/emotions.owl#Ecstasy,ecstasy,"a state of being carried away by overwhelming emotion; \""listening to sweet music in a perfect rapture\""- Charles Dickens""",http://example.org/conceptual_spaces.owl#Osgood,osgood,http://example.org/conceptual_spaces.owl#Osgood_potency,potency,"the perceived strength, dominance, or control inherent in an emotion.","[0, 1]"
http://example.org/emotions.owl#Ecstasy,ecstasy,"a state of being carried away by overwhelming emotion; \""listening to sweet music in a perfect rapture\""- Charles Dickens""",http://example.org/conceptual_spaces.owl#PAD,pad,http://example.org/conceptual_spaces.owl#PAD_arousal,arousal,amount of physiological change in the person's body,"[0, 1]"
http://example.org/emotions.owl#Ecstasy,ecstasy,"a state of being carried away by overwhelming emotion; \""listening to sweet music in a perfect rapture\""- Charles Dickens""",http://example.org/conceptual_spaces.owl#PAD,pad,http://example.org/conceptual_spaces.owl#PAD_dominance,dominance,the feeling of being in control of the situation vs being controlled,"[-1, 1]"
http://example.org/emotions.owl#Ecstasy,ecstasy,"a state of being carried away by overwhelming emotion; \""listening to sweet music in a perfect rapture\""- Charles Dickens""",http://example.org/conceptual_spaces.owl#PAD,pad,http://example.org/conceptual_spaces.owl#PAD_pleasure,pleasure,degree of pleasantness or unpleasantness of an emotion,"[-1, 1]"
http://example.org/emotions.owl#Fear,fear,an emotion experienced in anticipation of some specific pain or danger (usually accompanied by a desire to flee or fight),http://example.org/conceptual_spaces.owl#circumplex,circumplex,http://example.org/conceptual_spaces.owl#circumplex_arousal,arousal,amount of physiological change in the person's body,"[0, 1]"
http://example.org/emotions.owl#Fear,fear,an emotion experienced in anticipation of some specific pain or danger (usually accompanied by a desire to flee or fight),http://example.org/conceptual_spaces.owl#circumplex,circumplex,http://example.org/conceptual_spaces.owl#circumplex_valence,valence,degree of pleasantness or unpleasantness of an emotion,"[-1, 1]"
http://example.org/emotions.owl#Fear,fear,an emotion experienced in anticipation of some specific pain or danger (usually accompanied by a desire to flee or fight),http://example.org/conceptual_spaces.owl#Fontaine,fontaine,http://example.org/conceptual_spaces.owl#Fontaine_activity,activity,amount of physiological change in the person's body,"[0, 1]"
http://example.org/emotions.owl#Fear,fear,an emotion experienced in anticipation of some specific pain or danger (usually accompanied by a desire to flee or fight),http://example.org/conceptual_spaces.owl#Fontaine,fontaine,http://example.org/conceptual_spaces.owl#Fontaine_evaluation,evaluation,degree of pleasantness or unpleasantness of an emotion,"[-1, 1]"
http://example.org/emotions.owl#Fear,fear,an emotion experienced in anticipation of some specific pain or danger (usually accompanied by a desire to flee or fight),http://example.org/conceptual_spaces.owl#Fontaine,fontaine,http://example.org/conceptual_spaces.owl#Fontaine_potency,potency,"the perceived strength, dominance, or control inherent in an emotion.","[0, 1]"
http://example.org/emotions.owl#Fear,fear,an emotion experienced in anticipation of some specific pain or danger (usually accompanied by a desire to flee or fight),http://example.org/conceptual_spaces.owl#Fontaine,fontaine,http://example.org/conceptual_spaces.owl#Fontaine_unpredictability,unpredictability,a person's reaction to a stimulus based on their familiarity with the situation,"[0, 1]"
http://example.org/emotions.owl#Fear,fear,an emotion experienced in anticipation of some specific pain or danger (usually accompanied by a desire to flee or fight),http://example.org/conceptual_spaces.owl#Osgood,osgood,http://example.org/conceptual_spaces.owl#Osgood_activity,activity,amount of physiological change in the person's body,"[0, 1]"
http://example.org/emotions.owl#Fear,fear,an emotion experienced in anticipation of some specific pain or danger (usually accompanied by a desire to flee or fight),http://example.org/conceptual_spaces.owl#Osgood,osgood,http://example.org/conceptual_spaces.owl#Osgood_evaluation,evaluation,degree of pleasantness or unpleasantness of an emotion,"[-1, 1]"
http://example.org/emotions.owl#Fear,fear,an emotion experienced in anticipation of some specific pain or danger (usually accompanied by a desire to flee or fight),http://example.org/conceptual_spaces.owl#Osgood,osgood,http://example.org/conceptual_spaces.owl#Osgood_potency,potency,"the perceived strength, dominance, or control inherent in an emotion.","[0, 1]"
http://example.org/emotions.owl#Fear,fear,an emotion experienced in anticipation of some specific pain or danger (usually accompanied by a desire to flee or fight),http://example.org/conceptual_spaces.owl#PAD,pad,http://example.org/conceptual_spaces.owl#PAD_arousal,arousal,amount of physiological change in the person's body,"[0, 1]"
http://example.org/emotions.owl#Fear,fear,an emotion experienced in anticipation of some specific pain or danger (usually accompanied by a desire to flee or fight),http://example.org/conceptual_spaces.owl#PAD,pad,http://example.org/conceptual_spaces.owl#PAD_dominance,dominance,the feeling of being in control of the situation vs being controlled,"[-1, 1]"
http://example.org/emotions.owl#Fear,fear,an emotion experienced in anticipation of some specific pain or danger (usually accompanied by a desire to flee or fight),http://example.org/conceptual_spaces.owl#PAD,pad,http://example.org/conceptual_spaces.owl#PAD_pleasure,pleasure,degree of pleasantness or unpleasantness of an emotion,"[-1, 1]"
http://example.org/emotions.owl#Grief,grief,intense sorrow caused by loss of a loved one (especially by death),http://example.org/conceptual_spaces.owl#circumplex,circumplex,http://example.org/conceptual_spaces.owl#circumplex_arousal,arousal,amount of physiological change in the person's body,"[0, 1]"
http://example.org/emotions.owl#Grief,grief,intense sorrow caused by loss of a loved one (especially by death),http://example.org/conceptual_spaces.owl#circumplex,circumplex,http://example.org/conceptual_spaces.owl#circumplex_valence,valence,degree of pleasantness or unpleasantness of an emotion,"[-1, 1]"
http://example.org/emotions.owl#Grief,grief,intense sorrow caused by loss of a loved one (especially by death),http://example.org/conceptual_spaces.owl#Fontaine,fontaine,http://example.org/conceptual_spaces.owl#Fontaine_activity,activity,amount of physiological change in the person's body,"[0, 1]"
http://example.org/emotions.owl#Grief,grief,intense sorrow caused by loss of a loved one (especially by death),http://example.org/conceptual_spaces.owl#Fontaine,fontaine,http://example.org/conceptual_spaces.owl#Fontaine_evaluation,evaluation,degree of pleasantness or unpleasantness of an emotion,"[-1, 1]"
http://example.org/emotions.owl#Grief,grief,intense sorrow caused by loss of a loved one (especially by death),http://example.org/conceptual_spaces.owl#Fontaine,fontaine,http://example.org/conceptual_spaces.owl#Fontaine_potency,potency,"the perceived strength, dominance, or control inherent in an emotion.","[0, 1]"
http://example.org/emotions.owl#Grief,grief,intense sorrow caused by loss of a loved one (especially by death),http://example.org/conceptual_spaces.owl#Fontaine,fontaine,http://example.org/conceptual_spaces.owl#Fontaine_unpredictability,unpredictability,a person's reaction to a stimulus based on their familiarity with the situation,"[0, 1]"
http://example.org/emotions.owl#Grief,grief,intense sorrow caused by loss of a loved one (especially by death),http://example.org/conceptual_spaces.owl#Osgood,osgood,http://example.org/conceptual_spaces.owl#Osgood_activity,activity,amount of physiological change in the person's body,"[0, 1]"
http://example.org/emotions.owl#Grief,grief,intense sorrow caused by loss of a loved one (especially by death),http://example.org/conceptual_spaces.owl#Osgood,osgood,http://example.org/conceptual_spaces.owl#Osgood_evaluation,evaluation,degree of pleasantness or unpleasantness of an emotion,"[-1, 1]"
http://example.org/emotions.owl#Grief,grief,intense sorrow caused by loss of a loved one (especially by death),http://example.org/conceptual_spaces.owl#Osgood,osgood,http://example.org/conceptual_spaces.owl#Osgood_potency,potency,"the perceived strength, dominance, or control inherent in an emotion.","[0, 1]"
http://example.org/emotions.owl#Grief,grief,intense sorrow caused by loss of a loved one (especially by death),http://example.org/conceptual_spaces.owl#PAD,pad,http://example.org/conceptual_spaces.owl#PAD_arousal,arousal,amount of physiological change in the person's body,"[0, 1]"
http://example.org/emotions.owl#Grief,grief,intense sorrow caused by loss of a loved one (especially by death),http://example.org/conceptual_spaces.owl#PAD,pad,http://example.org/conceptual_spaces.owl#PAD_dominance,dominance,the feeling of being in control of the situation vs being controlled,"[-1, 1]"
http://example.org/emotions.owl#Grief,grief,intense sorrow caused by loss of a loved one (especially by death),http://example.org/conceptual_spaces.owl#PAD,pad,http://example.org/conceptual_spaces.owl#PAD_pleasure,pleasure,degree of pleasantness or unpleasantness of an emotion,"[-1, 1]"
http://example.org/emotions.owl#Interest,interest,"be of importance or consequence; \""This matters to me!\""\n",http://example.org/conceptual_spaces.owl#circumplex,circumplex,http://example.org/conceptual_spaces.owl#circumplex_arousal,arousal,amount of physiological change in the person's body,"[0, 1]"
http://example.org/emotions.owl#Interest,interest,"be of importance or consequence; \""This matters to me!\""\n",http://example.org/conceptual_spaces.owl#circumplex,circumplex,http://example.org/conceptual_spaces.owl#circumplex_valence,valence,degree of pleasantness or unpleasantness of an emotion,"[-1, 1]"
http://example.org/emotions.owl#Interest,interest,"be of importance or consequence; \""This matters to me!\""\n",http://example.org/conceptual_spaces.owl#Fontaine,fontaine,http://example.org/conceptual_spaces.owl#Fontaine_activity,activity,amount of physiological change in the person's body,"[0, 1]"
http://example.org/emotions.owl#Interest,interest,"be of importance or consequence; \""This matters to me!\""\n",http://example.org/conceptual_spaces.owl#Fontaine,fontaine,http://example.org/conceptual_spaces.owl#Fontaine_evaluation,evaluation,degree of pleasantness or unpleasantness of an emotion,"[-1, 1]"
http://example.org/emotions.owl#Interest,interest,"be of importance or consequence; \""This matters to me!\""\n",http://example.org/conceptual_spaces.owl#Fontaine,fontaine,http://example.org/conceptual_spaces.owl#Fontaine_potency,potency,"the perceived strength, dominance, or control inherent in an emotion.","[0, 1]"
http://example.org/emotions.owl#Interest,interest,"be of importance or consequence; \""This matters to me!\""\n",http://example.org/conceptual_spaces.owl#Fontaine,fontaine,http://example.org/conceptual_spaces.owl#Fontaine_unpredictability,unpredictability,a person's reaction to a stimulus based on their familiarity with the situation,"[0, 1]"
http://example.org/emotions.owl#Interest,interest,"be of importance or consequence; \""This matters to me!\""\n",http://example.org/conceptual_spaces.owl#Osgood,osgood,http://example.org/conceptual_spaces.owl#Osgood_activity,activity,amount of physiological change in the person's body,"[0, 1]"
http://example.org/emotions.owl#Interest,interest,"be of importance or consequence; \""This matters to me!\""\n",http://example.org/conceptual_spaces.owl#Osgood,osgood,http://example.org/conceptual_spaces.owl#Osgood_evaluation,evaluation,degree of pleasantness or unpleasantness of an emotion,"[-1, 1]"
http://example.org/emotions.owl#Interest,interest,"be of importance or consequence; \""This matters to me!\""\n",http://example.org/conceptual_spaces.owl#Osgood,osgood,http://example.org/conceptual_spaces.owl#Osgood_potency,potency,"the perceived strength, dominance, or control inherent in an emotion.","[0, 1]"
http://example.org/emotions.owl#Interest,interest,"be of importance or consequence; \""This matters to me!\""\n",http://example.org/conceptual_spaces.owl#PAD,pad,http://example.org/conceptual_spaces.owl#PAD_arousal,arousal,amount of physiological change in the person's body,"[0, 1]"
http://example.org/emotions.owl#Interest,interest,"be of importance or consequence; \""This matters to me!\""\n",http://example.org/conceptual_spaces.owl#PAD,pad,http://example.org/conceptual_spaces.owl#PAD_dominance,dominance,the feeling of being in control of the situation vs being controlled,"[-1, 1]"
http://example.org/emotions.owl#Interest,interest,"be of importance or consequence; \""This matters to me!\""\n",http://example.org/conceptual_spaces.owl#PAD,pad,http://example.org/conceptual_spaces.owl#PAD_pleasure,pleasure,degree of pleasantness or unpleasantness of an emotion,"[-1, 1]"
http://example.org/emotions.owl#Joy,joy,feel happiness or joy,http://example.org/conceptual_spaces.owl#circumplex,circumplex,http://example.org/conceptual_spaces.owl#circumplex_arousal,arousal,amount of physiological change in the person's body,"[0, 1]"
http://example.org/emotions.owl#Joy,joy,feel happiness or joy,http://example.org/conceptual_spaces.owl#circumplex,circumplex,http://example.org/conceptual_spaces.owl#circumplex_valence,valence,degree of pleasantness or unpleasantness of an emotion,"[-1, 1]"
http://example.org/emotions.owl#Joy,joy,feel happiness or joy,http://example.org/conceptual_spaces.owl#Fontaine,fontaine,http://example.org/conceptual_spaces.owl#Fontaine_activity,activity,amount of physiological change in the person's body,"[0, 1]"
http://example.org/emotions.owl#Joy,joy,feel happiness or joy,http://example.org/conceptual_spaces.owl#Fontaine,fontaine,http://example.org/conceptual_spaces.owl#Fontaine_evaluation,evaluation,degree of pleasantness or unpleasantness of an emotion,"[-1, 1]"
http://example.org/emotions.owl#Joy,joy,feel happiness or joy,http://example.org/conceptual_spaces.owl#Fontaine,fontaine,http://example.org/conceptual_spaces.owl#Fontaine_potency,potency,"the perceived strength, dominance, or control inherent in an emotion.","[0, 1]"
http://example.org/emotions.owl#Joy,joy,feel happiness or joy,http://example.org/conceptual_spaces.owl#Fontaine,fontaine,http://example.org/conceptual_spaces.owl#Fontaine_unpredictability,unpredictability,a person's reaction to a stimulus based on their familiarity with the situation,"[0, 1]"
http://example.org/emotions.owl#Joy,joy,feel happiness or joy,http://example.org/conceptual_spaces.owl#Osgood,osgood,http://example.org/conceptual_spaces.owl#Osgood_activity,activity,amount of physiological change in the person's body,"[0, 1]"
http://example.org/emotions.owl#Joy,joy,feel happiness or joy,http://example.org/conceptual_spaces.owl#Osgood,osgood,http://example.org/conceptual_spaces.owl#Osgood_evaluation,evaluation,degree of pleasantness or unpleasantness of an emotion,"[-1, 1]"
http://example.org/emotions.owl#Joy,joy,feel happiness or joy,http://example.org/conceptual_spaces.owl#Osgood,osgood,http://example.org/conceptual_spaces.owl#Osgood_potency,potency,"the perceived strength, dominance, or control inherent in an emotion.","[0, 1]"
http://example.org/emotions.owl#Joy,joy,feel happiness or joy,http://example.org/conceptual_spaces.owl#PAD,pad,http://example.org/conceptual_spaces.owl#PAD_arousal,arousal,amount of physiological change in the person's body,"[0, 1]"
http://example.org/emotions.owl#Joy,joy,feel happiness or joy,http://example.org/conceptual_spaces.owl#PAD,pad,http://example.org/conceptual_spaces.owl#PAD_dominance,dominance,the feeling of being in control of the situation vs being controlled,"[-1, 1]"
http://example.org/emotions.owl#Joy,joy,feel happiness or joy,http://example.org/conceptual_spaces.owl#PAD,pad,http://example.org/conceptual_spaces.owl#PAD_pleasure,pleasure,degree of pleasantness or unpleasantness of an emotion,"[-1, 1]"
http://example.org/emotions.owl#Loathing,loathing,hate coupled with disgust,http://example.org/conceptual_spaces.owl#circumplex,circumplex,http://example.org/conceptual_spaces.owl#circumplex_arousal,arousal,amount of physiological change in the person's body,"[0, 1]"
http://example.org/emotions.owl#Loathing,loathing,hate coupled with disgust,http://example.org/conceptual_spaces.owl#circumplex,circumplex,http://example.org/conceptual_spaces.owl#circumplex_valence,valence,degree of pleasantness or unpleasantness of an emotion,"[-1, 1]"
http://example.org/emotions.owl#Loathing,loathing,hate coupled with disgust,http://example.org/conceptual_spaces.owl#Fontaine,fontaine,http://example.org/conceptual_spaces.owl#Fontaine_activity,activity,amount of physiological change in the person's body,"[0, 1]"
http://example.org/emotions.owl#Loathing,loathing,hate coupled with disgust,http://example.org/conceptual_spaces.owl#Fontaine,fontaine,http://example.org/conceptual_spaces.owl#Fontaine_evaluation,evaluation,degree of pleasantness or unpleasantness of an emotion,"[-1, 1]"
http://example.org/emotions.owl#Loathing,loathing,hate coupled with disgust,http://example.org/conceptual_spaces.owl#Fontaine,fontaine,http://example.org/conceptual_spaces.owl#Fontaine_potency,potency,"the perceived strength, dominance, or control inherent in an emotion.","[0, 1]"
http://example.org/emotions.owl#Loathing,loathing,hate coupled with disgust,http://example.org/conceptual_spaces.owl#Fontaine,fontaine,http://example.org/conceptual_spaces.owl#Fontaine_unpredictability,unpredictability,a person's reaction to a stimulus based on their familiarity with the situation,"[0, 1]"
http://example.org/emotions.owl#Loathing,loathing,hate coupled with disgust,http://example.org/conceptual_spaces.owl#Osgood,osgood,http://example.org/conceptual_spaces.owl#Osgood_activity,activity,amount of physiological change in the person's body,"[0, 1]"
http://example.org/emotions.owl#Loathing,loathing,hate coupled with disgust,http://example.org/conceptual_spaces.owl#Osgood,osgood,http://example.org/conceptual_spaces.owl#Osgood_evaluation,evaluation,degree of pleasantness or unpleasantness of an emotion,"[-1, 1]"
http://example.org/emotions.owl#Loathing,loathing,hate coupled with disgust,http://example.org/conceptual_spaces.owl#Osgood,osgood,http://example.org/conceptual_spaces.owl#Osgood_potency,potency,"the perceived strength, dominance, or control inherent in an emotion.","[0, 1]"
http://example.org/emotions.owl#Loathing,loathing,hate coupled with disgust,http://example.org/conceptual_spaces.owl#PAD,pad,http://example.org/conceptual_spaces.owl#PAD_arousal,arousal,amount of physiological change in the person's body,"[0, 1]"
http://example.org/emotions.owl#Loathing,loathing,hate coupled with disgust,http://example.org/conceptual_spaces.owl#PAD,pad,http://example.org/conceptual_spaces.owl#PAD_dominance,dominance,the feeling of being in control of the situation vs being controlled,"[-1, 1]"
http://example.org/emotions.owl#Loathing,loathing,hate coupled with disgust,http://example.org/conceptual_spaces.owl#PAD,pad,http://example.org/conceptual_spaces.owl#PAD_pleasure,pleasure,degree of pleasantness or unpleasantness of an emotion,"[-1, 1]"
http://example.org/emotions.owl#Love,love,"have a great affection or liking for; \""I love French food\""; \""She loves her boss and works hard for him\""",http://example.org/conceptual_spaces.owl#circumplex,circumplex,http://example.org/conceptual_spaces.owl#circumplex_arousal,arousal,amount of physiological change in the person's body,"[0, 1]"
http://example.org/emotions.owl#Love,love,"have a great affection or liking for; \""I love French food\""; \""She loves her boss and works hard for him\""",http://example.org/conceptual_spaces.owl#circumplex,circumplex,http://example.org/conceptual_spaces.owl#circumplex_valence,valence,degree of pleasantness or unpleasantness of an emotion,"[-1, 1]"
http://example.org/emotions.owl#Love,love,"have a great affection or liking for; \""I love French food\""; \""She loves her boss and works hard for him\""",http://example.org/conceptual_spaces.owl#Fontaine,fontaine,http://example.org/conceptual_spaces.owl#Fontaine_activity,activity,amount of physiological change in the person's body,"[0, 1]"
http://example.org/emotions.owl#Love,love,"have a great affection or liking for; \""I love French food\""; \""She loves her boss and works hard for him\""",http://example.org/conceptual_spaces.owl#Fontaine,fontaine,http://example.org/conceptual_spaces.owl#Fontaine_evaluation,evaluation,degree of pleasantness or unpleasantness of an emotion,"[-1, 1]"
http://example.org/emotions.owl#Love,love,"have a great affection or liking for; \""I love French food\""; \""She loves her boss and works hard for him\""",http://example.org/conceptual_spaces.owl#Fontaine,fontaine,http://example.org/conceptual_spaces.owl#Fontaine_potency,potency,"the perceived strength, dominance, or control inherent in an emotion.","[0, 1]"
http://example.org/emotions.owl#Love,love,"have a great affection or liking for; \""I love French food\""; \""She loves her boss and works hard for him\""",http://example.org/conceptual_spaces.owl#Fontaine,fontaine,http://example.org/conceptual_spaces.owl#Fontaine_unpredictability,unpredictability,a person's reaction to a stimulus based on their familiarity with the situation,"[0, 1]"
http://example.org/emotions.owl#Love,love,"have a great affection or liking for; \""I love French food\""; \""She loves her boss and works hard for him\""",http://example.org/conceptual_spaces.owl#Osgood,osgood,http://example.org/conceptual_spaces.owl#Osgood_activity,activity,amount of physiological change in the person's body,"[0, 1]"
http://example.org/emotions.owl#Love,love,"have a great affection or liking for; \""I love French food\""; \""She loves her boss and works hard for him\""",http://example.org/conceptual_spaces.owl#Osgood,osgood,http://example.org/conceptual_spaces.owl#Osgood_evaluation,evaluation,degree of pleasantness or unpleasantness of an emotion,"[-1, 1]"
http://example.org/emotions.owl#Love,love,"have a great affection or liking for; \""I love French food\""; \""She loves her boss and works hard for him\""",http://example.org/conceptual_spaces.owl#Osgood,osgood,http://example.org/conceptual_spaces.owl#Osgood_potency,potency,"the perceived strength, dominance, or control inherent in an emotion.","[0, 1]"
http://example.org/emotions.owl#Love,love,"have a great affection or liking for; \""I love French food\""; \""She loves her boss and works hard for him\""",http://example.org/conceptual_spaces.owl#PAD,pad,http://example.org/conceptual_spaces.owl#PAD_arousal,arousal,amount of physiological change in the person's body,"[0, 1]"
http://example.org/emotions.owl#Love,love,"have a great affection or liking for; \""I love French food\""; \""She loves her boss and works hard for him\""",http://example.org/conceptual_spaces.owl#PAD,pad,http://example.org/conceptual_spaces.owl#PAD_dominance,dominance,the feeling of being in control of the situation vs being controlled,"[-1, 1]"
http://example.org/emotions.owl#Love,love,"have a great affection or liking for; \""I love French food\""; \""She loves her boss and works hard for him\""",http://example.org/conceptual_spaces.owl#PAD,pad,http://example.org/conceptual_spaces.owl#PAD_pleasure,pleasure,degree of pleasantness or unpleasantness of an emotion,"[-1, 1]"
http://example.org/emotions.owl#Optimism,optimism,the optimistic feeling that all is going to turn out well\n,http://example.org/conceptual_spaces.owl#circumplex,circumplex,http://example.org/conceptual_spaces.owl#circumplex_arousal,arousal,amount of physiological change in the person's body,"[0, 1]"
http://example.org/emotions.owl#Optimism,optimism,the optimistic feeling that all is going to turn out well\n,http://example.org/conceptual_spaces.owl#circumplex,circumplex,http://example.org/conceptual_spaces.owl#circumplex_valence,valence,degree of pleasantness or unpleasantness of an emotion,"[-1, 1]"
http://example.org/emotions.owl#Optimism,optimism,the optimistic feeling that all is going to turn out well\n,http://example.org/conceptual_spaces.owl#Fontaine,fontaine,http://example.org/conceptual_spaces.owl#Fontaine_activity,activity,amount of physiological change in the person's body,"[0, 1]"
http://example.org/emotions.owl#Optimism,optimism,the optimistic feeling that all is going to turn out well\n,http://example.org/conceptual_spaces.owl#Fontaine,fontaine,http://example.org/conceptual_spaces.owl#Fontaine_evaluation,evaluation,degree of pleasantness or unpleasantness of an emotion,"[-1, 1]"
http://example.org/emotions.owl#Optimism,optimism,the optimistic feeling that all is going to turn out well\n,http://example.org/conceptual_spaces.owl#Fontaine,fontaine,http://example.org/conceptual_spaces.owl#Fontaine_potency,potency,"the perceived strength, dominance, or control inherent in an emotion.","[0, 1]"
http://example.org/emotions.owl#Optimism,optimism,the optimistic feeling that all is going to turn out well\n,http://example.org/conceptual_spaces.owl#Fontaine,fontaine,http://example.org/conceptual_spaces.owl#Fontaine_unpredictability,unpredictability,a person's reaction to a stimulus based on their familiarity with the situation,"[0, 1]"
http://example.org/emotions.owl#Optimism,optimism,the optimistic feeling that all is going to turn out well\n,http://example.org/conceptual_spaces.owl#Osgood,osgood,http://example.org/conceptual_spaces.owl#Osgood_activity,activity,amount of physiological change in the person's body,"[0, 1]"
http://example.org/emotions.owl#Optimism,optimism,the optimistic feeling that all is going to turn out well\n,http://example.org/conceptual_spaces.owl#Osgood,osgood,http://example.org/conceptual_spaces.owl#Osgood_evaluation,evaluation,degree of pleasantness or unpleasantness of an emotion,"[-1, 1]"
http://example.org/emotions.owl#Optimism,optimism,the optimistic feeling that all is going to turn out well\n,http://example.org/conceptual_spaces.owl#Osgood,osgood,http://example.org/conceptual_spaces.owl#Osgood_potency,potency,"the perceived strength, dominance, or control inherent in an emotion.","[0, 1]"
http://example.org/emotions.owl#Optimism,optimism,the optimistic feeling that all is going to turn out well\n,http://example.org/conceptual_spaces.owl#PAD,pad,http://example.org/conceptual_spaces.owl#PAD_arousal,arousal,amount of physiological change in the person's body,"[0, 1]"
http://example.org/emotions.owl#Optimism,optimism,the optimistic feeling that all is going to turn out well\n,http://example.org/conceptual_spaces.owl#PAD,pad,http://example.org/conceptual_spaces.owl#PAD_dominance,dominance,the feeling of being in control of the situation vs being controlled,"[-1, 1]"
http://example.org/emotions.owl#Optimism,optimism,the optimistic feeling that all is going to turn out well\n,http://example.org/conceptual_spaces.owl#PAD,pad,http://example.org/conceptual_spaces.owl#PAD_pleasure,pleasure,degree of pleasantness or unpleasantness of an emotion,"[-1, 1]"
http://example.org/emotions.owl#Pensiveness,pensiveness,deep serious thoughtfulness,http://example.org/conceptual_spaces.owl#circumplex,circumplex,http://example.org/conceptual_spaces.owl#circumplex_arousal,arousal,amount of physiological change in the person's body,"[0, 1]"
http://example.org/emotions.owl#Pensiveness,pensiveness,deep serious thoughtfulness,http://example.org/conceptual_spaces.owl#circumplex,circumplex,http://example.org/conceptual_spaces.owl#circumplex_valence,valence,degree of pleasantness or unpleasantness of an emotion,"[-1, 1]"
http://example.org/emotions.owl#Pensiveness,pensiveness,deep serious thoughtfulness,http://example.org/conceptual_spaces.owl#Fontaine,fontaine,http://example.org/conceptual_spaces.owl#Fontaine_activity,activity,amount of physiological change in the person's body,"[0, 1]"
http://example.org/emotions.owl#Pensiveness,pensiveness,deep serious thoughtfulness,http://example.org/conceptual_spaces.owl#Fontaine,fontaine,http://example.org/conceptual_spaces.owl#Fontaine_evaluation,evaluation,degree of pleasantness or unpleasantness of an emotion,"[-1, 1]"
http://example.org/emotions.owl#Pensiveness,pensiveness,deep serious thoughtfulness,http://example.org/conceptual_spaces.owl#Fontaine,fontaine,http://example.org/conceptual_spaces.owl#Fontaine_potency,potency,"the perceived strength, dominance, or control inherent in an emotion.","[0, 1]"
http://example.org/emotions.owl#Pensiveness,pensiveness,deep serious thoughtfulness,http://example.org/conceptual_spaces.owl#Fontaine,fontaine,http://example.org/conceptual_spaces.owl#Fontaine_unpredictability,unpredictability,a person's reaction to a stimulus based on their familiarity with the situation,"[0, 1]"
http://example.org/emotions.owl#Pensiveness,pensiveness,deep serious thoughtfulness,http://example.org/conceptual_spaces.owl#Osgood,osgood,http://example.org/conceptual_spaces.owl#Osgood_activity,activity,amount of physiological change in the person's body,"[0, 1]"
http://example.org/emotions.owl#Pensiveness,pensiveness,deep serious thoughtfulness,http://example.org/conceptual_spaces.owl#Osgood,osgood,http://example.org/conceptual_spaces.owl#Osgood_evaluation,evaluation,degree of pleasantness or unpleasantness of an emotion,"[-1, 1]"
http://example.org/emotions.owl#Pensiveness,pensiveness,deep serious thoughtfulness,http://example.org/conceptual_spaces.owl#Osgood,osgood,http://example.org/conceptual_spaces.owl#Osgood_potency,potency,"the perceived strength, dominance, or control inherent in an emotion.","[0, 1]"
http://example.org/emotions.owl#Pensiveness,pensiveness,deep serious thoughtfulness,http://example.org/conceptual_spaces.owl#PAD,pad,http://example.org/conceptual_spaces.owl#PAD_arousal,arousal,amount of physiological change in the person's body,"[0, 1]"
http://example.org/emotions.owl#Pensiveness,pensiveness,deep serious thoughtfulness,http://example.org/conceptual_spaces.owl#PAD,pad,http://example.org/conceptual_spaces.owl#PAD_dominance,dominance,the feeling of being in control of the situation vs being controlled,"[-1, 1]"
http://example.org/emotions.owl#Pensiveness,pensiveness,deep serious thoughtfulness,http://example.org/conceptual_spaces.owl#PAD,pad,http://example.org/conceptual_spaces.owl#PAD_pleasure,pleasure,degree of pleasantness or unpleasantness of an emotion,"[-1, 1]"
http://example.org/emotions.owl#Rage,rage,"a feeling of intense anger; \""hell hath no fury like a woman scorned\""; \""his face turned red with rage\""",http://example.org/conceptual_spaces.owl#circumplex,circumplex,http://example.org/conceptual_spaces.owl#circumplex_arousal,arousal,amount of physiological change in the person's body,"[0, 1]"
http://example.org/emotions.owl#Rage,rage,"a feeling of intense anger; \""hell hath no fury like a woman scorned\""; \""his face turned red with rage\""",http://example.org/conceptual_spaces.owl#circumplex,circumplex,http://example.org/conceptual_spaces.owl#circumplex_valence,valence,degree of pleasantness or unpleasantness of an emotion,"[-1, 1]"
http://example.org/emotions.owl#Rage,rage,"a feeling of intense anger; \""hell hath no fury like a woman scorned\""; \""his face turned red with rage\""",http://example.org/conceptual_spaces.owl#Fontaine,fontaine,http://example.org/conceptual_spaces.owl#Fontaine_activity,activity,amount of physiological change in the person's body,"[0, 1]"
http://example.org/emotions.owl#Rage,rage,"a feeling of intense anger; \""hell hath no fury like a woman scorned\""; \""his face turned red with rage\""",http://example.org/conceptual_spaces.owl#Fontaine,fontaine,http://example.org/conceptual_spaces.owl#Fontaine_evaluation,evaluation,degree of pleasantness or unpleasantness of an emotion,"[-1, 1]"
http://example.org/emotions.owl#Rage,rage,"a feeling of intense anger; \""hell hath no fury like a woman scorned\""; \""his face turned red with rage\""",http://example.org/conceptual_spaces.owl#Fontaine,fontaine,http://example.org/conceptual_spaces.owl#Fontaine_potency,potency,"the perceived strength, dominance, or control inherent in an emotion.","[0, 1]"
http://example.org/emotions.owl#Rage,rage,"a feeling of intense anger; \""hell hath no fury like a woman scorned\""; \""his face turned red with rage\""",http://example.org/conceptual_spaces.owl#Fontaine,fontaine,http://example.org/conceptual_spaces.owl#Fontaine_unpredictability,unpredictability,a person's reaction to a stimulus based on their familiarity with the situation,"[0, 1]"
http://example.org/emotions.owl#Rage,rage,"a feeling of intense anger; \""hell hath no fury like a woman scorned\""; \""his face turned red with rage\""",http://example.org/conceptual_spaces.owl#Osgood,osgood,http://example.org/conceptual_spaces.owl#Osgood_activity,activity,amount of physiological change in the person's body,"[0, 1]"
http://example.org/emotions.owl#Rage,rage,"a feeling of intense anger; \""hell hath no fury like a woman scorned\""; \""his face turned red with rage\""",http://example.org/conceptual_spaces.owl#Osgood,osgood,http://example.org/conceptual_spaces.owl#Osgood_evaluation,evaluation,degree of pleasantness or unpleasantness of an emotion,"[-1, 1]"
http://example.org/emotions.owl#Rage,rage,"a feeling of intense anger; \""hell hath no fury like a woman scorned\""; \""his face turned red with rage\""",http://example.org/conceptual_spaces.owl#Osgood,osgood,http://example.org/conceptual_spaces.owl#Osgood_potency,potency,"the perceived strength, dominance, or control inherent in an emotion.","[0, 1]"
http://example.org/emotions.owl#Rage,rage,"a feeling of intense anger; \""hell hath no fury like a woman scorned\""; \""his face turned red with rage\""",http://example.org/conceptual_spaces.owl#PAD,pad,http://example.org/conceptual_spaces.owl#PAD_arousal,arousal,amount of physiological change in the person's body,"[0, 1]"
http://example.org/emotions.owl#Rage,rage,"a feeling of intense anger; \""hell hath no fury like a woman scorned\""; \""his face turned red with rage\""",http://example.org/conceptual_spaces.owl#PAD,pad,http://example.org/conceptual_spaces.owl#PAD_dominance,dominance,the feeling of being in control of the situation vs being controlled,"[-1, 1]"
http://example.org/emotions.owl#Rage,rage,"a feeling of intense anger; \""hell hath no fury like a woman scorned\""; \""his face turned red with rage\""",http://example.org/conceptual_spaces.owl#PAD,pad,http://example.org/conceptual_spaces.owl#PAD_pleasure,pleasure,degree of pleasantness or unpleasantness of an emotion,"[-1, 1]"
http://example.org/emotions.owl#Remorse,remorse,a feeling of deep regret (usually for some misdeed),http://example.org/conceptual_spaces.owl#circumplex,circumplex,http://example.org/conceptual_spaces.owl#circumplex_arousal,arousal,amount of physiological change in the person's body,"[0, 1]"
http://example.org/emotions.owl#Remorse,remorse,a feeling of deep regret (usually for some misdeed),http://example.org/conceptual_spaces.owl#circumplex,circumplex,http://example.org/conceptual_spaces.owl#circumplex_valence,valence,degree of pleasantness or unpleasantness of an emotion,"[-1, 1]"
http://example.org/emotions.owl#Remorse,remorse,a feeling of deep regret (usually for some misdeed),http://example.org/conceptual_spaces.owl#Fontaine,fontaine,http://example.org/conceptual_spaces.owl#Fontaine_activity,activity,amount of physiological change in the person's body,"[0, 1]"
http://example.org/emotions.owl#Remorse,remorse,a feeling of deep regret (usually for some misdeed),http://example.org/conceptual_spaces.owl#Fontaine,fontaine,http://example.org/conceptual_spaces.owl#Fontaine_evaluation,evaluation,degree of pleasantness or unpleasantness of an emotion,"[-1, 1]"
http://example.org/emotions.owl#Remorse,remorse,a feeling of deep regret (usually for some misdeed),http://example.org/conceptual_spaces.owl#Fontaine,fontaine,http://example.org/conceptual_spaces.owl#Fontaine_potency,potency,"the perceived strength, dominance, or control inherent in an emotion.","[0, 1]"
http://example.org/emotions.owl#Remorse,remorse,a feeling of deep regret (usually for some misdeed),http://example.org/conceptual_spaces.owl#Fontaine,fontaine,http://example.org/conceptual_spaces.owl#Fontaine_unpredictability,unpredictability,a person's reaction to a stimulus based on their familiarity with the situation,"[0, 1]"
http://example.org/emotions.owl#Remorse,remorse,a feeling of deep regret (usually for some misdeed),http://example.org/conceptual_spaces.owl#Osgood,osgood,http://example.org/conceptual_spaces.owl#Osgood_activity,activity,amount of physiological change in the person's body,"[0, 1]"
http://example.org/emotions.owl#Remorse,remorse,a feeling of deep regret (usually for some misdeed),http://example.org/conceptual_spaces.owl#Osgood,osgood,http://example.org/conceptual_spaces.owl#Osgood_evaluation,evaluation,degree of pleasantness or unpleasantness of an emotion,"[-1, 1]"
http://example.org/emotions.owl#Remorse,remorse,a feeling of deep regret (usually for some misdeed),http://example.org/conceptual_spaces.owl#Osgood,osgood,http://example.org/conceptual_spaces.owl#Osgood_potency,potency,"the perceived strength, dominance, or control inherent in an emotion.","[0, 1]"
http://example.org/emotions.owl#Remorse,remorse,a feeling of deep regret (usually for some misdeed),http://example.org/conceptual_spaces.owl#PAD,pad,http://example.org/conceptual_spaces.owl#PAD_arousal,arousal,amount of physiological change in the person's body,"[0, 1]"
http://example.org/emotions.owl#Remorse,remorse,a feeling of deep regret (usually for some misdeed),http://example.org/conceptual_spaces.owl#PAD,pad,http://example.org/conceptual_spaces.owl#PAD_dominance,dominance,the feeling of being in control of the situation vs being controlled,"[-1, 1]"
http://example.org/emotions.owl#Remorse,remorse,a feeling of deep regret (usually for some misdeed),http://example.org/conceptual_spaces.owl#PAD,pad,http://example.org/conceptual_spaces.owl#PAD_pleasure,pleasure,degree of pleasantness or unpleasantness of an emotion,"[-1, 1]"
http://example.org/emotions.owl#Sadness,sadness,emotions experienced when not in a state of well-being,http://example.org/conceptual_spaces.owl#circumplex,circumplex,http://example.org/conceptual_spaces.owl#circumplex_arousal,arousal,amount of physiological change in the person's body,"[0, 1]"
http://example.org/emotions.owl#Sadness,sadness,emotions experienced when not in a state of well-being,http://example.org/conceptual_spaces.owl#circumplex,circumplex,http://example.org/conceptual_spaces.owl#circumplex_valence,valence,degree of pleasantness or unpleasantness of an emotion,"[-1, 1]"
http://example.org/emotions.owl#Sadness,sadness,emotions experienced when not in a state of well-being,http://example.org/conceptual_spaces.owl#Fontaine,fontaine,http://example.org/conceptual_spaces.owl#Fontaine_activity,activity,amount of physiological change in the person's body,"[0, 1]"
http://example.org/emotions.owl#Sadness,sadness,emotions experienced when not in a state of well-being,http://example.org/conceptual_spaces.owl#Fontaine,fontaine,http://example.org/conceptual_spaces.owl#Fontaine_evaluation,evaluation,degree of pleasantness or unpleasantness of an emotion,"[-1, 1]"
http://example.org/emotions.owl#Sadness,sadness,emotions experienced when not in a state of well-being,http://example.org/conceptual_spaces.owl#Fontaine,fontaine,http://example.org/conceptual_spaces.owl#Fontaine_potency,potency,"the perceived strength, dominance, or control inherent in an emotion.","[0, 1]"
http://example.org/emotions.owl#Sadness,sadness,emotions experienced when not in a state of well-being,http://example.org/conceptual_spaces.owl#Fontaine,fontaine,http://example.org/conceptual_spaces.owl#Fontaine_unpredictability,unpredictability,a person's reaction to a stimulus based on their familiarity with the situation,"[0, 1]"
http://example.org/emotions.owl#Sadness,sadness,emotions experienced when not in a state of well-being,http://example.org/conceptual_spaces.owl#Osgood,osgood,http://example.org/conceptual_spaces.owl#Osgood_activity,activity,amount of physiological change in the person's body,"[0, 1]"
http://example.org/emotions.owl#Sadness,sadness,emotions experienced when not in a state of well-being,http://example.org/conceptual_spaces.owl#Osgood,osgood,http://example.org/conceptual_spaces.owl#Osgood_evaluation,evaluation,degree of pleasantness or unpleasantness of an emotion,"[-1, 1]"
http://example.org/emotions.owl#Sadness,sadness,emotions experienced when not in a state of well-being,http://example.org/conceptual_spaces.owl#Osgood,osgood,http://example.org/conceptual_spaces.owl#Osgood_potency,potency,"the perceived strength, dominance, or control inherent in an emotion.","[0, 1]"
http://example.org/emotions.owl#Sadness,sadness,emotions experienced when not in a state of well-being,http://example.org/conceptual_spaces.owl#PAD,pad,http://example.org/conceptual_spaces.owl#PAD_arousal,arousal,amount of physiological change in the person's body,"[0, 1]"
http://example.org/emotions.owl#Sadness,sadness,emotions experienced when not in a state of well-being,http://example.org/conceptual_spaces.owl#PAD,pad,http://example.org/conceptual_spaces.owl#PAD_dominance,dominance,the feeling of being in control of the situation vs being controlled,"[-1, 1]"
http://example.org/emotions.owl#Sadness,sadness,emotions experienced when not in a state of well-being,http://example.org/conceptual_spaces.owl#PAD,pad,http://example.org/conceptual_spaces.owl#PAD_pleasure,pleasure,degree of pleasantness or unpleasantness of an emotion,"[-1, 1]"
http://example.org/emotions.owl#Serenity,serenity,a disposition free from stress or emotion\n,http://example.org/conceptual_spaces.owl#circumplex,circumplex,http://example.org/conceptual_spaces.owl#circumplex_arousal,arousal,amount of physiological change in the person's body,"[0, 1]"
http://example.org/emotions.owl#Serenity,serenity,a disposition free from stress or emotion\n,http://example.org/conceptual_spaces.owl#circumplex,circumplex,http://example.org/conceptual_spaces.owl#circumplex_valence,valence,degree of pleasantness or unpleasantness of an emotion,"[-1, 1]"
http://example.org/emotions.owl#Serenity,serenity,a disposition free from stress or emotion\n,http://example.org/conceptual_spaces.owl#Fontaine,fontaine,http://example.org/conceptual_spaces.owl#Fontaine_activity,activity,amount of physiological change in the person's body,"[0, 1]"
http://example.org/emotions.owl#Serenity,serenity,a disposition free from stress or emotion\n,http://example.org/conceptual_spaces.owl#Fontaine,fontaine,http://example.org/conceptual_spaces.owl#Fontaine_evaluation,evaluation,degree of pleasantness or unpleasantness of an emotion,"[-1, 1]"
http://example.org/emotions.owl#Serenity,serenity,a disposition free from stress or emotion\n,http://example.org/conceptual_spaces.owl#Fontaine,fontaine,http://example.org/conceptual_spaces.owl#Fontaine_potency,potency,"the perceived strength, dominance, or control inherent in an emotion.","[0, 1]"
http://example.org/emotions.owl#Serenity,serenity,a disposition free from stress or emotion\n,http://example.org/conceptual_spaces.owl#Fontaine,fontaine,http://example.org/conceptual_spaces.owl#Fontaine_unpredictability,unpredictability,a person's reaction to a stimulus based on their familiarity with the situation,"[0, 1]"
http://example.org/emotions.owl#Serenity,serenity,a disposition free from stress or emotion\n,http://example.org/conceptual_spaces.owl#Osgood,osgood,http://example.org/conceptual_spaces.owl#Osgood_activity,activity,amount of physiological change in the person's body,"[0, 1]"
http://example.org/emotions.owl#Serenity,serenity,a disposition free from stress or emotion\n,http://example.org/conceptual_spaces.owl#Osgood,osgood,http://example.org/conceptual_spaces.owl#Osgood_evaluation,evaluation,degree of pleasantness or unpleasantness of an emotion,"[-1, 1]"
http://example.org/emotions.owl#Serenity,serenity,a disposition free from stress or emotion\n,http://example.org/conceptual_spaces.owl#Osgood,osgood,http://example.org/conceptual_spaces.owl#Osgood_potency,potency,"the perceived strength, dominance, or control inherent in an emotion.","[0, 1]"
http://example.org/emotions.owl#Serenity,serenity,a disposition free from stress or emotion\n,http://example.org/conceptual_spaces.owl#PAD,pad,http://example.org/conceptual_spaces.owl#PAD_arousal,arousal,amount of physiological change in the person's body,"[0, 1]"
http://example.org/emotions.owl#Serenity,serenity,a disposition free from stress or emotion\n,http://example.org/conceptual_spaces.owl#PAD,pad,http://example.org/conceptual_spaces.owl#PAD_dominance,dominance,the feeling of being in control of the situation vs being controlled,"[-1, 1]"
http://example.org/emotions.owl#Serenity,serenity,a disposition free from stress or emotion\n,http://example.org/conceptual_spaces.owl#PAD,pad,http://example.org/conceptual_spaces.owl#PAD_pleasure,pleasure,degree of pleasantness or unpleasantness of an emotion,"[-1, 1]"
http://example.org/emotions.owl#Submission,submission,"the feeling of patient, submissive humbleness",http://example.org/conceptual_spaces.owl#circumplex,circumplex,http://example.org/conceptual_spaces.owl#circumplex_arousal,arousal,amount of physiological change in the person's body,"[0, 1]"
http://example.org/emotions.owl#Submission,submission,"the feeling of patient, submissive humbleness",http://example.org/conceptual_spaces.owl#circumplex,circumplex,http://example.org/conceptual_spaces.owl#circumplex_valence,valence,degree of pleasantness or unpleasantness of an emotion,"[-1, 1]"
http://example.org/emotions.owl#Submission,submission,"the feeling of patient, submissive humbleness",http://example.org/conceptual_spaces.owl#Fontaine,fontaine,http://example.org/conceptual_spaces.owl#Fontaine_activity,activity,amount of physiological change in the person's body,"[0, 1]"
http://example.org/emotions.owl#Submission,submission,"the feeling of patient, submissive humbleness",http://example.org/conceptual_spaces.owl#Fontaine,fontaine,http://example.org/conceptual_spaces.owl#Fontaine_evaluation,evaluation,degree of pleasantness or unpleasantness of an emotion,"[-1, 1]"
http://example.org/emotions.owl#Submission,submission,"the feeling of patient, submissive humbleness",http://example.org/conceptual_spaces.owl#Fontaine,fontaine,http://example.org/conceptual_spaces.owl#Fontaine_potency,potency,"the perceived strength, dominance, or control inherent in an emotion.","[0, 1]"
http://example.org/emotions.owl#Submission,submission,"the feeling of patient, submissive humbleness",http://example.org/conceptual_spaces.owl#Fontaine,fontaine,http://example.org/conceptual_spaces.owl#Fontaine_unpredictability,unpredictability,a person's reaction to a stimulus based on their familiarity with the situation,"[0, 1]"
http://example.org/emotions.owl#Submission,submission,"the feeling of patient, submissive humbleness",http://example.org/conceptual_spaces.owl#Osgood,osgood,http://example.org/conceptual_spaces.owl#Osgood_activity,activity,amount of physiological change in the person's body,"[0, 1]"
http://example.org/emotions.owl#Submission,submission,"the feeling of patient, submissive humbleness",http://example.org/conceptual_spaces.owl#Osgood,osgood,http://example.org/conceptual_spaces.owl#Osgood_evaluation,evaluation,degree of pleasantness or unpleasantness of an emotion,"[-1, 1]"
http://example.org/emotions.owl#Submission,submission,"the feeling of patient, submissive humbleness",http://example.org/conceptual_spaces.owl#Osgood,osgood,http://example.org/conceptual_spaces.owl#Osgood_potency,potency,"the perceived strength, dominance, or control inherent in an emotion.","[0, 1]"
http://example.org/emotions.owl#Submission,submission,"the feeling of patient, submissive humbleness",http://example.org/conceptual_spaces.owl#PAD,pad,http://example.org/conceptual_spaces.owl#PAD_arousal,arousal,amount of physiological change in the person's body,"[0, 1]"
http://example.org/emotions.owl#Submission,submission,"the feeling of patient, submissive humbleness",http://example.org/conceptual_spaces.owl#PAD,pad,http://example.org/conceptual_spaces.owl#PAD_dominance,dominance,the feeling of being in control of the situation vs being controlled,"[-1, 1]"
http://example.org/emotions.owl#Submission,submission,"the feeling of patient, submissive humbleness",http://example.org/conceptual_spaces.owl#PAD,pad,http://example.org/conceptual_spaces.owl#PAD_pleasure,pleasure,degree of pleasantness or unpleasantness of an emotion,"[-1, 1]"
http://example.org/emotions.owl#Surprise,surprise,the astonishment you feel when something totally unexpected happens to you,http://example.org/conceptual_spaces.owl#circumplex,circumplex,http://example.org/conceptual_spaces.owl#circumplex_arousal,arousal,amount of physiological change in the person's body,"[0, 1]"
http://example.org/emotions.owl#Surprise,surprise,the astonishment you feel when something totally unexpected happens to you,http://example.org/conceptual_spaces.owl#circumplex,circumplex,http://example.org/conceptual_spaces.owl#circumplex_valence,valence,degree of pleasantness or unpleasantness of an emotion,"[-1, 1]"
http://example.org/emotions.owl#Surprise,surprise,the astonishment you feel when something totally unexpected happens to you,http://example.org/conceptual_spaces.owl#Fontaine,fontaine,http://example.org/conceptual_spaces.owl#Fontaine_activity,activity,amount of physiological change in the person's body,"[0, 1]"
http://example.org/emotions.owl#Surprise,surprise,the astonishment you feel when something totally unexpected happens to you,http://example.org/conceptual_spaces.owl#Fontaine,fontaine,http://example.org/conceptual_spaces.owl#Fontaine_evaluation,evaluation,degree of pleasantness or unpleasantness of an emotion,"[-1, 1]"
http://example.org/emotions.owl#Surprise,surprise,the astonishment you feel when something totally unexpected happens to you,http://example.org/conceptual_spaces.owl#Fontaine,fontaine,http://example.org/conceptual_spaces.owl#Fontaine_potency,potency,"the perceived strength, dominance, or control inherent in an emotion.","[0, 1]"
http://example.org/emotions.owl#Surprise,surprise,the astonishment you feel when something totally unexpected happens to you,http://example.org/conceptual_spaces.owl#Fontaine,fontaine,http://example.org/conceptual_spaces.owl#Fontaine_unpredictability,unpredictability,a person's reaction to a stimulus based on their familiarity with the situation,"[0, 1]"
http://example.org/emotions.owl#Surprise,surprise,the astonishment you feel when something totally unexpected happens to you,http://example.org/conceptual_spaces.owl#Osgood,osgood,http://example.org/conceptual_spaces.owl#Osgood_activity,activity,amount of physiological change in the person's body,"[0, 1]"
http://example.org/emotions.owl#Surprise,surprise,the astonishment you feel when something totally unexpected happens to you,http://example.org/conceptual_spaces.owl#Osgood,osgood,http://example.org/conceptual_spaces.owl#Osgood_evaluation,evaluation,degree of pleasantness or unpleasantness of an emotion,"[-1, 1]"
http://example.org/emotions.owl#Surprise,surprise,the astonishment you feel when something totally unexpected happens to you,http://example.org/conceptual_spaces.owl#Osgood,osgood,http://example.org/conceptual_spaces.owl#Osgood_potency,potency,"the perceived strength, dominance, or control inherent in an emotion.","[0, 1]"
http://example.org/emotions.owl#Surprise,surprise,the astonishment you feel when something totally unexpected happens to you,http://example.org/conceptual_spaces.owl#PAD,pad,http://example.org/conceptual_spaces.owl#PAD_arousal,arousal,amount of physiological change in the person's body,"[0, 1]"
http://example.org/emotions.owl#Surprise,surprise,the astonishment you feel when something totally unexpected happens to you,http://example.org/conceptual_spaces.owl#PAD,pad,http://example.org/conceptual_spaces.owl#PAD_dominance,dominance,the feeling of being in control of the situation vs being controlled,"[-1, 1]"
http://example.org/emotions.owl#Surprise,surprise,the astonishment you feel when something totally unexpected happens to you,http://example.org/conceptual_spaces.owl#PAD,pad,http://example.org/conceptual_spaces.owl#PAD_pleasure,pleasure,degree of pleasantness or unpleasantness of an emotion,"[-1, 1]"
http://example.org/emotions.owl#Terror,terror,an overwhelming feeling of fear and anxiety,http://example.org/conceptual_spaces.owl#circumplex,circumplex,http://example.org/conceptual_spaces.owl#circumplex_arousal,arousal,amount of physiological change in the person's body,"[0, 1]"
http://example.org/emotions.owl#Terror,terror,an overwhelming feeling of fear and anxiety,http://example.org/conceptual_spaces.owl#circumplex,circumplex,http://example.org/conceptual_spaces.owl#circumplex_valence,valence,degree of pleasantness or unpleasantness of an emotion,"[-1, 1]"
http://example.org/emotions.owl#Terror,terror,an overwhelming feeling of fear and anxiety,http://example.org/conceptual_spaces.owl#Fontaine,fontaine,http://example.org/conceptual_spaces.owl#Fontaine_activity,activity,amount of physiological change in the person's body,"[0, 1]"
http://example.org/emotions.owl#Terror,terror,an overwhelming feeling of fear and anxiety,http://example.org/conceptual_spaces.owl#Fontaine,fontaine,http://example.org/conceptual_spaces.owl#Fontaine_evaluation,evaluation,degree of pleasantness or unpleasantness of an emotion,"[-1, 1]"
http://example.org/emotions.owl#Terror,terror,an overwhelming feeling of fear and anxiety,http://example.org/conceptual_spaces.owl#Fontaine,fontaine,http://example.org/conceptual_spaces.owl#Fontaine_potency,potency,"the perceived strength, dominance, or control inherent in an emotion.","[0, 1]"
http://example.org/emotions.owl#Terror,terror,an overwhelming feeling of fear and anxiety,http://example.org/conceptual_spaces.owl#Fontaine,fontaine,http://example.org/conceptual_spaces.owl#Fontaine_unpredictability,unpredictability,a person's reaction to a stimulus based on their familiarity with the situation,"[0, 1]"
http://example.org/emotions.owl#Terror,terror,an overwhelming feeling of fear and anxiety,http://example.org/conceptual_spaces.owl#Osgood,osgood,http://example.org/conceptual_spaces.owl#Osgood_activity,activity,amount of physiological change in the person's body,"[0, 1]"
http://example.org/emotions.owl#Terror,terror,an overwhelming feeling of fear and anxiety,http://example.org/conceptual_spaces.owl#Osgood,osgood,http://example.org/conceptual_spaces.owl#Osgood_evaluation,evaluation,degree of pleasantness or unpleasantness of an emotion,"[-1, 1]"
http://example.org/emotions.owl#Terror,terror,an overwhelming feeling of fear and anxiety,http://example.org/conceptual_spaces.owl#Osgood,osgood,http://example.org/conceptual_spaces.owl#Osgood_potency,potency,"the perceived strength, dominance, or control inherent in an emotion.","[0, 1]"
http://example.org/emotions.owl#Terror,terror,an overwhelming feeling of fear and anxiety,http://example.org/conceptual_spaces.owl#PAD,pad,http://example.org/conceptual_spaces.owl#PAD_arousal,arousal,amount of physiological change in the person's body,"[0, 1]"
http://example.org/emotions.owl#Terror,terror,an overwhelming feeling of fear and anxiety,http://example.org/conceptual_spaces.owl#PAD,pad,http://example.org/conceptual_spaces.owl#PAD_dominance,dominance,the feeling of being in control of the situation vs being controlled,"[-1, 1]"
http://example.org/emotions.owl#Terror,terror,an overwhelming feeling of fear and anxiety,http://example.org/conceptual_spaces.owl#PAD,pad,http://example.org/conceptual_spaces.owl#PAD_pleasure,pleasure,degree of pleasantness or unpleasantness of an emotion,"[-1, 1]"
http://example.org/emotions.owl#Trust,trust,"have confidence or faith in; \""We can trust in God\""; \""Rely on your friends\""; \""bank on your good education\""; \""I swear by my grandmother's recipes\""",http://example.org/conceptual_spaces.owl#circumplex,circumplex,http://example.org/conceptual_spaces.owl#circumplex_arousal,arousal,amount of physiological change in the person's body,"[0, 1]"
http://example.org/emotions.owl#Trust,trust,"have confidence or faith in; \""We can trust in God\""; \""Rely on your friends\""; \""bank on your good education\""; \""I swear by my grandmother's recipes\""",http://example.org/conceptual_spaces.owl#circumplex,circumplex,http://example.org/conceptual_spaces.owl#circumplex_valence,valence,degree of pleasantness or unpleasantness of an emotion,"[-1, 1]"
http://example.org/emotions.owl#Trust,trust,"have confidence or faith in; \""We can trust in God\""; \""Rely on your friends\""; \""bank on your good education\""; \""I swear by my grandmother's recipes\""",http://example.org/conceptual_spaces.owl#Fontaine,fontaine,http://example.org/conceptual_spaces.owl#Fontaine_activity,activity,amount of physiological change in the person's body,"[0, 1]"
http://example.org/emotions.owl#Trust,trust,"have confidence or faith in; \""We can trust in God\""; \""Rely on your friends\""; \""bank on your good education\""; \""I swear by my grandmother's recipes\""",http://example.org/conceptual_spaces.owl#Fontaine,fontaine,http://example.org/conceptual_spaces.owl#Fontaine_evaluation,evaluation,degree of pleasantness or unpleasantness of an emotion,"[-1, 1]"
http://example.org/emotions.owl#Trust,trust,"have confidence or faith in; \""We can trust in God\""; \""Rely on your friends\""; \""bank on your good education\""; \""I swear by my grandmother's recipes\""",http://example.org/conceptual_spaces.owl#Fontaine,fontaine,http://example.org/conceptual_spaces.owl#Fontaine_potency,potency,"the perceived strength, dominance, or control inherent in an emotion.","[0, 1]"
http://example.org/emotions.owl#Trust,trust,"have confidence or faith in; \""We can trust in God\""; \""Rely on your friends\""; \""bank on your good education\""; \""I swear by my grandmother's recipes\""",http://example.org/conceptual_spaces.owl#Fontaine,fontaine,http://example.org/conceptual_spaces.owl#Fontaine_unpredictability,unpredictability,a person's reaction to a stimulus based on their familiarity with the situation,"[0, 1]"
http://example.org/emotions.owl#Trust,trust,"have confidence or faith in; \""We can trust in God\""; \""Rely on your friends\""; \""bank on your good education\""; \""I swear by my grandmother's recipes\""",http://example.org/conceptual_spaces.owl#Osgood,osgood,http://example.org/conceptual_spaces.owl#Osgood_activity,activity,amount of physiological change in the person's body,"[0, 1]"
http://example.org/emotions.owl#Trust,trust,"have confidence or faith in; \""We can trust in God\""; \""Rely on your friends\""; \""bank on your good education\""; \""I swear by my grandmother's recipes\""",http://example.org/conceptual_spaces.owl#Osgood,osgood,http://example.org/conceptual_spaces.owl#Osgood_evaluation,evaluation,degree of pleasantness or unpleasantness of an emotion,"[-1, 1]"
http://example.org/emotions.owl#Trust,trust,"have confidence or faith in; \""We can trust in God\""; \""Rely on your friends\""; \""bank on your good education\""; \""I swear by my grandmother's recipes\""",http://example.org/conceptual_spaces.owl#Osgood,osgood,http://example.org/conceptual_spaces.owl#Osgood_potency,potency,"the perceived strength, dominance, or control inherent in an emotion.","[0, 1]"
http://example.org/emotions.owl#Trust,trust,"have confidence or faith in; \""We can trust in God\""; \""Rely on your friends\""; \""bank on your good education\""; \""I swear by my grandmother's recipes\""",http://example.org/conceptual_spaces.owl#PAD,pad,http://example.org/conceptual_spaces.owl#PAD_arousal,arousal,amount of physiological change in the person's body,"[0, 1]"
http://example.org/emotions.owl#Trust,trust,"have confidence or faith in; \""We can trust in God\""; \""Rely on your friends\""; \""bank on your good education\""; \""I swear by my grandmother's recipes\""",http://example.org/conceptual_spaces.owl#PAD,pad,http://example.org/conceptual_spaces.owl#PAD_dominance,dominance,the feeling of being in control of the situation vs being controlled,"[-1, 1]"
http://example.org/emotions.owl#Trust,trust,"have confidence or faith in; \""We can trust in God\""; \""Rely on your friends\""; \""bank on your good education\""; \""I swear by my grandmother's recipes\""",http://example.org/conceptual_spaces.owl#PAD,pad,http://example.org/conceptual_spaces.owl#PAD_pleasure,pleasure,degree of pleasantness or unpleasantness of an emotion,"[-1, 1]"
http://example.org/emotions.owl#Vigilance,vigilance,"vigilant attentiveness; \""he keeps a weather eye open for trouble\""""",http://example.org/conceptual_spaces.owl#circumplex,circumplex,http://example.org/conceptual_spaces.owl#circumplex_arousal,arousal,amount of physiological change in the person's body,"[0, 1]"
http://example.org/emotions.owl#Vigilance,vigilance,"vigilant attentiveness; \""he keeps a weather eye open for trouble\""""",http://example.org/conceptual_spaces.owl#circumplex,circumplex,http://example.org/conceptual_spaces.owl#circumplex_valence,valence,degree of pleasantness or unpleasantness of an emotion,"[-1, 1]"
http://example.org/emotions.owl#Vigilance,vigilance,"vigilant attentiveness; \""he keeps a weather eye open for trouble\""""",http://example.org/conceptual_spaces.owl#Fontaine,fontaine,http://example.org/conceptual_spaces.owl#Fontaine_activity,activity,amount of physiological change in the person's body,"[0, 1]"
http://example.org/emotions.owl#Vigilance,vigilance,"vigilant attentiveness; \""he keeps a weather eye open for trouble\""""",http://example.org/conceptual_spaces.owl#Fontaine,fontaine,http://example.org/conceptual_spaces.owl#Fontaine_evaluation,evaluation,degree of pleasantness or unpleasantness of an emotion,"[-1, 1]"
http://example.org/emotions.owl#Vigilance,vigilance,"vigilant attentiveness; \""he keeps a weather eye open for trouble\""""",http://example.org/conceptual_spaces.owl#Fontaine,fontaine,http://example.org/conceptual_spaces.owl#Fontaine_potency,potency,"the perceived strength, dominance, or control inherent in an emotion.","[0, 1]"
http://example.org/emotions.owl#Vigilance,vigilance,"vigilant attentiveness; \""he keeps a weather eye open for trouble\""""",http://example.org/conceptual_spaces.owl#Fontaine,fontaine,http://example.org/conceptual_spaces.owl#Fontaine_unpredictability,unpredictability,a person's reaction to a stimulus based on their familiarity with the situation,"[0, 1]"
http://example.org/emotions.owl#Vigilance,vigilance,"vigilant attentiveness; \""he keeps a weather eye open for trouble\""""",http://example.org/conceptual_spaces.owl#Osgood,osgood,http://example.org/conceptual_spaces.owl#Osgood_activity,activity,amount of physiological change in the person's body,"[0, 1]"
http://example.org/emotions.owl#Vigilance,vigilance,"vigilant attentiveness; \""he keeps a weather eye open for trouble\""""",http://example.org/conceptual_spaces.owl#Osgood,osgood,http://example.org/conceptual_spaces.owl#Osgood_evaluation,evaluation,degree of pleasantness or unpleasantness of an emotion,"[-1, 1]"
http://example.org/emotions.owl#Vigilance,vigilance,"vigilant attentiveness; \""he keeps a weather eye open for trouble\""""",http://example.org/conceptual_spaces.owl#Osgood,osgood,http://example.org/conceptual_spaces.owl#Osgood_potency,potency,"the perceived strength, dominance, or control inherent in an emotion.","[0, 1]"
http://example.org/emotions.owl#Vigilance,vigilance,"vigilant attentiveness; \""he keeps a weather eye open for trouble\""""",http://example.org/conceptual_spaces.owl#PAD,pad,http://example.org/conceptual_spaces.owl#PAD_arousal,arousal,amount of physiological change in the person's body,"[0, 1]"
http://example.org/emotions.owl#Vigilance,vigilance,"vigilant attentiveness; \""he keeps a weather eye open for trouble\""""",http://example.org/conceptual_spaces.owl#PAD,pad,http://example.org/conceptual_spaces.owl#PAD_dominance,dominance,the feeling of being in control of the situation vs being controlled,"[-1, 1]"
http://example.org/emotions.owl#Vigilance,vigilance,"vigilant attentiveness; \""he keeps a weather eye open for trouble\""""",http://example.org/conceptual_spaces.owl#PAD,pad,http://example.org/conceptual_spaces.owl#PAD_pleasure,pleasure,degree of pleasantness or unpleasantness of an emotion,"[-1, 1]"
