emotion,emotion_label,def_APA,def_Cambridge,def_SentiWordNet,domain,domain_label,dimension,dim_label,dim_definition,dim_range
http://example.org/emotions.owl#Acceptance,acceptance,"a favorable attitude toward an idea, situation, person, or group. In the context of psychotherapy and counseling, it is the receptive, nonjudgmental attitude of therapists or counselors, which conveys an implicit respect and regard for their clients as individuals.","general agreement that something is satisfactory or right, or that someone should be included in a group","a disposition to tolerate or accept people or situations; \""all people should practice toleration and live together in peace\""\n",http://example.org/conceptual_spaces.owl#circumplex,circumplex,http://example.org/conceptual_spaces.owl#circumplex_arousal,arousal,amount of physiological change in the person's body,"[0, 1]"
http://example.org/emotions.owl#Acceptance,acceptance,"a favorable attitude toward an idea, situation, person, or group. In the context of psychotherapy and counseling, it is the receptive, nonjudgmental attitude of therapists or counselors, which conveys an implicit respect and regard for their clients as individuals.","general agreement that something is satisfactory or right, or that someone should be included in a group","a disposition to tolerate or accept people or situations; \""all people should practice toleration and live together in peace\""\n",http://example.org/conceptual_spaces.owl#circumplex,circumplex,http://example.org/conceptual_spaces.owl#circumplex_valence,valence,degree of pleasantness or unpleasantness of an emotion,"[-1, 1]"
http://example.org/emotions.owl#Acceptance,acceptance,"a favorable attitude toward an idea, situation, person, or group. In the context of psychotherapy and counseling, it is the receptive, nonjudgmental attitude of therapists or counselors, which conveys an implicit respect and regard for their clients as individuals.","general agreement that something is satisfactory or right, or that someone should be included in a group","a disposition to tolerate or accept people or situations; \""all people should practice toleration and live together in peace\""\n",http://example.org/conceptual_spaces.owl#Fontaine,fontaine,http://example.org/conceptual_spaces.owl#Fontaine_activity,activity,amount of physiological change in the person's body,"[0, 1]"
http://example.org/emotions.owl#Acceptance,acceptance,"a favorable attitude toward an idea, situation, person, or group. In the context of psychotherapy and counseling, it is the receptive, nonjudgmental attitude of therapists or counselors, which conveys an implicit respect and regard for their clients as individuals.","general agreement that something is satisfactory or right, or that someone should be included in a group","a disposition to tolerate or accept people or situations; \""all people should practice toleration and live together in peace\""\n",http://example.org/conceptual_spaces.owl#Fontaine,fontaine,http://example.org/conceptual_spaces.owl#Fontaine_evaluation,evaluation,degree of pleasantness or unpleasantness of an emotion,"[-1, 1]"
http://example.org/emotions.owl#Acceptance,acceptance,"a favorable attitude toward an idea, situation, person, or group. In the context of psychotherapy and counseling, it is the receptive, nonjudgmental attitude of therapists or counselors, which conveys an implicit respect and regard for their clients as individuals.","general agreement that something is satisfactory or right, or that someone should be included in a group","a disposition to tolerate or accept people or situations; \""all people should practice toleration and live together in peace\""\n",http://example.org/conceptual_spaces.owl#Fontaine,fontaine,http://example.org/conceptual_spaces.owl#Fontaine_potency,potency,"the perceived strength, dominance, or control inherent in an emotion.","[0, 1]"
http://example.org/emotions.owl#Acceptance,acceptance,"a favorable attitude toward an idea, situation, person, or group. In the context of psychotherapy and counseling, it is the receptive, nonjudgmental attitude of therapists or counselors, which conveys an implicit respect and regard for their clients as individuals.","general agreement that something is satisfactory or right, or that someone should be included in a group","a disposition to tolerate or accept people or situations; \""all people should practice toleration and live together in peace\""\n",http://example.org/conceptual_spaces.owl#Fontaine,fontaine,http://example.org/conceptual_spaces.owl#Fontaine_unpredictability,unpredictability,a person's reaction to a stimulus based on their familiarity with the situation,"[0, 1]"
http://example.org/emotions.owl#Acceptance,acceptance,"a favorable attitude toward an idea, situation, person, or group. In the context of psychotherapy and counseling, it is the receptive, nonjudgmental attitude of therapists or counselors, which conveys an implicit respect and regard for their clients as individuals.","general agreement that something is satisfactory or right, or that someone should be included in a group","a disposition to tolerate or accept people or situations; \""all people should practice toleration and live together in peace\""\n",http://example.org/conceptual_spaces.owl#Osgood,osgood,http://example.org/conceptual_spaces.owl#Osgood_activity,activity,amount of physiological change in the person's body,"[0, 1]"
http://example.org/emotions.owl#Acceptance,acceptance,"a favorable attitude toward an idea, situation, person, or group. In the context of psychotherapy and counseling, it is the receptive, nonjudgmental attitude of therapists or counselors, which conveys an implicit respect and regard for their clients as individuals.","general agreement that something is satisfactory or right, or that someone should be included in a group","a disposition to tolerate or accept people or situations; \""all people should practice toleration and live together in peace\""\n",http://example.org/conceptual_spaces.owl#Osgood,osgood,http://example.org/conceptual_spaces.owl#Osgood_evaluation,evaluation,degree of pleasantness or unpleasantness of an emotion,"[-1, 1]"
http://example.org/emotions.owl#Acceptance,acceptance,"a favorable attitude toward an idea, situation, person, or group. In the context of psychotherapy and counseling, it is the receptive, nonjudgmental attitude of therapists or counselors, which conveys an implicit respect and regard for their clients as individuals.","general agreement that something is satisfactory or right, or that someone should be included in a group","a disposition to tolerate or accept people or situations; \""all people should practice toleration and live together in peace\""\n",http://example.org/conceptual_spaces.owl#Osgood,osgood,http://example.org/conceptual_spaces.owl#Osgood_potency,potency,"the perceived strength, dominance, or control inherent in an emotion.","[0, 1]"
http://example.org/emotions.owl#Acceptance,acceptance,"a favorable attitude toward an idea, situation, person, or group. In the context of psychotherapy and counseling, it is the receptive, nonjudgmental attitude of therapists or counselors, which conveys an implicit respect and regard for their clients as individuals.","general agreement that something is satisfactory or right, or that someone should be included in a group","a disposition to tolerate or accept people or situations; \""all people should practice toleration and live together in peace\""\n",http://example.org/conceptual_spaces.owl#PAD,pad,http://example.org/conceptual_spaces.owl#PAD_arousal,arousal,amount of physiological change in the person's body,"[0, 1]"
http://example.org/emotions.owl#Acceptance,acceptance,"a favorable attitude toward an idea, situation, person, or group. In the context of psychotherapy and counseling, it is the receptive, nonjudgmental attitude of therapists or counselors, which conveys an implicit respect and regard for their clients as individuals.","general agreement that something is satisfactory or right, or that someone should be included in a group","a disposition to tolerate or accept people or situations; \""all people should practice toleration and live together in peace\""\n",http://example.org/conceptual_spaces.owl#PAD,pad,http://example.org/conceptual_spaces.owl#PAD_dominance,dominance,the feeling of being in control of the situation vs being controlled,"[-1, 1]"
http://example.org/emotions.owl#Acceptance,acceptance,"a favorable attitude toward an idea, situation, person, or group. In the context of psychotherapy and counseling, it is the receptive, nonjudgmental attitude of therapists or counselors, which conveys an implicit respect and regard for their clients as individuals.","general agreement that something is satisfactory or right, or that someone should be included in a group","a disposition to tolerate or accept people or situations; \""all people should practice toleration and live together in peace\""\n",http://example.org/conceptual_spaces.owl#PAD,pad,http://example.org/conceptual_spaces.owl#PAD_pleasure,pleasure,degree of pleasantness or unpleasantness of an emotion,"[-1, 1]"
http://example.org/emotions.owl#Admiration,admiration,-,the feeling of admiring someone or something,a feeling of delighted approval and liking,http://example.org/conceptual_spaces.owl#circumplex,circumplex,http://example.org/conceptual_spaces.owl#circumplex_arousal,arousal,amount of physiological change in the person's body,"[0, 1]"
http://example.org/emotions.owl#Admiration,admiration,-,the feeling of admiring someone or something,a feeling of delighted approval and liking,http://example.org/conceptual_spaces.owl#circumplex,circumplex,http://example.org/conceptual_spaces.owl#circumplex_valence,valence,degree of pleasantness or unpleasantness of an emotion,"[-1, 1]"
http://example.org/emotions.owl#Admiration,admiration,-,the feeling of admiring someone or something,a feeling of delighted approval and liking,http://example.org/conceptual_spaces.owl#Fontaine,fontaine,http://example.org/conceptual_spaces.owl#Fontaine_activity,activity,amount of physiological change in the person's body,"[0, 1]"
http://example.org/emotions.owl#Admiration,admiration,-,the feeling of admiring someone or something,a feeling of delighted approval and liking,http://example.org/conceptual_spaces.owl#Fontaine,fontaine,http://example.org/conceptual_spaces.owl#Fontaine_evaluation,evaluation,degree of pleasantness or unpleasantness of an emotion,"[-1, 1]"
http://example.org/emotions.owl#Admiration,admiration,-,the feeling of admiring someone or something,a feeling of delighted approval and liking,http://example.org/conceptual_spaces.owl#Fontaine,fontaine,http://example.org/conceptual_spaces.owl#Fontaine_potency,potency,"the perceived strength, dominance, or control inherent in an emotion.","[0, 1]"
http://example.org/emotions.owl#Admiration,admiration,-,the feeling of admiring someone or something,a feeling of delighted approval and liking,http://example.org/conceptual_spaces.owl#Fontaine,fontaine,http://example.org/conceptual_spaces.owl#Fontaine_unpredictability,unpredictability,a person's reaction to a stimulus based on their familiarity with the situation,"[0, 1]"
http://example.org/emotions.owl#Admiration,admiration,-,the feeling of admiring someone or something,a feeling of delighted approval and liking,http://example.org/conceptual_spaces.owl#Osgood,osgood,http://example.org/conceptual_spaces.owl#Osgood_activity,activity,amount of physiological change in the person's body,"[0, 1]"
http://example.org/emotions.owl#Admiration,admiration,-,the feeling of admiring someone or something,a feeling of delighted approval and liking,http://example.org/conceptual_spaces.owl#Osgood,osgood,http://example.org/conceptual_spaces.owl#Osgood_evaluation,evaluation,degree of pleasantness or unpleasantness of an emotion,"[-1, 1]"
http://example.org/emotions.owl#Admiration,admiration,-,the feeling of admiring someone or something,a feeling of delighted approval and liking,http://example.org/conceptual_spaces.owl#Osgood,osgood,http://example.org/conceptual_spaces.owl#Osgood_potency,potency,"the perceived strength, dominance, or control inherent in an emotion.","[0, 1]"
http://example.org/emotions.owl#Admiration,admiration,-,the feeling of admiring someone or something,a feeling of delighted approval and liking,http://example.org/conceptual_spaces.owl#PAD,pad,http://example.org/conceptual_spaces.owl#PAD_arousal,arousal,amount of physiological change in the person's body,"[0, 1]"
http://example.org/emotions.owl#Admiration,admiration,-,the feeling of admiring someone or something,a feeling of delighted approval and liking,http://example.org/conceptual_spaces.owl#PAD,pad,http://example.org/conceptual_spaces.owl#PAD_dominance,dominance,the feeling of being in control of the situation vs being controlled,"[-1, 1]"
http://example.org/emotions.owl#Admiration,admiration,-,the feeling of admiring someone or something,a feeling of delighted approval and liking,http://example.org/conceptual_spaces.owl#PAD,pad,http://example.org/conceptual_spaces.owl#PAD_pleasure,pleasure,degree of pleasantness or unpleasantness of an emotion,"[-1, 1]"
http://example.org/emotions.owl#Aggressiveness,aggressiveness,"a tendency toward social dominance, threatening behavior, and hostility. It may occur sporadically or be a characteristic trait of an individual","the quality of being likely to attack other people or animals, or to behave in a violent or angry way towards them","characteristic of an enemy or one eager to fight; \""aggressive acts against another country\""; \""a belligerent tone\""",http://example.org/conceptual_spaces.owl#circumplex,circumplex,http://example.org/conceptual_spaces.owl#circumplex_arousal,arousal,amount of physiological change in the person's body,"[0, 1]"
http://example.org/emotions.owl#Aggressiveness,aggressiveness,"a tendency toward social dominance, threatening behavior, and hostility. It may occur sporadically or be a characteristic trait of an individual","the quality of being likely to attack other people or animals, or to behave in a violent or angry way towards them","characteristic of an enemy or one eager to fight; \""aggressive acts against another country\""; \""a belligerent tone\""",http://example.org/conceptual_spaces.owl#circumplex,circumplex,http://example.org/conceptual_spaces.owl#circumplex_valence,valence,degree of pleasantness or unpleasantness of an emotion,"[-1, 1]"
http://example.org/emotions.owl#Aggressiveness,aggressiveness,"a tendency toward social dominance, threatening behavior, and hostility. It may occur sporadically or be a characteristic trait of an individual","the quality of being likely to attack other people or animals, or to behave in a violent or angry way towards them","characteristic of an enemy or one eager to fight; \""aggressive acts against another country\""; \""a belligerent tone\""",http://example.org/conceptual_spaces.owl#Fontaine,fontaine,http://example.org/conceptual_spaces.owl#Fontaine_activity,activity,amount of physiological change in the person's body,"[0, 1]"
http://example.org/emotions.owl#Aggressiveness,aggressiveness,"a tendency toward social dominance, threatening behavior, and hostility. It may occur sporadically or be a characteristic trait of an individual","the quality of being likely to attack other people or animals, or to behave in a violent or angry way towards them","characteristic of an enemy or one eager to fight; \""aggressive acts against another country\""; \""a belligerent tone\""",http://example.org/conceptual_spaces.owl#Fontaine,fontaine,http://example.org/conceptual_spaces.owl#Fontaine_evaluation,evaluation,degree of pleasantness or unpleasantness of an emotion,"[-1, 1]"
http://example.org/emotions.owl#Aggressiveness,aggressiveness,"a tendency toward social dominance, threatening behavior, and hostility. It may occur sporadically or be a characteristic trait of an individual","the quality of being likely to attack other people or animals, or to behave in a violent or angry way towards them","characteristic of an enemy or one eager to fight; \""aggressive acts against another country\""; \""a belligerent tone\""",http://example.org/conceptual_spaces.owl#Fontaine,fontaine,http://example.org/conceptual_spaces.owl#Fontaine_potency,potency,"the perceived strength, dominance, or control inherent in an emotion.","[0, 1]"
http://example.org/emotions.owl#Aggressiveness,aggressiveness,"a tendency toward social dominance, threatening behavior, and hostility. It may occur sporadically or be a characteristic trait of an individual","the quality of being likely to attack other people or animals, or to behave in a violent or angry way towards them","characteristic of an enemy or one eager to fight; \""aggressive acts against another country\""; \""a belligerent tone\""",http://example.org/conceptual_spaces.owl#Fontaine,fontaine,http://example.org/conceptual_spaces.owl#Fontaine_unpredictability,unpredictability,a person's reaction to a stimulus based on their familiarity with the situation,"[0, 1]"
http://example.org/emotions.owl#Aggressiveness,aggressiveness,"a tendency toward social dominance, threatening behavior, and hostility. It may occur sporadically or be a characteristic trait of an individual","the quality of being likely to attack other people or animals, or to behave in a violent or angry way towards them","characteristic of an enemy or one eager to fight; \""aggressive acts against another country\""; \""a belligerent tone\""",http://example.org/conceptual_spaces.owl#Osgood,osgood,http://example.org/conceptual_spaces.owl#Osgood_activity,activity,amount of physiological change in the person's body,"[0, 1]"
http://example.org/emotions.owl#Aggressiveness,aggressiveness,"a tendency toward social dominance, threatening behavior, and hostility. It may occur sporadically or be a characteristic trait of an individual","the quality of being likely to attack other people or animals, or to behave in a violent or angry way towards them","characteristic of an enemy or one eager to fight; \""aggressive acts against another country\""; \""a belligerent tone\""",http://example.org/conceptual_spaces.owl#Osgood,osgood,http://example.org/conceptual_spaces.owl#Osgood_evaluation,evaluation,degree of pleasantness or unpleasantness of an emotion,"[-1, 1]"
http://example.org/emotions.owl#Aggressiveness,aggressiveness,"a tendency toward social dominance, threatening behavior, and hostility. It may occur sporadically or be a characteristic trait of an individual","the quality of being likely to attack other people or animals, or to behave in a violent or angry way towards them","characteristic of an enemy or one eager to fight; \""aggressive acts against another country\""; \""a belligerent tone\""",http://example.org/conceptual_spaces.owl#Osgood,osgood,http://example.org/conceptual_spaces.owl#Osgood_potency,potency,"the perceived strength, dominance, or control inherent in an emotion.","[0, 1]"
http://example.org/emotions.owl#Aggressiveness,aggressiveness,"a tendency toward social dominance, threatening behavior, and hostility. It may occur sporadically or be a characteristic trait of an individual","the quality of being likely to attack other people or animals, or to behave in a violent or angry way towards them","characteristic of an enemy or one eager to fight; \""aggressive acts against another country\""; \""a belligerent tone\""",http://example.org/conceptual_spaces.owl#PAD,pad,http://example.org/conceptual_spaces.owl#PAD_arousal,arousal,amount of physiological change in the person's body,"[0, 1]"
http://example.org/emotions.owl#Aggressiveness,aggressiveness,"a tendency toward social dominance, threatening behavior, and hostility. It may occur sporadically or be a characteristic trait of an individual","the quality of being likely to attack other people or animals, or to behave in a violent or angry way towards them","characteristic of an enemy or one eager to fight; \""aggressive acts against another country\""; \""a belligerent tone\""",http://example.org/conceptual_spaces.owl#PAD,pad,http://example.org/conceptual_spaces.owl#PAD_dominance,dominance,the feeling of being in control of the situation vs being controlled,"[-1, 1]"
http://example.org/emotions.owl#Aggressiveness,aggressiveness,"a tendency toward social dominance, threatening behavior, and hostility. It may occur sporadically or be a characteristic trait of an individual","the quality of being likely to attack other people or animals, or to behave in a violent or angry way towards them","characteristic of an enemy or one eager to fight; \""aggressive acts against another country\""; \""a belligerent tone\""",http://example.org/conceptual_spaces.owl#PAD,pad,http://example.org/conceptual_spaces.owl#PAD_pleasure,pleasure,degree of pleasantness or unpleasantness of an emotion,"[-1, 1]"
http://example.org/emotions.owl#Amazement,amazement,-,extreme surprise,"the feeling that accompanies something extremely surprising; \""he looked at me in astonishment\""",http://example.org/conceptual_spaces.owl#circumplex,circumplex,http://example.org/conceptual_spaces.owl#circumplex_arousal,arousal,amount of physiological change in the person's body,"[0, 1]"
http://example.org/emotions.owl#Amazement,amazement,-,extreme surprise,"the feeling that accompanies something extremely surprising; \""he looked at me in astonishment\""",http://example.org/conceptual_spaces.owl#circumplex,circumplex,http://example.org/conceptual_spaces.owl#circumplex_valence,valence,degree of pleasantness or unpleasantness of an emotion,"[-1, 1]"
http://example.org/emotions.owl#Amazement,amazement,-,extreme surprise,"the feeling that accompanies something extremely surprising; \""he looked at me in astonishment\""",http://example.org/conceptual_spaces.owl#Fontaine,fontaine,http://example.org/conceptual_spaces.owl#Fontaine_activity,activity,amount of physiological change in the person's body,"[0, 1]"
http://example.org/emotions.owl#Amazement,amazement,-,extreme surprise,"the feeling that accompanies something extremely surprising; \""he looked at me in astonishment\""",http://example.org/conceptual_spaces.owl#Fontaine,fontaine,http://example.org/conceptual_spaces.owl#Fontaine_evaluation,evaluation,degree of pleasantness or unpleasantness of an emotion,"[-1, 1]"
http://example.org/emotions.owl#Amazement,amazement,-,extreme surprise,"the feeling that accompanies something extremely surprising; \""he looked at me in astonishment\""",http://example.org/conceptual_spaces.owl#Fontaine,fontaine,http://example.org/conceptual_spaces.owl#Fontaine_potency,potency,"the perceived strength, dominance, or control inherent in an emotion.","[0, 1]"
http://example.org/emotions.owl#Amazement,amazement,-,extreme surprise,"the feeling that accompanies something extremely surprising; \""he looked at me in astonishment\""",http://example.org/conceptual_spaces.owl#Fontaine,fontaine,http://example.org/conceptual_spaces.owl#Fontaine_unpredictability,unpredictability,a person's reaction to a stimulus based on their familiarity with the situation,"[0, 1]"
http://example.org/emotions.owl#Amazement,amazement,-,extreme surprise,"the feeling that accompanies something extremely surprising; \""he looked at me in astonishment\""",http://example.org/conceptual_spaces.owl#Osgood,osgood,http://example.org/conceptual_spaces.owl#Osgood_activity,activity,amount of physiological change in the person's body,"[0, 1]"
http://example.org/emotions.owl#Amazement,amazement,-,extreme surprise,"the feeling that accompanies something extremely surprising; \""he looked at me in astonishment\""",http://example.org/conceptual_spaces.owl#Osgood,osgood,http://example.org/conceptual_spaces.owl#Osgood_evaluation,evaluation,degree of pleasantness or unpleasantness of an emotion,"[-1, 1]"
http://example.org/emotions.owl#Amazement,amazement,-,extreme surprise,"the feeling that accompanies something extremely surprising; \""he looked at me in astonishment\""",http://example.org/conceptual_spaces.owl#Osgood,osgood,http://example.org/conceptual_spaces.owl#Osgood_potency,potency,"the perceived strength, dominance, or control inherent in an emotion.","[0, 1]"
http://example.org/emotions.owl#Amazement,amazement,-,extreme surprise,"the feeling that accompanies something extremely surprising; \""he looked at me in astonishment\""",http://example.org/conceptual_spaces.owl#PAD,pad,http://example.org/conceptual_spaces.owl#PAD_arousal,arousal,amount of physiological change in the person's body,"[0, 1]"
http://example.org/emotions.owl#Amazement,amazement,-,extreme surprise,"the feeling that accompanies something extremely surprising; \""he looked at me in astonishment\""",http://example.org/conceptual_spaces.owl#PAD,pad,http://example.org/conceptual_spaces.owl#PAD_dominance,dominance,the feeling of being in control of the situation vs being controlled,"[-1, 1]"
http://example.org/emotions.owl#Amazement,amazement,-,extreme surprise,"the feeling that accompanies something extremely surprising; \""he looked at me in astonishment\""",http://example.org/conceptual_spaces.owl#PAD,pad,http://example.org/conceptual_spaces.owl#PAD_pleasure,pleasure,degree of pleasantness or unpleasantness of an emotion,"[-1, 1]"
http://example.org/emotions.owl#Anger,anger,"an emotion characterized by tension and hostility arising from frustration, real or imagined injury by another, or perceived injustice. It can manifest itself in behaviors designed to remove the object of the anger (e.g., determined action) or behaviors designed merely to express the emotion (e.g., swearing).",a strong feeling that makes you want to hurt someone or be unpleasant because of something unfair or unkind that has happened,the state of being angry,http://example.org/conceptual_spaces.owl#circumplex,circumplex,http://example.org/conceptual_spaces.owl#circumplex_arousal,arousal,amount of physiological change in the person's body,"[0, 1]"
http://example.org/emotions.owl#Anger,anger,"an emotion characterized by tension and hostility arising from frustration, real or imagined injury by another, or perceived injustice. It can manifest itself in behaviors designed to remove the object of the anger (e.g., determined action) or behaviors designed merely to express the emotion (e.g., swearing).",a strong feeling that makes you want to hurt someone or be unpleasant because of something unfair or unkind that has happened,the state of being angry,http://example.org/conceptual_spaces.owl#circumplex,circumplex,http://example.org/conceptual_spaces.owl#circumplex_valence,valence,degree of pleasantness or unpleasantness of an emotion,"[-1, 1]"
http://example.org/emotions.owl#Anger,anger,"an emotion characterized by tension and hostility arising from frustration, real or imagined injury by another, or perceived injustice. It can manifest itself in behaviors designed to remove the object of the anger (e.g., determined action) or behaviors designed merely to express the emotion (e.g., swearing).",a strong feeling that makes you want to hurt someone or be unpleasant because of something unfair or unkind that has happened,the state of being angry,http://example.org/conceptual_spaces.owl#Fontaine,fontaine,http://example.org/conceptual_spaces.owl#Fontaine_activity,activity,amount of physiological change in the person's body,"[0, 1]"
http://example.org/emotions.owl#Anger,anger,"an emotion characterized by tension and hostility arising from frustration, real or imagined injury by another, or perceived injustice. It can manifest itself in behaviors designed to remove the object of the anger (e.g., determined action) or behaviors designed merely to express the emotion (e.g., swearing).",a strong feeling that makes you want to hurt someone or be unpleasant because of something unfair or unkind that has happened,the state of being angry,http://example.org/conceptual_spaces.owl#Fontaine,fontaine,http://example.org/conceptual_spaces.owl#Fontaine_evaluation,evaluation,degree of pleasantness or unpleasantness of an emotion,"[-1, 1]"
http://example.org/emotions.owl#Anger,anger,"an emotion characterized by tension and hostility arising from frustration, real or imagined injury by another, or perceived injustice. It can manifest itself in behaviors designed to remove the object of the anger (e.g., determined action) or behaviors designed merely to express the emotion (e.g., swearing).",a strong feeling that makes you want to hurt someone or be unpleasant because of something unfair or unkind that has happened,the state of being angry,http://example.org/conceptual_spaces.owl#Fontaine,fontaine,http://example.org/conceptual_spaces.owl#Fontaine_potency,potency,"the perceived strength, dominance, or control inherent in an emotion.","[0, 1]"
http://example.org/emotions.owl#Anger,anger,"an emotion characterized by tension and hostility arising from frustration, real or imagined injury by another, or perceived injustice. It can manifest itself in behaviors designed to remove the object of the anger (e.g., determined action) or behaviors designed merely to express the emotion (e.g., swearing).",a strong feeling that makes you want to hurt someone or be unpleasant because of something unfair or unkind that has happened,the state of being angry,http://example.org/conceptual_spaces.owl#Fontaine,fontaine,http://example.org/conceptual_spaces.owl#Fontaine_unpredictability,unpredictability,a person's reaction to a stimulus based on their familiarity with the situation,"[0, 1]"
http://example.org/emotions.owl#Anger,anger,"an emotion characterized by tension and hostility arising from frustration, real or imagined injury by another, or perceived injustice. It can manifest itself in behaviors designed to remove the object of the anger (e.g., determined action) or behaviors designed merely to express the emotion (e.g., swearing).",a strong feeling that makes you want to hurt someone or be unpleasant because of something unfair or unkind that has happened,the state of being angry,http://example.org/conceptual_spaces.owl#Osgood,osgood,http://example.org/conceptual_spaces.owl#Osgood_activity,activity,amount of physiological change in the person's body,"[0, 1]"
http://example.org/emotions.owl#Anger,anger,"an emotion characterized by tension and hostility arising from frustration, real or imagined injury by another, or perceived injustice. It can manifest itself in behaviors designed to remove the object of the anger (e.g., determined action) or behaviors designed merely to express the emotion (e.g., swearing).",a strong feeling that makes you want to hurt someone or be unpleasant because of something unfair or unkind that has happened,the state of being angry,http://example.org/conceptual_spaces.owl#Osgood,osgood,http://example.org/conceptual_spaces.owl#Osgood_evaluation,evaluation,degree of pleasantness or unpleasantness of an emotion,"[-1, 1]"
http://example.org/emotions.owl#Anger,anger,"an emotion characterized by tension and hostility arising from frustration, real or imagined injury by another, or perceived injustice. It can manifest itself in behaviors designed to remove the object of the anger (e.g., determined action) or behaviors designed merely to express the emotion (e.g., swearing).",a strong feeling that makes you want to hurt someone or be unpleasant because of something unfair or unkind that has happened,the state of being angry,http://example.org/conceptual_spaces.owl#Osgood,osgood,http://example.org/conceptual_spaces.owl#Osgood_potency,potency,"the perceived strength, dominance, or control inherent in an emotion.","[0, 1]"
http://example.org/emotions.owl#Anger,anger,"an emotion characterized by tension and hostility arising from frustration, real or imagined injury by another, or perceived injustice. It can manifest itself in behaviors designed to remove the object of the anger (e.g., determined action) or behaviors designed merely to express the emotion (e.g., swearing).",a strong feeling that makes you want to hurt someone or be unpleasant because of something unfair or unkind that has happened,the state of being angry,http://example.org/conceptual_spaces.owl#PAD,pad,http://example.org/conceptual_spaces.owl#PAD_arousal,arousal,amount of physiological change in the person's body,"[0, 1]"
http://example.org/emotions.owl#Anger,anger,"an emotion characterized by tension and hostility arising from frustration, real or imagined injury by another, or perceived injustice. It can manifest itself in behaviors designed to remove the object of the anger (e.g., determined action) or behaviors designed merely to express the emotion (e.g., swearing).",a strong feeling that makes you want to hurt someone or be unpleasant because of something unfair or unkind that has happened,the state of being angry,http://example.org/conceptual_spaces.owl#PAD,pad,http://example.org/conceptual_spaces.owl#PAD_dominance,dominance,the feeling of being in control of the situation vs being controlled,"[-1, 1]"
http://example.org/emotions.owl#Anger,anger,"an emotion characterized by tension and hostility arising from frustration, real or imagined injury by another, or perceived injustice. It can manifest itself in behaviors designed to remove the object of the anger (e.g., determined action) or behaviors designed merely to express the emotion (e.g., swearing).",a strong feeling that makes you want to hurt someone or be unpleasant because of something unfair or unkind that has happened,the state of being angry,http://example.org/conceptual_spaces.owl#PAD,pad,http://example.org/conceptual_spaces.owl#PAD_pleasure,pleasure,degree of pleasantness or unpleasantness of an emotion,"[-1, 1]"
http://example.org/emotions.owl#Annoyance,annoyance,-,the feeling or state of being annoyed,anger produced by some annoying irritation,http://example.org/conceptual_spaces.owl#circumplex,circumplex,http://example.org/conceptual_spaces.owl#circumplex_arousal,arousal,amount of physiological change in the person's body,"[0, 1]"
http://example.org/emotions.owl#Annoyance,annoyance,-,the feeling or state of being annoyed,anger produced by some annoying irritation,http://example.org/conceptual_spaces.owl#circumplex,circumplex,http://example.org/conceptual_spaces.owl#circumplex_valence,valence,degree of pleasantness or unpleasantness of an emotion,"[-1, 1]"
http://example.org/emotions.owl#Annoyance,annoyance,-,the feeling or state of being annoyed,anger produced by some annoying irritation,http://example.org/conceptual_spaces.owl#Fontaine,fontaine,http://example.org/conceptual_spaces.owl#Fontaine_activity,activity,amount of physiological change in the person's body,"[0, 1]"
http://example.org/emotions.owl#Annoyance,annoyance,-,the feeling or state of being annoyed,anger produced by some annoying irritation,http://example.org/conceptual_spaces.owl#Fontaine,fontaine,http://example.org/conceptual_spaces.owl#Fontaine_evaluation,evaluation,degree of pleasantness or unpleasantness of an emotion,"[-1, 1]"
http://example.org/emotions.owl#Annoyance,annoyance,-,the feeling or state of being annoyed,anger produced by some annoying irritation,http://example.org/conceptual_spaces.owl#Fontaine,fontaine,http://example.org/conceptual_spaces.owl#Fontaine_potency,potency,"the perceived strength, dominance, or control inherent in an emotion.","[0, 1]"
http://example.org/emotions.owl#Annoyance,annoyance,-,the feeling or state of being annoyed,anger produced by some annoying irritation,http://example.org/conceptual_spaces.owl#Fontaine,fontaine,http://example.org/conceptual_spaces.owl#Fontaine_unpredictability,unpredictability,a person's reaction to a stimulus based on their familiarity with the situation,"[0, 1]"
http://example.org/emotions.owl#Annoyance,annoyance,-,the feeling or state of being annoyed,anger produced by some annoying irritation,http://example.org/conceptual_spaces.owl#Osgood,osgood,http://example.org/conceptual_spaces.owl#Osgood_activity,activity,amount of physiological change in the person's body,"[0, 1]"
http://example.org/emotions.owl#Annoyance,annoyance,-,the feeling or state of being annoyed,anger produced by some annoying irritation,http://example.org/conceptual_spaces.owl#Osgood,osgood,http://example.org/conceptual_spaces.owl#Osgood_evaluation,evaluation,degree of pleasantness or unpleasantness of an emotion,"[-1, 1]"
http://example.org/emotions.owl#Annoyance,annoyance,-,the feeling or state of being annoyed,anger produced by some annoying irritation,http://example.org/conceptual_spaces.owl#Osgood,osgood,http://example.org/conceptual_spaces.owl#Osgood_potency,potency,"the perceived strength, dominance, or control inherent in an emotion.","[0, 1]"
http://example.org/emotions.owl#Annoyance,annoyance,-,the feeling or state of being annoyed,anger produced by some annoying irritation,http://example.org/conceptual_spaces.owl#PAD,pad,http://example.org/conceptual_spaces.owl#PAD_arousal,arousal,amount of physiological change in the person's body,"[0, 1]"
http://example.org/emotions.owl#Annoyance,annoyance,-,the feeling or state of being annoyed,anger produced by some annoying irritation,http://example.org/conceptual_spaces.owl#PAD,pad,http://example.org/conceptual_spaces.owl#PAD_dominance,dominance,the feeling of being in control of the situation vs being controlled,"[-1, 1]"
http://example.org/emotions.owl#Annoyance,annoyance,-,the feeling or state of being annoyed,anger produced by some annoying irritation,http://example.org/conceptual_spaces.owl#PAD,pad,http://example.org/conceptual_spaces.owl#PAD_pleasure,pleasure,degree of pleasantness or unpleasantness of an emotion,"[-1, 1]"
http://example.org/emotions.owl#Anticipation,anticipation,"looking forward to a future event or state, sometimes with an affective component (e.g., pleasure, anxiety)",a feeling of excitement about something that is going to happen in the near future,anticipating with confidence of fulfillment\n,http://example.org/conceptual_spaces.owl#circumplex,circumplex,http://example.org/conceptual_spaces.owl#circumplex_arousal,arousal,amount of physiological change in the person's body,"[0, 1]"
http://example.org/emotions.owl#Anticipation,anticipation,"looking forward to a future event or state, sometimes with an affective component (e.g., pleasure, anxiety)",a feeling of excitement about something that is going to happen in the near future,anticipating with confidence of fulfillment\n,http://example.org/conceptual_spaces.owl#circumplex,circumplex,http://example.org/conceptual_spaces.owl#circumplex_valence,valence,degree of pleasantness or unpleasantness of an emotion,"[-1, 1]"
http://example.org/emotions.owl#Anticipation,anticipation,"looking forward to a future event or state, sometimes with an affective component (e.g., pleasure, anxiety)",a feeling of excitement about something that is going to happen in the near future,anticipating with confidence of fulfillment\n,http://example.org/conceptual_spaces.owl#Fontaine,fontaine,http://example.org/conceptual_spaces.owl#Fontaine_activity,activity,amount of physiological change in the person's body,"[0, 1]"
http://example.org/emotions.owl#Anticipation,anticipation,"looking forward to a future event or state, sometimes with an affective component (e.g., pleasure, anxiety)",a feeling of excitement about something that is going to happen in the near future,anticipating with confidence of fulfillment\n,http://example.org/conceptual_spaces.owl#Fontaine,fontaine,http://example.org/conceptual_spaces.owl#Fontaine_evaluation,evaluation,degree of pleasantness or unpleasantness of an emotion,"[-1, 1]"
http://example.org/emotions.owl#Anticipation,anticipation,"looking forward to a future event or state, sometimes with an affective component (e.g., pleasure, anxiety)",a feeling of excitement about something that is going to happen in the near future,anticipating with confidence of fulfillment\n,http://example.org/conceptual_spaces.owl#Fontaine,fontaine,http://example.org/conceptual_spaces.owl#Fontaine_potency,potency,"the perceived strength, dominance, or control inherent in an emotion.","[0, 1]"
http://example.org/emotions.owl#Anticipation,anticipation,"looking forward to a future event or state, sometimes with an affective component (e.g., pleasure, anxiety)",a feeling of excitement about something that is going to happen in the near future,anticipating with confidence of fulfillment\n,http://example.org/conceptual_spaces.owl#Fontaine,fontaine,http://example.org/conceptual_spaces.owl#Fontaine_unpredictability,unpredictability,a person's reaction to a stimulus based on their familiarity with the situation,"[0, 1]"
http://example.org/emotions.owl#Anticipation,anticipation,"looking forward to a future event or state, sometimes with an affective component (e.g., pleasure, anxiety)",a feeling of excitement about something that is going to happen in the near future,anticipating with confidence of fulfillment\n,http://example.org/conceptual_spaces.owl#Osgood,osgood,http://example.org/conceptual_spaces.owl#Osgood_activity,activity,amount of physiological change in the person's body,"[0, 1]"
http://example.org/emotions.owl#Anticipation,anticipation,"looking forward to a future event or state, sometimes with an affective component (e.g., pleasure, anxiety)",a feeling of excitement about something that is going to happen in the near future,anticipating with confidence of fulfillment\n,http://example.org/conceptual_spaces.owl#Osgood,osgood,http://example.org/conceptual_spaces.owl#Osgood_evaluation,evaluation,degree of pleasantness or unpleasantness of an emotion,"[-1, 1]"
http://example.org/emotions.owl#Anticipation,anticipation,"looking forward to a future event or state, sometimes with an affective component (e.g., pleasure, anxiety)",a feeling of excitement about something that is going to happen in the near future,anticipating with confidence of fulfillment\n,http://example.org/conceptual_spaces.owl#Osgood,osgood,http://example.org/conceptual_spaces.owl#Osgood_potency,potency,"the perceived strength, dominance, or control inherent in an emotion.","[0, 1]"
http://example.org/emotions.owl#Anticipation,anticipation,"looking forward to a future event or state, sometimes with an affective component (e.g., pleasure, anxiety)",a feeling of excitement about something that is going to happen in the near future,anticipating with confidence of fulfillment\n,http://example.org/conceptual_spaces.owl#PAD,pad,http://example.org/conceptual_spaces.owl#PAD_arousal,arousal,amount of physiological change in the person's body,"[0, 1]"
http://example.org/emotions.owl#Anticipation,anticipation,"looking forward to a future event or state, sometimes with an affective component (e.g., pleasure, anxiety)",a feeling of excitement about something that is going to happen in the near future,anticipating with confidence of fulfillment\n,http://example.org/conceptual_spaces.owl#PAD,pad,http://example.org/conceptual_spaces.owl#PAD_dominance,dominance,the feeling of being in control of the situation vs being controlled,"[-1, 1]"
http://example.org/emotions.owl#Anticipation,anticipation,"looking forward to a future event or state, sometimes with an affective component (e.g., pleasure, anxiety)",a feeling of excitement about something that is going to happen in the near future,anticipating with confidence of fulfillment\n,http://example.org/conceptual_spaces.owl#PAD,pad,http://example.org/conceptual_spaces.owl#PAD_pleasure,pleasure,degree of pleasantness or unpleasantness of an emotion,"[-1, 1]"
http://example.org/emotions.owl#Apprehension,apprehension,uneasiness or dread about an upcoming event or the future generally,"worry about the future, or a fear that something unpleasant is going to happen","fearful expectation or anticipation; \""the student looked around the examination room with apprehension\""",http://example.org/conceptual_spaces.owl#circumplex,circumplex,http://example.org/conceptual_spaces.owl#circumplex_arousal,arousal,amount of physiological change in the person's body,"[0, 1]"
http://example.org/emotions.owl#Apprehension,apprehension,uneasiness or dread about an upcoming event or the future generally,"worry about the future, or a fear that something unpleasant is going to happen","fearful expectation or anticipation; \""the student looked around the examination room with apprehension\""",http://example.org/conceptual_spaces.owl#circumplex,circumplex,http://example.org/conceptual_spaces.owl#circumplex_valence,valence,degree of pleasantness or unpleasantness of an emotion,"[-1, 1]"
http://example.org/emotions.owl#Apprehension,apprehension,uneasiness or dread about an upcoming event or the future generally,"worry about the future, or a fear that something unpleasant is going to happen","fearful expectation or anticipation; \""the student looked around the examination room with apprehension\""",http://example.org/conceptual_spaces.owl#Fontaine,fontaine,http://example.org/conceptual_spaces.owl#Fontaine_activity,activity,amount of physiological change in the person's body,"[0, 1]"
http://example.org/emotions.owl#Apprehension,apprehension,uneasiness or dread about an upcoming event or the future generally,"worry about the future, or a fear that something unpleasant is going to happen","fearful expectation or anticipation; \""the student looked around the examination room with apprehension\""",http://example.org/conceptual_spaces.owl#Fontaine,fontaine,http://example.org/conceptual_spaces.owl#Fontaine_evaluation,evaluation,degree of pleasantness or unpleasantness of an emotion,"[-1, 1]"
http://example.org/emotions.owl#Apprehension,apprehension,uneasiness or dread about an upcoming event or the future generally,"worry about the future, or a fear that something unpleasant is going to happen","fearful expectation or anticipation; \""the student looked around the examination room with apprehension\""",http://example.org/conceptual_spaces.owl#Fontaine,fontaine,http://example.org/conceptual_spaces.owl#Fontaine_potency,potency,"the perceived strength, dominance, or control inherent in an emotion.","[0, 1]"
http://example.org/emotions.owl#Apprehension,apprehension,uneasiness or dread about an upcoming event or the future generally,"worry about the future, or a fear that something unpleasant is going to happen","fearful expectation or anticipation; \""the student looked around the examination room with apprehension\""",http://example.org/conceptual_spaces.owl#Fontaine,fontaine,http://example.org/conceptual_spaces.owl#Fontaine_unpredictability,unpredictability,a person's reaction to a stimulus based on their familiarity with the situation,"[0, 1]"
http://example.org/emotions.owl#Apprehension,apprehension,uneasiness or dread about an upcoming event or the future generally,"worry about the future, or a fear that something unpleasant is going to happen","fearful expectation or anticipation; \""the student looked around the examination room with apprehension\""",http://example.org/conceptual_spaces.owl#Osgood,osgood,http://example.org/conceptual_spaces.owl#Osgood_activity,activity,amount of physiological change in the person's body,"[0, 1]"
http://example.org/emotions.owl#Apprehension,apprehension,uneasiness or dread about an upcoming event or the future generally,"worry about the future, or a fear that something unpleasant is going to happen","fearful expectation or anticipation; \""the student looked around the examination room with apprehension\""",http://example.org/conceptual_spaces.owl#Osgood,osgood,http://example.org/conceptual_spaces.owl#Osgood_evaluation,evaluation,degree of pleasantness or unpleasantness of an emotion,"[-1, 1]"
http://example.org/emotions.owl#Apprehension,apprehension,uneasiness or dread about an upcoming event or the future generally,"worry about the future, or a fear that something unpleasant is going to happen","fearful expectation or anticipation; \""the student looked around the examination room with apprehension\""",http://example.org/conceptual_spaces.owl#Osgood,osgood,http://example.org/conceptual_spaces.owl#Osgood_potency,potency,"the perceived strength, dominance, or control inherent in an emotion.","[0, 1]"
http://example.org/emotions.owl#Apprehension,apprehension,uneasiness or dread about an upcoming event or the future generally,"worry about the future, or a fear that something unpleasant is going to happen","fearful expectation or anticipation; \""the student looked around the examination room with apprehension\""",http://example.org/conceptual_spaces.owl#PAD,pad,http://example.org/conceptual_spaces.owl#PAD_arousal,arousal,amount of physiological change in the person's body,"[0, 1]"
http://example.org/emotions.owl#Apprehension,apprehension,uneasiness or dread about an upcoming event or the future generally,"worry about the future, or a fear that something unpleasant is going to happen","fearful expectation or anticipation; \""the student looked around the examination room with apprehension\""",http://example.org/conceptual_spaces.owl#PAD,pad,http://example.org/conceptual_spaces.owl#PAD_dominance,dominance,the feeling of being in control of the situation vs being controlled,"[-1, 1]"
http://example.org/emotions.owl#Apprehension,apprehension,uneasiness or dread about an upcoming event or the future generally,"worry about the future, or a fear that something unpleasant is going to happen","fearful expectation or anticipation; \""the student looked around the examination room with apprehension\""",http://example.org/conceptual_spaces.owl#PAD,pad,http://example.org/conceptual_spaces.owl#PAD_pleasure,pleasure,degree of pleasantness or unpleasantness of an emotion,"[-1, 1]"
http://example.org/emotions.owl#Awe,awe,"the experience of admiration and elevation in response to physical beauty, displays of exceptional ability, or moral goodness.",a feeling of great respect sometimes mixed with fear or surprise,"an overwhelming feeling of wonder or admiration; \""he stared over the edge with a feeling of awe\""",http://example.org/conceptual_spaces.owl#circumplex,circumplex,http://example.org/conceptual_spaces.owl#circumplex_arousal,arousal,amount of physiological change in the person's body,"[0, 1]"
http://example.org/emotions.owl#Awe,awe,"the experience of admiration and elevation in response to physical beauty, displays of exceptional ability, or moral goodness.",a feeling of great respect sometimes mixed with fear or surprise,"an overwhelming feeling of wonder or admiration; \""he stared over the edge with a feeling of awe\""",http://example.org/conceptual_spaces.owl#circumplex,circumplex,http://example.org/conceptual_spaces.owl#circumplex_valence,valence,degree of pleasantness or unpleasantness of an emotion,"[-1, 1]"
http://example.org/emotions.owl#Awe,awe,"the experience of admiration and elevation in response to physical beauty, displays of exceptional ability, or moral goodness.",a feeling of great respect sometimes mixed with fear or surprise,"an overwhelming feeling of wonder or admiration; \""he stared over the edge with a feeling of awe\""",http://example.org/conceptual_spaces.owl#Fontaine,fontaine,http://example.org/conceptual_spaces.owl#Fontaine_activity,activity,amount of physiological change in the person's body,"[0, 1]"
http://example.org/emotions.owl#Awe,awe,"the experience of admiration and elevation in response to physical beauty, displays of exceptional ability, or moral goodness.",a feeling of great respect sometimes mixed with fear or surprise,"an overwhelming feeling of wonder or admiration; \""he stared over the edge with a feeling of awe\""",http://example.org/conceptual_spaces.owl#Fontaine,fontaine,http://example.org/conceptual_spaces.owl#Fontaine_evaluation,evaluation,degree of pleasantness or unpleasantness of an emotion,"[-1, 1]"
http://example.org/emotions.owl#Awe,awe,"the experience of admiration and elevation in response to physical beauty, displays of exceptional ability, or moral goodness.",a feeling of great respect sometimes mixed with fear or surprise,"an overwhelming feeling of wonder or admiration; \""he stared over the edge with a feeling of awe\""",http://example.org/conceptual_spaces.owl#Fontaine,fontaine,http://example.org/conceptual_spaces.owl#Fontaine_potency,potency,"the perceived strength, dominance, or control inherent in an emotion.","[0, 1]"
http://example.org/emotions.owl#Awe,awe,"the experience of admiration and elevation in response to physical beauty, displays of exceptional ability, or moral goodness.",a feeling of great respect sometimes mixed with fear or surprise,"an overwhelming feeling of wonder or admiration; \""he stared over the edge with a feeling of awe\""",http://example.org/conceptual_spaces.owl#Fontaine,fontaine,http://example.org/conceptual_spaces.owl#Fontaine_unpredictability,unpredictability,a person's reaction to a stimulus based on their familiarity with the situation,"[0, 1]"
http://example.org/emotions.owl#Awe,awe,"the experience of admiration and elevation in response to physical beauty, displays of exceptional ability, or moral goodness.",a feeling of great respect sometimes mixed with fear or surprise,"an overwhelming feeling of wonder or admiration; \""he stared over the edge with a feeling of awe\""",http://example.org/conceptual_spaces.owl#Osgood,osgood,http://example.org/conceptual_spaces.owl#Osgood_activity,activity,amount of physiological change in the person's body,"[0, 1]"
http://example.org/emotions.owl#Awe,awe,"the experience of admiration and elevation in response to physical beauty, displays of exceptional ability, or moral goodness.",a feeling of great respect sometimes mixed with fear or surprise,"an overwhelming feeling of wonder or admiration; \""he stared over the edge with a feeling of awe\""",http://example.org/conceptual_spaces.owl#Osgood,osgood,http://example.org/conceptual_spaces.owl#Osgood_evaluation,evaluation,degree of pleasantness or unpleasantness of an emotion,"[-1, 1]"
http://example.org/emotions.owl#Awe,awe,"the experience of admiration and elevation in response to physical beauty, displays of exceptional ability, or moral goodness.",a feeling of great respect sometimes mixed with fear or surprise,"an overwhelming feeling of wonder or admiration; \""he stared over the edge with a feeling of awe\""",http://example.org/conceptual_spaces.owl#Osgood,osgood,http://example.org/conceptual_spaces.owl#Osgood_potency,potency,"the perceived strength, dominance, or control inherent in an emotion.","[0, 1]"
http://example.org/emotions.owl#Awe,awe,"the experience of admiration and elevation in response to physical beauty, displays of exceptional ability, or moral goodness.",a feeling of great respect sometimes mixed with fear or surprise,"an overwhelming feeling of wonder or admiration; \""he stared over the edge with a feeling of awe\""",http://example.org/conceptual_spaces.owl#PAD,pad,http://example.org/conceptual_spaces.owl#PAD_arousal,arousal,amount of physiological change in the person's body,"[0, 1]"
http://example.org/emotions.owl#Awe,awe,"the experience of admiration and elevation in response to physical beauty, displays of exceptional ability, or moral goodness.",a feeling of great respect sometimes mixed with fear or surprise,"an overwhelming feeling of wonder or admiration; \""he stared over the edge with a feeling of awe\""",http://example.org/conceptual_spaces.owl#PAD,pad,http://example.org/conceptual_spaces.owl#PAD_dominance,dominance,the feeling of being in control of the situation vs being controlled,"[-1, 1]"
http://example.org/emotions.owl#Awe,awe,"the experience of admiration and elevation in response to physical beauty, displays of exceptional ability, or moral goodness.",a feeling of great respect sometimes mixed with fear or surprise,"an overwhelming feeling of wonder or admiration; \""he stared over the edge with a feeling of awe\""",http://example.org/conceptual_spaces.owl#PAD,pad,http://example.org/conceptual_spaces.owl#PAD_pleasure,pleasure,degree of pleasantness or unpleasantness of an emotion,"[-1, 1]"
http://example.org/emotions.owl#Boredom,boredom,a state of weariness or ennui resulting from a lack of engagement with stimuli in the environment.,the state of being bored,the feeling of being bored by something tedious,http://example.org/conceptual_spaces.owl#circumplex,circumplex,http://example.org/conceptual_spaces.owl#circumplex_arousal,arousal,amount of physiological change in the person's body,"[0, 1]"
http://example.org/emotions.owl#Boredom,boredom,a state of weariness or ennui resulting from a lack of engagement with stimuli in the environment.,the state of being bored,the feeling of being bored by something tedious,http://example.org/conceptual_spaces.owl#circumplex,circumplex,http://example.org/conceptual_spaces.owl#circumplex_valence,valence,degree of pleasantness or unpleasantness of an emotion,"[-1, 1]"
http://example.org/emotions.owl#Boredom,boredom,a state of weariness or ennui resulting from a lack of engagement with stimuli in the environment.,the state of being bored,the feeling of being bored by something tedious,http://example.org/conceptual_spaces.owl#Fontaine,fontaine,http://example.org/conceptual_spaces.owl#Fontaine_activity,activity,amount of physiological change in the person's body,"[0, 1]"
http://example.org/emotions.owl#Boredom,boredom,a state of weariness or ennui resulting from a lack of engagement with stimuli in the environment.,the state of being bored,the feeling of being bored by something tedious,http://example.org/conceptual_spaces.owl#Fontaine,fontaine,http://example.org/conceptual_spaces.owl#Fontaine_evaluation,evaluation,degree of pleasantness or unpleasantness of an emotion,"[-1, 1]"
http://example.org/emotions.owl#Boredom,boredom,a state of weariness or ennui resulting from a lack of engagement with stimuli in the environment.,the state of being bored,the feeling of being bored by something tedious,http://example.org/conceptual_spaces.owl#Fontaine,fontaine,http://example.org/conceptual_spaces.owl#Fontaine_potency,potency,"the perceived strength, dominance, or control inherent in an emotion.","[0, 1]"
http://example.org/emotions.owl#Boredom,boredom,a state of weariness or ennui resulting from a lack of engagement with stimuli in the environment.,the state of being bored,the feeling of being bored by something tedious,http://example.org/conceptual_spaces.owl#Fontaine,fontaine,http://example.org/conceptual_spaces.owl#Fontaine_unpredictability,unpredictability,a person's reaction to a stimulus based on their familiarity with the situation,"[0, 1]"
http://example.org/emotions.owl#Boredom,boredom,a state of weariness or ennui resulting from a lack of engagement with stimuli in the environment.,the state of being bored,the feeling of being bored by something tedious,http://example.org/conceptual_spaces.owl#Osgood,osgood,http://example.org/conceptual_spaces.owl#Osgood_activity,activity,amount of physiological change in the person's body,"[0, 1]"
http://example.org/emotions.owl#Boredom,boredom,a state of weariness or ennui resulting from a lack of engagement with stimuli in the environment.,the state of being bored,the feeling of being bored by something tedious,http://example.org/conceptual_spaces.owl#Osgood,osgood,http://example.org/conceptual_spaces.owl#Osgood_evaluation,evaluation,degree of pleasantness or unpleasantness of an emotion,"[-1, 1]"
http://example.org/emotions.owl#Boredom,boredom,a state of weariness or ennui resulting from a lack of engagement with stimuli in the environment.,the state of being bored,the feeling of being bored by something tedious,http://example.org/conceptual_spaces.owl#Osgood,osgood,http://example.org/conceptual_spaces.owl#Osgood_potency,potency,"the perceived strength, dominance, or control inherent in an emotion.","[0, 1]"
http://example.org/emotions.owl#Boredom,boredom,a state of weariness or ennui resulting from a lack of engagement with stimuli in the environment.,the state of being bored,the feeling of being bored by something tedious,http://example.org/conceptual_spaces.owl#PAD,pad,http://example.org/conceptual_spaces.owl#PAD_arousal,arousal,amount of physiological change in the person's body,"[0, 1]"
http://example.org/emotions.owl#Boredom,boredom,a state of weariness or ennui resulting from a lack of engagement with stimuli in the environment.,the state of being bored,the feeling of being bored by something tedious,http://example.org/conceptual_spaces.owl#PAD,pad,http://example.org/conceptual_spaces.owl#PAD_dominance,dominance,the feeling of being in control of the situation vs being controlled,"[-1, 1]"
http://example.org/emotions.owl#Boredom,boredom,a state of weariness or ennui resulting from a lack of engagement with stimuli in the environment.,the state of being bored,the feeling of being bored by something tedious,http://example.org/conceptual_spaces.owl#PAD,pad,http://example.org/conceptual_spaces.owl#PAD_pleasure,pleasure,degree of pleasantness or unpleasantness of an emotion,"[-1, 1]"
http://example.org/emotions.owl#Contempt,contempt,"an emotion characterized by negative regard for anything or anybody considered to be inferior, vile, or worthless",a strong feeling of disliking and having no respect for someone or something,"lack of respect accompanied by a feeling of intense dislike; \""he was held in contempt\""; \""the despite in which outsiders were held is legendary\""",http://example.org/conceptual_spaces.owl#circumplex,circumplex,http://example.org/conceptual_spaces.owl#circumplex_arousal,arousal,amount of physiological change in the person's body,"[0, 1]"
http://example.org/emotions.owl#Contempt,contempt,"an emotion characterized by negative regard for anything or anybody considered to be inferior, vile, or worthless",a strong feeling of disliking and having no respect for someone or something,"lack of respect accompanied by a feeling of intense dislike; \""he was held in contempt\""; \""the despite in which outsiders were held is legendary\""",http://example.org/conceptual_spaces.owl#circumplex,circumplex,http://example.org/conceptual_spaces.owl#circumplex_valence,valence,degree of pleasantness or unpleasantness of an emotion,"[-1, 1]"
http://example.org/emotions.owl#Contempt,contempt,"an emotion characterized by negative regard for anything or anybody considered to be inferior, vile, or worthless",a strong feeling of disliking and having no respect for someone or something,"lack of respect accompanied by a feeling of intense dislike; \""he was held in contempt\""; \""the despite in which outsiders were held is legendary\""",http://example.org/conceptual_spaces.owl#Fontaine,fontaine,http://example.org/conceptual_spaces.owl#Fontaine_activity,activity,amount of physiological change in the person's body,"[0, 1]"
http://example.org/emotions.owl#Contempt,contempt,"an emotion characterized by negative regard for anything or anybody considered to be inferior, vile, or worthless",a strong feeling of disliking and having no respect for someone or something,"lack of respect accompanied by a feeling of intense dislike; \""he was held in contempt\""; \""the despite in which outsiders were held is legendary\""",http://example.org/conceptual_spaces.owl#Fontaine,fontaine,http://example.org/conceptual_spaces.owl#Fontaine_evaluation,evaluation,degree of pleasantness or unpleasantness of an emotion,"[-1, 1]"
http://example.org/emotions.owl#Contempt,contempt,"an emotion characterized by negative regard for anything or anybody considered to be inferior, vile, or worthless",a strong feeling of disliking and having no respect for someone or something,"lack of respect accompanied by a feeling of intense dislike; \""he was held in contempt\""; \""the despite in which outsiders were held is legendary\""",http://example.org/conceptual_spaces.owl#Fontaine,fontaine,http://example.org/conceptual_spaces.owl#Fontaine_potency,potency,"the perceived strength, dominance, or control inherent in an emotion.","[0, 1]"
http://example.org/emotions.owl#Contempt,contempt,"an emotion characterized by negative regard for anything or anybody considered to be inferior, vile, or worthless",a strong feeling of disliking and having no respect for someone or something,"lack of respect accompanied by a feeling of intense dislike; \""he was held in contempt\""; \""the despite in which outsiders were held is legendary\""",http://example.org/conceptual_spaces.owl#Fontaine,fontaine,http://example.org/conceptual_spaces.owl#Fontaine_unpredictability,unpredictability,a person's reaction to a stimulus based on their familiarity with the situation,"[0, 1]"
http://example.org/emotions.owl#Contempt,contempt,"an emotion characterized by negative regard for anything or anybody considered to be inferior, vile, or worthless",a strong feeling of disliking and having no respect for someone or something,"lack of respect accompanied by a feeling of intense dislike; \""he was held in contempt\""; \""the despite in which outsiders were held is legendary\""",http://example.org/conceptual_spaces.owl#Osgood,osgood,http://example.org/conceptual_spaces.owl#Osgood_activity,activity,amount of physiological change in the person's body,"[0, 1]"
http://example.org/emotions.owl#Contempt,contempt,"an emotion characterized by negative regard for anything or anybody considered to be inferior, vile, or worthless",a strong feeling of disliking and having no respect for someone or something,"lack of respect accompanied by a feeling of intense dislike; \""he was held in contempt\""; \""the despite in which outsiders were held is legendary\""",http://example.org/conceptual_spaces.owl#Osgood,osgood,http://example.org/conceptual_spaces.owl#Osgood_evaluation,evaluation,degree of pleasantness or unpleasantness of an emotion,"[-1, 1]"
http://example.org/emotions.owl#Contempt,contempt,"an emotion characterized by negative regard for anything or anybody considered to be inferior, vile, or worthless",a strong feeling of disliking and having no respect for someone or something,"lack of respect accompanied by a feeling of intense dislike; \""he was held in contempt\""; \""the despite in which outsiders were held is legendary\""",http://example.org/conceptual_spaces.owl#Osgood,osgood,http://example.org/conceptual_spaces.owl#Osgood_potency,potency,"the perceived strength, dominance, or control inherent in an emotion.","[0, 1]"
http://example.org/emotions.owl#Contempt,contempt,"an emotion characterized by negative regard for anything or anybody considered to be inferior, vile, or worthless",a strong feeling of disliking and having no respect for someone or something,"lack of respect accompanied by a feeling of intense dislike; \""he was held in contempt\""; \""the despite in which outsiders were held is legendary\""",http://example.org/conceptual_spaces.owl#PAD,pad,http://example.org/conceptual_spaces.owl#PAD_arousal,arousal,amount of physiological change in the person's body,"[0, 1]"
http://example.org/emotions.owl#Contempt,contempt,"an emotion characterized by negative regard for anything or anybody considered to be inferior, vile, or worthless",a strong feeling of disliking and having no respect for someone or something,"lack of respect accompanied by a feeling of intense dislike; \""he was held in contempt\""; \""the despite in which outsiders were held is legendary\""",http://example.org/conceptual_spaces.owl#PAD,pad,http://example.org/conceptual_spaces.owl#PAD_dominance,dominance,the feeling of being in control of the situation vs being controlled,"[-1, 1]"
http://example.org/emotions.owl#Contempt,contempt,"an emotion characterized by negative regard for anything or anybody considered to be inferior, vile, or worthless",a strong feeling of disliking and having no respect for someone or something,"lack of respect accompanied by a feeling of intense dislike; \""he was held in contempt\""; \""the despite in which outsiders were held is legendary\""",http://example.org/conceptual_spaces.owl#PAD,pad,http://example.org/conceptual_spaces.owl#PAD_pleasure,pleasure,degree of pleasantness or unpleasantness of an emotion,"[-1, 1]"
http://example.org/emotions.owl#Disappointment,disappointment,-,the feeling of being disappointed,"a feeling of dissatisfaction that results when your expectations are not realized; \""his hopes were so high he was doomed to disappointment\""",http://example.org/conceptual_spaces.owl#circumplex,circumplex,http://example.org/conceptual_spaces.owl#circumplex_arousal,arousal,amount of physiological change in the person's body,"[0, 1]"
http://example.org/emotions.owl#Disappointment,disappointment,-,the feeling of being disappointed,"a feeling of dissatisfaction that results when your expectations are not realized; \""his hopes were so high he was doomed to disappointment\""",http://example.org/conceptual_spaces.owl#circumplex,circumplex,http://example.org/conceptual_spaces.owl#circumplex_valence,valence,degree of pleasantness or unpleasantness of an emotion,"[-1, 1]"
http://example.org/emotions.owl#Disappointment,disappointment,-,the feeling of being disappointed,"a feeling of dissatisfaction that results when your expectations are not realized; \""his hopes were so high he was doomed to disappointment\""",http://example.org/conceptual_spaces.owl#Fontaine,fontaine,http://example.org/conceptual_spaces.owl#Fontaine_activity,activity,amount of physiological change in the person's body,"[0, 1]"
http://example.org/emotions.owl#Disappointment,disappointment,-,the feeling of being disappointed,"a feeling of dissatisfaction that results when your expectations are not realized; \""his hopes were so high he was doomed to disappointment\""",http://example.org/conceptual_spaces.owl#Fontaine,fontaine,http://example.org/conceptual_spaces.owl#Fontaine_evaluation,evaluation,degree of pleasantness or unpleasantness of an emotion,"[-1, 1]"
http://example.org/emotions.owl#Disappointment,disappointment,-,the feeling of being disappointed,"a feeling of dissatisfaction that results when your expectations are not realized; \""his hopes were so high he was doomed to disappointment\""",http://example.org/conceptual_spaces.owl#Fontaine,fontaine,http://example.org/conceptual_spaces.owl#Fontaine_potency,potency,"the perceived strength, dominance, or control inherent in an emotion.","[0, 1]"
http://example.org/emotions.owl#Disappointment,disappointment,-,the feeling of being disappointed,"a feeling of dissatisfaction that results when your expectations are not realized; \""his hopes were so high he was doomed to disappointment\""",http://example.org/conceptual_spaces.owl#Fontaine,fontaine,http://example.org/conceptual_spaces.owl#Fontaine_unpredictability,unpredictability,a person's reaction to a stimulus based on their familiarity with the situation,"[0, 1]"
http://example.org/emotions.owl#Disappointment,disappointment,-,the feeling of being disappointed,"a feeling of dissatisfaction that results when your expectations are not realized; \""his hopes were so high he was doomed to disappointment\""",http://example.org/conceptual_spaces.owl#Osgood,osgood,http://example.org/conceptual_spaces.owl#Osgood_activity,activity,amount of physiological change in the person's body,"[0, 1]"
http://example.org/emotions.owl#Disappointment,disappointment,-,the feeling of being disappointed,"a feeling of dissatisfaction that results when your expectations are not realized; \""his hopes were so high he was doomed to disappointment\""",http://example.org/conceptual_spaces.owl#Osgood,osgood,http://example.org/conceptual_spaces.owl#Osgood_evaluation,evaluation,degree of pleasantness or unpleasantness of an emotion,"[-1, 1]"
http://example.org/emotions.owl#Disappointment,disappointment,-,the feeling of being disappointed,"a feeling of dissatisfaction that results when your expectations are not realized; \""his hopes were so high he was doomed to disappointment\""",http://example.org/conceptual_spaces.owl#Osgood,osgood,http://example.org/conceptual_spaces.owl#Osgood_potency,potency,"the perceived strength, dominance, or control inherent in an emotion.","[0, 1]"
http://example.org/emotions.owl#Disappointment,disappointment,-,the feeling of being disappointed,"a feeling of dissatisfaction that results when your expectations are not realized; \""his hopes were so high he was doomed to disappointment\""",http://example.org/conceptual_spaces.owl#PAD,pad,http://example.org/conceptual_spaces.owl#PAD_arousal,arousal,amount of physiological change in the person's body,"[0, 1]"
http://example.org/emotions.owl#Disappointment,disappointment,-,the feeling of being disappointed,"a feeling of dissatisfaction that results when your expectations are not realized; \""his hopes were so high he was doomed to disappointment\""",http://example.org/conceptual_spaces.owl#PAD,pad,http://example.org/conceptual_spaces.owl#PAD_dominance,dominance,the feeling of being in control of the situation vs being controlled,"[-1, 1]"
http://example.org/emotions.owl#Disappointment,disappointment,-,the feeling of being disappointed,"a feeling of dissatisfaction that results when your expectations are not realized; \""his hopes were so high he was doomed to disappointment\""",http://example.org/conceptual_spaces.owl#PAD,pad,http://example.org/conceptual_spaces.owl#PAD_pleasure,pleasure,degree of pleasantness or unpleasantness of an emotion,"[-1, 1]"
http://example.org/emotions.owl#Disgust,disgust,"a strong aversion, for example, to the taste, smell, or touch of something deemed revolting, or toward a person or behavior deemed morally repugnant","a strong feeling of disapproval and dislike at a situation, person's behaviour, etc.",strong feelings of dislike,http://example.org/conceptual_spaces.owl#circumplex,circumplex,http://example.org/conceptual_spaces.owl#circumplex_arousal,arousal,amount of physiological change in the person's body,"[0, 1]"
http://example.org/emotions.owl#Disgust,disgust,"a strong aversion, for example, to the taste, smell, or touch of something deemed revolting, or toward a person or behavior deemed morally repugnant","a strong feeling of disapproval and dislike at a situation, person's behaviour, etc.",strong feelings of dislike,http://example.org/conceptual_spaces.owl#circumplex,circumplex,http://example.org/conceptual_spaces.owl#circumplex_valence,valence,degree of pleasantness or unpleasantness of an emotion,"[-1, 1]"
http://example.org/emotions.owl#Disgust,disgust,"a strong aversion, for example, to the taste, smell, or touch of something deemed revolting, or toward a person or behavior deemed morally repugnant","a strong feeling of disapproval and dislike at a situation, person's behaviour, etc.",strong feelings of dislike,http://example.org/conceptual_spaces.owl#Fontaine,fontaine,http://example.org/conceptual_spaces.owl#Fontaine_activity,activity,amount of physiological change in the person's body,"[0, 1]"
http://example.org/emotions.owl#Disgust,disgust,"a strong aversion, for example, to the taste, smell, or touch of something deemed revolting, or toward a person or behavior deemed morally repugnant","a strong feeling of disapproval and dislike at a situation, person's behaviour, etc.",strong feelings of dislike,http://example.org/conceptual_spaces.owl#Fontaine,fontaine,http://example.org/conceptual_spaces.owl#Fontaine_evaluation,evaluation,degree of pleasantness or unpleasantness of an emotion,"[-1, 1]"
http://example.org/emotions.owl#Disgust,disgust,"a strong aversion, for example, to the taste, smell, or touch of something deemed revolting, or toward a person or behavior deemed morally repugnant","a strong feeling of disapproval and dislike at a situation, person's behaviour, etc.",strong feelings of dislike,http://example.org/conceptual_spaces.owl#Fontaine,fontaine,http://example.org/conceptual_spaces.owl#Fontaine_potency,potency,"the perceived strength, dominance, or control inherent in an emotion.","[0, 1]"
http://example.org/emotions.owl#Disgust,disgust,"a strong aversion, for example, to the taste, smell, or touch of something deemed revolting, or toward a person or behavior deemed morally repugnant","a strong feeling of disapproval and dislike at a situation, person's behaviour, etc.",strong feelings of dislike,http://example.org/conceptual_spaces.owl#Fontaine,fontaine,http://example.org/conceptual_spaces.owl#Fontaine_unpredictability,unpredictability,a person's reaction to a stimulus based on their familiarity with the situation,"[0, 1]"
http://example.org/emotions.owl#Disgust,disgust,"a strong aversion, for example, to the taste, smell, or touch of something deemed revolting, or toward a person or behavior deemed morally repugnant","a strong feeling of disapproval and dislike at a situation, person's behaviour, etc.",strong feelings of dislike,http://example.org/conceptual_spaces.owl#Osgood,osgood,http://example.org/conceptual_spaces.owl#Osgood_activity,activity,amount of physiological change in the person's body,"[0, 1]"
http://example.org/emotions.owl#Disgust,disgust,"a strong aversion, for example, to the taste, smell, or touch of something deemed revolting, or toward a person or behavior deemed morally repugnant","a strong feeling of disapproval and dislike at a situation, person's behaviour, etc.",strong feelings of dislike,http://example.org/conceptual_spaces.owl#Osgood,osgood,http://example.org/conceptual_spaces.owl#Osgood_evaluation,evaluation,degree of pleasantness or unpleasantness of an emotion,"[-1, 1]"
http://example.org/emotions.owl#Disgust,disgust,"a strong aversion, for example, to the taste, smell, or touch of something deemed revolting, or toward a person or behavior deemed morally repugnant","a strong feeling of disapproval and dislike at a situation, person's behaviour, etc.",strong feelings of dislike,http://example.org/conceptual_spaces.owl#Osgood,osgood,http://example.org/conceptual_spaces.owl#Osgood_potency,potency,"the perceived strength, dominance, or control inherent in an emotion.","[0, 1]"
http://example.org/emotions.owl#Disgust,disgust,"a strong aversion, for example, to the taste, smell, or touch of something deemed revolting, or toward a person or behavior deemed morally repugnant","a strong feeling of disapproval and dislike at a situation, person's behaviour, etc.",strong feelings of dislike,http://example.org/conceptual_spaces.owl#PAD,pad,http://example.org/conceptual_spaces.owl#PAD_arousal,arousal,amount of physiological change in the person's body,"[0, 1]"
http://example.org/emotions.owl#Disgust,disgust,"a strong aversion, for example, to the taste, smell, or touch of something deemed revolting, or toward a person or behavior deemed morally repugnant","a strong feeling of disapproval and dislike at a situation, person's behaviour, etc.",strong feelings of dislike,http://example.org/conceptual_spaces.owl#PAD,pad,http://example.org/conceptual_spaces.owl#PAD_dominance,dominance,the feeling of being in control of the situation vs being controlled,"[-1, 1]"
http://example.org/emotions.owl#Disgust,disgust,"a strong aversion, for example, to the taste, smell, or touch of something deemed revolting, or toward a person or behavior deemed morally repugnant","a strong feeling of disapproval and dislike at a situation, person's behaviour, etc.",strong feelings of dislike,http://example.org/conceptual_spaces.owl#PAD,pad,http://example.org/conceptual_spaces.owl#PAD_pleasure,pleasure,degree of pleasantness or unpleasantness of an emotion,"[-1, 1]"
http://example.org/emotions.owl#Distraction,distraction,difficulty in maintaining attention or a tendency to be easily diverted from the matter at hand,the state of being very bored or annoyed,"mental turmoil; \""he drives me to distraction\""",http://example.org/conceptual_spaces.owl#circumplex,circumplex,http://example.org/conceptual_spaces.owl#circumplex_arousal,arousal,amount of physiological change in the person's body,"[0, 1]"
http://example.org/emotions.owl#Distraction,distraction,difficulty in maintaining attention or a tendency to be easily diverted from the matter at hand,the state of being very bored or annoyed,"mental turmoil; \""he drives me to distraction\""",http://example.org/conceptual_spaces.owl#circumplex,circumplex,http://example.org/conceptual_spaces.owl#circumplex_valence,valence,degree of pleasantness or unpleasantness of an emotion,"[-1, 1]"
http://example.org/emotions.owl#Distraction,distraction,difficulty in maintaining attention or a tendency to be easily diverted from the matter at hand,the state of being very bored or annoyed,"mental turmoil; \""he drives me to distraction\""",http://example.org/conceptual_spaces.owl#Fontaine,fontaine,http://example.org/conceptual_spaces.owl#Fontaine_activity,activity,amount of physiological change in the person's body,"[0, 1]"
http://example.org/emotions.owl#Distraction,distraction,difficulty in maintaining attention or a tendency to be easily diverted from the matter at hand,the state of being very bored or annoyed,"mental turmoil; \""he drives me to distraction\""",http://example.org/conceptual_spaces.owl#Fontaine,fontaine,http://example.org/conceptual_spaces.owl#Fontaine_evaluation,evaluation,degree of pleasantness or unpleasantness of an emotion,"[-1, 1]"
http://example.org/emotions.owl#Distraction,distraction,difficulty in maintaining attention or a tendency to be easily diverted from the matter at hand,the state of being very bored or annoyed,"mental turmoil; \""he drives me to distraction\""",http://example.org/conceptual_spaces.owl#Fontaine,fontaine,http://example.org/conceptual_spaces.owl#Fontaine_potency,potency,"the perceived strength, dominance, or control inherent in an emotion.","[0, 1]"
http://example.org/emotions.owl#Distraction,distraction,difficulty in maintaining attention or a tendency to be easily diverted from the matter at hand,the state of being very bored or annoyed,"mental turmoil; \""he drives me to distraction\""",http://example.org/conceptual_spaces.owl#Fontaine,fontaine,http://example.org/conceptual_spaces.owl#Fontaine_unpredictability,unpredictability,a person's reaction to a stimulus based on their familiarity with the situation,"[0, 1]"
http://example.org/emotions.owl#Distraction,distraction,difficulty in maintaining attention or a tendency to be easily diverted from the matter at hand,the state of being very bored or annoyed,"mental turmoil; \""he drives me to distraction\""",http://example.org/conceptual_spaces.owl#Osgood,osgood,http://example.org/conceptual_spaces.owl#Osgood_activity,activity,amount of physiological change in the person's body,"[0, 1]"
http://example.org/emotions.owl#Distraction,distraction,difficulty in maintaining attention or a tendency to be easily diverted from the matter at hand,the state of being very bored or annoyed,"mental turmoil; \""he drives me to distraction\""",http://example.org/conceptual_spaces.owl#Osgood,osgood,http://example.org/conceptual_spaces.owl#Osgood_evaluation,evaluation,degree of pleasantness or unpleasantness of an emotion,"[-1, 1]"
http://example.org/emotions.owl#Distraction,distraction,difficulty in maintaining attention or a tendency to be easily diverted from the matter at hand,the state of being very bored or annoyed,"mental turmoil; \""he drives me to distraction\""",http://example.org/conceptual_spaces.owl#Osgood,osgood,http://example.org/conceptual_spaces.owl#Osgood_potency,potency,"the perceived strength, dominance, or control inherent in an emotion.","[0, 1]"
http://example.org/emotions.owl#Distraction,distraction,difficulty in maintaining attention or a tendency to be easily diverted from the matter at hand,the state of being very bored or annoyed,"mental turmoil; \""he drives me to distraction\""",http://example.org/conceptual_spaces.owl#PAD,pad,http://example.org/conceptual_spaces.owl#PAD_arousal,arousal,amount of physiological change in the person's body,"[0, 1]"
http://example.org/emotions.owl#Distraction,distraction,difficulty in maintaining attention or a tendency to be easily diverted from the matter at hand,the state of being very bored or annoyed,"mental turmoil; \""he drives me to distraction\""",http://example.org/conceptual_spaces.owl#PAD,pad,http://example.org/conceptual_spaces.owl#PAD_dominance,dominance,the feeling of being in control of the situation vs being controlled,"[-1, 1]"
http://example.org/emotions.owl#Distraction,distraction,difficulty in maintaining attention or a tendency to be easily diverted from the matter at hand,the state of being very bored or annoyed,"mental turmoil; \""he drives me to distraction\""",http://example.org/conceptual_spaces.owl#PAD,pad,http://example.org/conceptual_spaces.owl#PAD_pleasure,pleasure,degree of pleasantness or unpleasantness of an emotion,"[-1, 1]"
http://example.org/emotions.owl#Ecstasy,ecstasy,"a feeling of intense pleasure and elation, including that experienced in some mystical states, during orgasm, with aesthetic reveries, and in drug-induced states.","a state of extreme happiness, especially when feeling pleasure","a state of being carried away by overwhelming emotion; \""listening to sweet music in a perfect rapture\""- Charles Dickens""",http://example.org/conceptual_spaces.owl#circumplex,circumplex,http://example.org/conceptual_spaces.owl#circumplex_arousal,arousal,amount of physiological change in the person's body,"[0, 1]"
http://example.org/emotions.owl#Ecstasy,ecstasy,"a feeling of intense pleasure and elation, including that experienced in some mystical states, during orgasm, with aesthetic reveries, and in drug-induced states.","a state of extreme happiness, especially when feeling pleasure","a state of being carried away by overwhelming emotion; \""listening to sweet music in a perfect rapture\""- Charles Dickens""",http://example.org/conceptual_spaces.owl#circumplex,circumplex,http://example.org/conceptual_spaces.owl#circumplex_valence,valence,degree of pleasantness or unpleasantness of an emotion,"[-1, 1]"
http://example.org/emotions.owl#Ecstasy,ecstasy,"a feeling of intense pleasure and elation, including that experienced in some mystical states, during orgasm, with aesthetic reveries, and in drug-induced states.","a state of extreme happiness, especially when feeling pleasure","a state of being carried away by overwhelming emotion; \""listening to sweet music in a perfect rapture\""- Charles Dickens""",http://example.org/conceptual_spaces.owl#Fontaine,fontaine,http://example.org/conceptual_spaces.owl#Fontaine_activity,activity,amount of physiological change in the person's body,"[0, 1]"
http://example.org/emotions.owl#Ecstasy,ecstasy,"a feeling of intense pleasure and elation, including that experienced in some mystical states, during orgasm, with aesthetic reveries, and in drug-induced states.","a state of extreme happiness, especially when feeling pleasure","a state of being carried away by overwhelming emotion; \""listening to sweet music in a perfect rapture\""- Charles Dickens""",http://example.org/conceptual_spaces.owl#Fontaine,fontaine,http://example.org/conceptual_spaces.owl#Fontaine_evaluation,evaluation,degree of pleasantness or unpleasantness of an emotion,"[-1, 1]"
http://example.org/emotions.owl#Ecstasy,ecstasy,"a feeling of intense pleasure and elation, including that experienced in some mystical states, during orgasm, with aesthetic reveries, and in drug-induced states.","a state of extreme happiness, especially when feeling pleasure","a state of being carried away by overwhelming emotion; \""listening to sweet music in a perfect rapture\""- Charles Dickens""",http://example.org/conceptual_spaces.owl#Fontaine,fontaine,http://example.org/conceptual_spaces.owl#Fontaine_potency,potency,"the perceived strength, dominance, or control inherent in an emotion.","[0, 1]"
http://example.org/emotions.owl#Ecstasy,ecstasy,"a feeling of intense pleasure and elation, including that experienced in some mystical states, during orgasm, with aesthetic reveries, and in drug-induced states.","a state of extreme happiness, especially when feeling pleasure","a state of being carried away by overwhelming emotion; \""listening to sweet music in a perfect rapture\""- Charles Dickens""",http://example.org/conceptual_spaces.owl#Fontaine,fontaine,http://example.org/conceptual_spaces.owl#Fontaine_unpredictability,unpredictability,a person's reaction to a stimulus based on their familiarity with the situation,"[0, 1]"
http://example.org/emotions.owl#Ecstasy,ecstasy,"a feeling of intense pleasure and elation, including that experienced in some mystical states, during orgasm, with aesthetic reveries, and in drug-induced states.","a state of extreme happiness, especially when feeling pleasure","a state of being carried away by overwhelming emotion; \""listening to sweet music in a perfect rapture\""- Charles Dickens""",http://example.org/conceptual_spaces.owl#Osgood,osgood,http://example.org/conceptual_spaces.owl#Osgood_activity,activity,amount of physiological change in the person's body,"[0, 1]"
http://example.org/emotions.owl#Ecstasy,ecstasy,"a feeling of intense pleasure and elation, including that experienced in some mystical states, during orgasm, with aesthetic reveries, and in drug-induced states.","a state of extreme happiness, especially when feeling pleasure","a state of being carried away by overwhelming emotion; \""listening to sweet music in a perfect rapture\""- Charles Dickens""",http://example.org/conceptual_spaces.owl#Osgood,osgood,http://example.org/conceptual_spaces.owl#Osgood_evaluation,evaluation,degree of pleasantness or unpleasantness of an emotion,"[-1, 1]"
http://example.org/emotions.owl#Ecstasy,ecstasy,"a feeling of intense pleasure and elation, including that experienced in some mystical states, during orgasm, with aesthetic reveries, and in drug-induced states.","a state of extreme happiness, especially when feeling pleasure","a state of being carried away by overwhelming emotion; \""listening to sweet music in a perfect rapture\""- Charles Dickens""",http://example.org/conceptual_spaces.owl#Osgood,osgood,http://example.org/conceptual_spaces.owl#Osgood_potency,potency,"the perceived strength, dominance, or control inherent in an emotion.","[0, 1]"
http://example.org/emotions.owl#Ecstasy,ecstasy,"a feeling of intense pleasure and elation, including that experienced in some mystical states, during orgasm, with aesthetic reveries, and in drug-induced states.","a state of extreme happiness, especially when feeling pleasure","a state of being carried away by overwhelming emotion; \""listening to sweet music in a perfect rapture\""- Charles Dickens""",http://example.org/conceptual_spaces.owl#PAD,pad,http://example.org/conceptual_spaces.owl#PAD_arousal,arousal,amount of physiological change in the person's body,"[0, 1]"
http://example.org/emotions.owl#Ecstasy,ecstasy,"a feeling of intense pleasure and elation, including that experienced in some mystical states, during orgasm, with aesthetic reveries, and in drug-induced states.","a state of extreme happiness, especially when feeling pleasure","a state of being carried away by overwhelming emotion; \""listening to sweet music in a perfect rapture\""- Charles Dickens""",http://example.org/conceptual_spaces.owl#PAD,pad,http://example.org/conceptual_spaces.owl#PAD_dominance,dominance,the feeling of being in control of the situation vs being controlled,"[-1, 1]"
http://example.org/emotions.owl#Ecstasy,ecstasy,"a feeling of intense pleasure and elation, including that experienced in some mystical states, during orgasm, with aesthetic reveries, and in drug-induced states.","a state of extreme happiness, especially when feeling pleasure","a state of being carried away by overwhelming emotion; \""listening to sweet music in a perfect rapture\""- Charles Dickens""",http://example.org/conceptual_spaces.owl#PAD,pad,http://example.org/conceptual_spaces.owl#PAD_pleasure,pleasure,degree of pleasantness or unpleasantness of an emotion,"[-1, 1]"
http://example.org/emotions.owl#Fear,fear,"a basic, intense emotion aroused by the detection of imminent threat, involving an immediate alarm reaction that mobilizes the organism by triggering a set of physiological changes","an unpleasant emotion or thought that you have when you are frightened or worried by something dangerous, painful, or bad that is happening or might happen",an emotion experienced in anticipation of some specific pain or danger (usually accompanied by a desire to flee or fight),http://example.org/conceptual_spaces.owl#circumplex,circumplex,http://example.org/conceptual_spaces.owl#circumplex_arousal,arousal,amount of physiological change in the person's body,"[0, 1]"
http://example.org/emotions.owl#Fear,fear,"a basic, intense emotion aroused by the detection of imminent threat, involving an immediate alarm reaction that mobilizes the organism by triggering a set of physiological changes","an unpleasant emotion or thought that you have when you are frightened or worried by something dangerous, painful, or bad that is happening or might happen",an emotion experienced in anticipation of some specific pain or danger (usually accompanied by a desire to flee or fight),http://example.org/conceptual_spaces.owl#circumplex,circumplex,http://example.org/conceptual_spaces.owl#circumplex_valence,valence,degree of pleasantness or unpleasantness of an emotion,"[-1, 1]"
http://example.org/emotions.owl#Fear,fear,"a basic, intense emotion aroused by the detection of imminent threat, involving an immediate alarm reaction that mobilizes the organism by triggering a set of physiological changes","an unpleasant emotion or thought that you have when you are frightened or worried by something dangerous, painful, or bad that is happening or might happen",an emotion experienced in anticipation of some specific pain or danger (usually accompanied by a desire to flee or fight),http://example.org/conceptual_spaces.owl#Fontaine,fontaine,http://example.org/conceptual_spaces.owl#Fontaine_activity,activity,amount of physiological change in the person's body,"[0, 1]"
http://example.org/emotions.owl#Fear,fear,"a basic, intense emotion aroused by the detection of imminent threat, involving an immediate alarm reaction that mobilizes the organism by triggering a set of physiological changes","an unpleasant emotion or thought that you have when you are frightened or worried by something dangerous, painful, or bad that is happening or might happen",an emotion experienced in anticipation of some specific pain or danger (usually accompanied by a desire to flee or fight),http://example.org/conceptual_spaces.owl#Fontaine,fontaine,http://example.org/conceptual_spaces.owl#Fontaine_evaluation,evaluation,degree of pleasantness or unpleasantness of an emotion,"[-1, 1]"
http://example.org/emotions.owl#Fear,fear,"a basic, intense emotion aroused by the detection of imminent threat, involving an immediate alarm reaction that mobilizes the organism by triggering a set of physiological changes","an unpleasant emotion or thought that you have when you are frightened or worried by something dangerous, painful, or bad that is happening or might happen",an emotion experienced in anticipation of some specific pain or danger (usually accompanied by a desire to flee or fight),http://example.org/conceptual_spaces.owl#Fontaine,fontaine,http://example.org/conceptual_spaces.owl#Fontaine_potency,potency,"the perceived strength, dominance, or control inherent in an emotion.","[0, 1]"
http://example.org/emotions.owl#Fear,fear,"a basic, intense emotion aroused by the detection of imminent threat, involving an immediate alarm reaction that mobilizes the organism by triggering a set of physiological changes","an unpleasant emotion or thought that you have when you are frightened or worried by something dangerous, painful, or bad that is happening or might happen",an emotion experienced in anticipation of some specific pain or danger (usually accompanied by a desire to flee or fight),http://example.org/conceptual_spaces.owl#Fontaine,fontaine,http://example.org/conceptual_spaces.owl#Fontaine_unpredictability,unpredictability,a person's reaction to a stimulus based on their familiarity with the situation,"[0, 1]"
http://example.org/emotions.owl#Fear,fear,"a basic, intense emotion aroused by the detection of imminent threat, involving an immediate alarm reaction that mobilizes the organism by triggering a set of physiological changes","an unpleasant emotion or thought that you have when you are frightened or worried by something dangerous, painful, or bad that is happening or might happen",an emotion experienced in anticipation of some specific pain or danger (usually accompanied by a desire to flee or fight),http://example.org/conceptual_spaces.owl#Osgood,osgood,http://example.org/conceptual_spaces.owl#Osgood_activity,activity,amount of physiological change in the person's body,"[0, 1]"
http://example.org/emotions.owl#Fear,fear,"a basic, intense emotion aroused by the detection of imminent threat, involving an immediate alarm reaction that mobilizes the organism by triggering a set of physiological changes","an unpleasant emotion or thought that you have when you are frightened or worried by something dangerous, painful, or bad that is happening or might happen",an emotion experienced in anticipation of some specific pain or danger (usually accompanied by a desire to flee or fight),http://example.org/conceptual_spaces.owl#Osgood,osgood,http://example.org/conceptual_spaces.owl#Osgood_evaluation,evaluation,degree of pleasantness or unpleasantness of an emotion,"[-1, 1]"
http://example.org/emotions.owl#Fear,fear,"a basic, intense emotion aroused by the detection of imminent threat, involving an immediate alarm reaction that mobilizes the organism by triggering a set of physiological changes","an unpleasant emotion or thought that you have when you are frightened or worried by something dangerous, painful, or bad that is happening or might happen",an emotion experienced in anticipation of some specific pain or danger (usually accompanied by a desire to flee or fight),http://example.org/conceptual_spaces.owl#Osgood,osgood,http://example.org/conceptual_spaces.owl#Osgood_potency,potency,"the perceived strength, dominance, or control inherent in an emotion.","[0, 1]"
http://example.org/emotions.owl#Fear,fear,"a basic, intense emotion aroused by the detection of imminent threat, involving an immediate alarm reaction that mobilizes the organism by triggering a set of physiological changes","an unpleasant emotion or thought that you have when you are frightened or worried by something dangerous, painful, or bad that is happening or might happen",an emotion experienced in anticipation of some specific pain or danger (usually accompanied by a desire to flee or fight),http://example.org/conceptual_spaces.owl#PAD,pad,http://example.org/conceptual_spaces.owl#PAD_arousal,arousal,amount of physiological change in the person's body,"[0, 1]"
http://example.org/emotions.owl#Fear,fear,"a basic, intense emotion aroused by the detection of imminent threat, involving an immediate alarm reaction that mobilizes the organism by triggering a set of physiological changes","an unpleasant emotion or thought that you have when you are frightened or worried by something dangerous, painful, or bad that is happening or might happen",an emotion experienced in anticipation of some specific pain or danger (usually accompanied by a desire to flee or fight),http://example.org/conceptual_spaces.owl#PAD,pad,http://example.org/conceptual_spaces.owl#PAD_dominance,dominance,the feeling of being in control of the situation vs being controlled,"[-1, 1]"
http://example.org/emotions.owl#Fear,fear,"a basic, intense emotion aroused by the detection of imminent threat, involving an immediate alarm reaction that mobilizes the organism by triggering a set of physiological changes","an unpleasant emotion or thought that you have when you are frightened or worried by something dangerous, painful, or bad that is happening or might happen",an emotion experienced in anticipation of some specific pain or danger (usually accompanied by a desire to flee or fight),http://example.org/conceptual_spaces.owl#PAD,pad,http://example.org/conceptual_spaces.owl#PAD_pleasure,pleasure,degree of pleasantness or unpleasantness of an emotion,"[-1, 1]"
http://example.org/emotions.owl#Grief,grief,"the anguish experienced after significant loss, usually the death of a beloved person.","very great sadness, especially at the death of someone",intense sorrow caused by loss of a loved one (especially by death),http://example.org/conceptual_spaces.owl#circumplex,circumplex,http://example.org/conceptual_spaces.owl#circumplex_arousal,arousal,amount of physiological change in the person's body,"[0, 1]"
http://example.org/emotions.owl#Grief,grief,"the anguish experienced after significant loss, usually the death of a beloved person.","very great sadness, especially at the death of someone",intense sorrow caused by loss of a loved one (especially by death),http://example.org/conceptual_spaces.owl#circumplex,circumplex,http://example.org/conceptual_spaces.owl#circumplex_valence,valence,degree of pleasantness or unpleasantness of an emotion,"[-1, 1]"
http://example.org/emotions.owl#Grief,grief,"the anguish experienced after significant loss, usually the death of a beloved person.","very great sadness, especially at the death of someone",intense sorrow caused by loss of a loved one (especially by death),http://example.org/conceptual_spaces.owl#Fontaine,fontaine,http://example.org/conceptual_spaces.owl#Fontaine_activity,activity,amount of physiological change in the person's body,"[0, 1]"
http://example.org/emotions.owl#Grief,grief,"the anguish experienced after significant loss, usually the death of a beloved person.","very great sadness, especially at the death of someone",intense sorrow caused by loss of a loved one (especially by death),http://example.org/conceptual_spaces.owl#Fontaine,fontaine,http://example.org/conceptual_spaces.owl#Fontaine_evaluation,evaluation,degree of pleasantness or unpleasantness of an emotion,"[-1, 1]"
http://example.org/emotions.owl#Grief,grief,"the anguish experienced after significant loss, usually the death of a beloved person.","very great sadness, especially at the death of someone",intense sorrow caused by loss of a loved one (especially by death),http://example.org/conceptual_spaces.owl#Fontaine,fontaine,http://example.org/conceptual_spaces.owl#Fontaine_potency,potency,"the perceived strength, dominance, or control inherent in an emotion.","[0, 1]"
http://example.org/emotions.owl#Grief,grief,"the anguish experienced after significant loss, usually the death of a beloved person.","very great sadness, especially at the death of someone",intense sorrow caused by loss of a loved one (especially by death),http://example.org/conceptual_spaces.owl#Fontaine,fontaine,http://example.org/conceptual_spaces.owl#Fontaine_unpredictability,unpredictability,a person's reaction to a stimulus based on their familiarity with the situation,"[0, 1]"
http://example.org/emotions.owl#Grief,grief,"the anguish experienced after significant loss, usually the death of a beloved person.","very great sadness, especially at the death of someone",intense sorrow caused by loss of a loved one (especially by death),http://example.org/conceptual_spaces.owl#Osgood,osgood,http://example.org/conceptual_spaces.owl#Osgood_activity,activity,amount of physiological change in the person's body,"[0, 1]"
http://example.org/emotions.owl#Grief,grief,"the anguish experienced after significant loss, usually the death of a beloved person.","very great sadness, especially at the death of someone",intense sorrow caused by loss of a loved one (especially by death),http://example.org/conceptual_spaces.owl#Osgood,osgood,http://example.org/conceptual_spaces.owl#Osgood_evaluation,evaluation,degree of pleasantness or unpleasantness of an emotion,"[-1, 1]"
http://example.org/emotions.owl#Grief,grief,"the anguish experienced after significant loss, usually the death of a beloved person.","very great sadness, especially at the death of someone",intense sorrow caused by loss of a loved one (especially by death),http://example.org/conceptual_spaces.owl#Osgood,osgood,http://example.org/conceptual_spaces.owl#Osgood_potency,potency,"the perceived strength, dominance, or control inherent in an emotion.","[0, 1]"
http://example.org/emotions.owl#Grief,grief,"the anguish experienced after significant loss, usually the death of a beloved person.","very great sadness, especially at the death of someone",intense sorrow caused by loss of a loved one (especially by death),http://example.org/conceptual_spaces.owl#PAD,pad,http://example.org/conceptual_spaces.owl#PAD_arousal,arousal,amount of physiological change in the person's body,"[0, 1]"
http://example.org/emotions.owl#Grief,grief,"the anguish experienced after significant loss, usually the death of a beloved person.","very great sadness, especially at the death of someone",intense sorrow caused by loss of a loved one (especially by death),http://example.org/conceptual_spaces.owl#PAD,pad,http://example.org/conceptual_spaces.owl#PAD_dominance,dominance,the feeling of being in control of the situation vs being controlled,"[-1, 1]"
http://example.org/emotions.owl#Grief,grief,"the anguish experienced after significant loss, usually the death of a beloved person.","very great sadness, especially at the death of someone",intense sorrow caused by loss of a loved one (especially by death),http://example.org/conceptual_spaces.owl#PAD,pad,http://example.org/conceptual_spaces.owl#PAD_pleasure,pleasure,degree of pleasantness or unpleasantness of an emotion,"[-1, 1]"
http://example.org/emotions.owl#Interest,interest,"attitude characterized by a need or desire to give selective attention to something that is significant to the individual, such as an activity, goal, or research area.",the feeling of wanting to give your attention to something or of wanting to be involved with and to discover more about something,"be of importance or consequence; \""This matters to me!\""\n",http://example.org/conceptual_spaces.owl#circumplex,circumplex,http://example.org/conceptual_spaces.owl#circumplex_arousal,arousal,amount of physiological change in the person's body,"[0, 1]"
http://example.org/emotions.owl#Interest,interest,"attitude characterized by a need or desire to give selective attention to something that is significant to the individual, such as an activity, goal, or research area.",the feeling of wanting to give your attention to something or of wanting to be involved with and to discover more about something,"be of importance or consequence; \""This matters to me!\""\n",http://example.org/conceptual_spaces.owl#circumplex,circumplex,http://example.org/conceptual_spaces.owl#circumplex_valence,valence,degree of pleasantness or unpleasantness of an emotion,"[-1, 1]"
http://example.org/emotions.owl#Interest,interest,"attitude characterized by a need or desire to give selective attention to something that is significant to the individual, such as an activity, goal, or research area.",the feeling of wanting to give your attention to something or of wanting to be involved with and to discover more about something,"be of importance or consequence; \""This matters to me!\""\n",http://example.org/conceptual_spaces.owl#Fontaine,fontaine,http://example.org/conceptual_spaces.owl#Fontaine_activity,activity,amount of physiological change in the person's body,"[0, 1]"
http://example.org/emotions.owl#Interest,interest,"attitude characterized by a need or desire to give selective attention to something that is significant to the individual, such as an activity, goal, or research area.",the feeling of wanting to give your attention to something or of wanting to be involved with and to discover more about something,"be of importance or consequence; \""This matters to me!\""\n",http://example.org/conceptual_spaces.owl#Fontaine,fontaine,http://example.org/conceptual_spaces.owl#Fontaine_evaluation,evaluation,degree of pleasantness or unpleasantness of an emotion,"[-1, 1]"
http://example.org/emotions.owl#Interest,interest,"attitude characterized by a need or desire to give selective attention to something that is significant to the individual, such as an activity, goal, or research area.",the feeling of wanting to give your attention to something or of wanting to be involved with and to discover more about something,"be of importance or consequence; \""This matters to me!\""\n",http://example.org/conceptual_spaces.owl#Fontaine,fontaine,http://example.org/conceptual_spaces.owl#Fontaine_potency,potency,"the perceived strength, dominance, or control inherent in an emotion.","[0, 1]"
http://example.org/emotions.owl#Interest,interest,"attitude characterized by a need or desire to give selective attention to something that is significant to the individual, such as an activity, goal, or research area.",the feeling of wanting to give your attention to something or of wanting to be involved with and to discover more about something,"be of importance or consequence; \""This matters to me!\""\n",http://example.org/conceptual_spaces.owl#Fontaine,fontaine,http://example.org/conceptual_spaces.owl#Fontaine_unpredictability,unpredictability,a person's reaction to a stimulus based on their familiarity with the situation,"[0, 1]"
http://example.org/emotions.owl#Interest,interest,"attitude characterized by a need or desire to give selective attention to something that is significant to the individual, such as an activity, goal, or research area.",the feeling of wanting to give your attention to something or of wanting to be involved with and to discover more about something,"be of importance or consequence; \""This matters to me!\""\n",http://example.org/conceptual_spaces.owl#Osgood,osgood,http://example.org/conceptual_spaces.owl#Osgood_activity,activity,amount of physiological change in the person's body,"[0, 1]"
http://example.org/emotions.owl#Interest,interest,"attitude characterized by a need or desire to give selective attention to something that is significant to the individual, such as an activity, goal, or research area.",the feeling of wanting to give your attention to something or of wanting to be involved with and to discover more about something,"be of importance or consequence; \""This matters to me!\""\n",http://example.org/conceptual_spaces.owl#Osgood,osgood,http://example.org/conceptual_spaces.owl#Osgood_evaluation,evaluation,degree of pleasantness or unpleasantness of an emotion,"[-1, 1]"
http://example.org/emotions.owl#Interest,interest,"attitude characterized by a need or desire to give selective attention to something that is significant to the individual, such as an activity, goal, or research area.",the feeling of wanting to give your attention to something or of wanting to be involved with and to discover more about something,"be of importance or consequence; \""This matters to me!\""\n",http://example.org/conceptual_spaces.owl#Osgood,osgood,http://example.org/conceptual_spaces.owl#Osgood_potency,potency,"the perceived strength, dominance, or control inherent in an emotion.","[0, 1]"
http://example.org/emotions.owl#Interest,interest,"attitude characterized by a need or desire to give selective attention to something that is significant to the individual, such as an activity, goal, or research area.",the feeling of wanting to give your attention to something or of wanting to be involved with and to discover more about something,"be of importance or consequence; \""This matters to me!\""\n",http://example.org/conceptual_spaces.owl#PAD,pad,http://example.org/conceptual_spaces.owl#PAD_arousal,arousal,amount of physiological change in the person's body,"[0, 1]"
http://example.org/emotions.owl#Interest,interest,"attitude characterized by a need or desire to give selective attention to something that is significant to the individual, such as an activity, goal, or research area.",the feeling of wanting to give your attention to something or of wanting to be involved with and to discover more about something,"be of importance or consequence; \""This matters to me!\""\n",http://example.org/conceptual_spaces.owl#PAD,pad,http://example.org/conceptual_spaces.owl#PAD_dominance,dominance,the feeling of being in control of the situation vs being controlled,"[-1, 1]"
http://example.org/emotions.owl#Interest,interest,"attitude characterized by a need or desire to give selective attention to something that is significant to the individual, such as an activity, goal, or research area.",the feeling of wanting to give your attention to something or of wanting to be involved with and to discover more about something,"be of importance or consequence; \""This matters to me!\""\n",http://example.org/conceptual_spaces.owl#PAD,pad,http://example.org/conceptual_spaces.owl#PAD_pleasure,pleasure,degree of pleasantness or unpleasantness of an emotion,"[-1, 1]"
http://example.org/emotions.owl#Joy,joy,"a feeling of extreme gladness, delight, or exultation of the spirit arising from a sense of well-being or satisfaction.",great happiness,feel happiness or joy,http://example.org/conceptual_spaces.owl#circumplex,circumplex,http://example.org/conceptual_spaces.owl#circumplex_arousal,arousal,amount of physiological change in the person's body,"[0, 1]"
http://example.org/emotions.owl#Joy,joy,"a feeling of extreme gladness, delight, or exultation of the spirit arising from a sense of well-being or satisfaction.",great happiness,feel happiness or joy,http://example.org/conceptual_spaces.owl#circumplex,circumplex,http://example.org/conceptual_spaces.owl#circumplex_valence,valence,degree of pleasantness or unpleasantness of an emotion,"[-1, 1]"
http://example.org/emotions.owl#Joy,joy,"a feeling of extreme gladness, delight, or exultation of the spirit arising from a sense of well-being or satisfaction.",great happiness,feel happiness or joy,http://example.org/conceptual_spaces.owl#Fontaine,fontaine,http://example.org/conceptual_spaces.owl#Fontaine_activity,activity,amount of physiological change in the person's body,"[0, 1]"
http://example.org/emotions.owl#Joy,joy,"a feeling of extreme gladness, delight, or exultation of the spirit arising from a sense of well-being or satisfaction.",great happiness,feel happiness or joy,http://example.org/conceptual_spaces.owl#Fontaine,fontaine,http://example.org/conceptual_spaces.owl#Fontaine_evaluation,evaluation,degree of pleasantness or unpleasantness of an emotion,"[-1, 1]"
http://example.org/emotions.owl#Joy,joy,"a feeling of extreme gladness, delight, or exultation of the spirit arising from a sense of well-being or satisfaction.",great happiness,feel happiness or joy,http://example.org/conceptual_spaces.owl#Fontaine,fontaine,http://example.org/conceptual_spaces.owl#Fontaine_potency,potency,"the perceived strength, dominance, or control inherent in an emotion.","[0, 1]"
http://example.org/emotions.owl#Joy,joy,"a feeling of extreme gladness, delight, or exultation of the spirit arising from a sense of well-being or satisfaction.",great happiness,feel happiness or joy,http://example.org/conceptual_spaces.owl#Fontaine,fontaine,http://example.org/conceptual_spaces.owl#Fontaine_unpredictability,unpredictability,a person's reaction to a stimulus based on their familiarity with the situation,"[0, 1]"
http://example.org/emotions.owl#Joy,joy,"a feeling of extreme gladness, delight, or exultation of the spirit arising from a sense of well-being or satisfaction.",great happiness,feel happiness or joy,http://example.org/conceptual_spaces.owl#Osgood,osgood,http://example.org/conceptual_spaces.owl#Osgood_activity,activity,amount of physiological change in the person's body,"[0, 1]"
http://example.org/emotions.owl#Joy,joy,"a feeling of extreme gladness, delight, or exultation of the spirit arising from a sense of well-being or satisfaction.",great happiness,feel happiness or joy,http://example.org/conceptual_spaces.owl#Osgood,osgood,http://example.org/conceptual_spaces.owl#Osgood_evaluation,evaluation,degree of pleasantness or unpleasantness of an emotion,"[-1, 1]"
http://example.org/emotions.owl#Joy,joy,"a feeling of extreme gladness, delight, or exultation of the spirit arising from a sense of well-being or satisfaction.",great happiness,feel happiness or joy,http://example.org/conceptual_spaces.owl#Osgood,osgood,http://example.org/conceptual_spaces.owl#Osgood_potency,potency,"the perceived strength, dominance, or control inherent in an emotion.","[0, 1]"
http://example.org/emotions.owl#Joy,joy,"a feeling of extreme gladness, delight, or exultation of the spirit arising from a sense of well-being or satisfaction.",great happiness,feel happiness or joy,http://example.org/conceptual_spaces.owl#PAD,pad,http://example.org/conceptual_spaces.owl#PAD_arousal,arousal,amount of physiological change in the person's body,"[0, 1]"
http://example.org/emotions.owl#Joy,joy,"a feeling of extreme gladness, delight, or exultation of the spirit arising from a sense of well-being or satisfaction.",great happiness,feel happiness or joy,http://example.org/conceptual_spaces.owl#PAD,pad,http://example.org/conceptual_spaces.owl#PAD_dominance,dominance,the feeling of being in control of the situation vs being controlled,"[-1, 1]"
http://example.org/emotions.owl#Joy,joy,"a feeling of extreme gladness, delight, or exultation of the spirit arising from a sense of well-being or satisfaction.",great happiness,feel happiness or joy,http://example.org/conceptual_spaces.owl#PAD,pad,http://example.org/conceptual_spaces.owl#PAD_pleasure,pleasure,degree of pleasantness or unpleasantness of an emotion,"[-1, 1]"
http://example.org/emotions.owl#Loathing,loathing,-,a strong feeling of hating someone or something,hate coupled with disgust,http://example.org/conceptual_spaces.owl#circumplex,circumplex,http://example.org/conceptual_spaces.owl#circumplex_arousal,arousal,amount of physiological change in the person's body,"[0, 1]"
http://example.org/emotions.owl#Loathing,loathing,-,a strong feeling of hating someone or something,hate coupled with disgust,http://example.org/conceptual_spaces.owl#circumplex,circumplex,http://example.org/conceptual_spaces.owl#circumplex_valence,valence,degree of pleasantness or unpleasantness of an emotion,"[-1, 1]"
http://example.org/emotions.owl#Loathing,loathing,-,a strong feeling of hating someone or something,hate coupled with disgust,http://example.org/conceptual_spaces.owl#Fontaine,fontaine,http://example.org/conceptual_spaces.owl#Fontaine_activity,activity,amount of physiological change in the person's body,"[0, 1]"
http://example.org/emotions.owl#Loathing,loathing,-,a strong feeling of hating someone or something,hate coupled with disgust,http://example.org/conceptual_spaces.owl#Fontaine,fontaine,http://example.org/conceptual_spaces.owl#Fontaine_evaluation,evaluation,degree of pleasantness or unpleasantness of an emotion,"[-1, 1]"
http://example.org/emotions.owl#Loathing,loathing,-,a strong feeling of hating someone or something,hate coupled with disgust,http://example.org/conceptual_spaces.owl#Fontaine,fontaine,http://example.org/conceptual_spaces.owl#Fontaine_potency,potency,"the perceived strength, dominance, or control inherent in an emotion.","[0, 1]"
http://example.org/emotions.owl#Loathing,loathing,-,a strong feeling of hating someone or something,hate coupled with disgust,http://example.org/conceptual_spaces.owl#Fontaine,fontaine,http://example.org/conceptual_spaces.owl#Fontaine_unpredictability,unpredictability,a person's reaction to a stimulus based on their familiarity with the situation,"[0, 1]"
http://example.org/emotions.owl#Loathing,loathing,-,a strong feeling of hating someone or something,hate coupled with disgust,http://example.org/conceptual_spaces.owl#Osgood,osgood,http://example.org/conceptual_spaces.owl#Osgood_activity,activity,amount of physiological change in the person's body,"[0, 1]"
http://example.org/emotions.owl#Loathing,loathing,-,a strong feeling of hating someone or something,hate coupled with disgust,http://example.org/conceptual_spaces.owl#Osgood,osgood,http://example.org/conceptual_spaces.owl#Osgood_evaluation,evaluation,degree of pleasantness or unpleasantness of an emotion,"[-1, 1]"
http://example.org/emotions.owl#Loathing,loathing,-,a strong feeling of hating someone or something,hate coupled with disgust,http://example.org/conceptual_spaces.owl#Osgood,osgood,http://example.org/conceptual_spaces.owl#Osgood_potency,potency,"the perceived strength, dominance, or control inherent in an emotion.","[0, 1]"
http://example.org/emotions.owl#Loathing,loathing,-,a strong feeling of hating someone or something,hate coupled with disgust,http://example.org/conceptual_spaces.owl#PAD,pad,http://example.org/conceptual_spaces.owl#PAD_arousal,arousal,amount of physiological change in the person's body,"[0, 1]"
http://example.org/emotions.owl#Loathing,loathing,-,a strong feeling of hating someone or something,hate coupled with disgust,http://example.org/conceptual_spaces.owl#PAD,pad,http://example.org/conceptual_spaces.owl#PAD_dominance,dominance,the feeling of being in control of the situation vs being controlled,"[-1, 1]"
http://example.org/emotions.owl#Loathing,loathing,-,a strong feeling of hating someone or something,hate coupled with disgust,http://example.org/conceptual_spaces.owl#PAD,pad,http://example.org/conceptual_spaces.owl#PAD_pleasure,pleasure,degree of pleasantness or unpleasantness of an emotion,"[-1, 1]"
http://example.org/emotions.owl#Love,love,"a complex emotion involving strong feelings of affection and tenderness for the love object, pleasurable sensations in their presence, devotion to their well-being, and sensitivity to their reactions to oneself.",to like something very much,"have a great affection or liking for; \""I love French food\""; \""She loves her boss and works hard for him\""",http://example.org/conceptual_spaces.owl#circumplex,circumplex,http://example.org/conceptual_spaces.owl#circumplex_arousal,arousal,amount of physiological change in the person's body,"[0, 1]"
http://example.org/emotions.owl#Love,love,"a complex emotion involving strong feelings of affection and tenderness for the love object, pleasurable sensations in their presence, devotion to their well-being, and sensitivity to their reactions to oneself.",to like something very much,"have a great affection or liking for; \""I love French food\""; \""She loves her boss and works hard for him\""",http://example.org/conceptual_spaces.owl#circumplex,circumplex,http://example.org/conceptual_spaces.owl#circumplex_valence,valence,degree of pleasantness or unpleasantness of an emotion,"[-1, 1]"
http://example.org/emotions.owl#Love,love,"a complex emotion involving strong feelings of affection and tenderness for the love object, pleasurable sensations in their presence, devotion to their well-being, and sensitivity to their reactions to oneself.",to like something very much,"have a great affection or liking for; \""I love French food\""; \""She loves her boss and works hard for him\""",http://example.org/conceptual_spaces.owl#Fontaine,fontaine,http://example.org/conceptual_spaces.owl#Fontaine_activity,activity,amount of physiological change in the person's body,"[0, 1]"
http://example.org/emotions.owl#Love,love,"a complex emotion involving strong feelings of affection and tenderness for the love object, pleasurable sensations in their presence, devotion to their well-being, and sensitivity to their reactions to oneself.",to like something very much,"have a great affection or liking for; \""I love French food\""; \""She loves her boss and works hard for him\""",http://example.org/conceptual_spaces.owl#Fontaine,fontaine,http://example.org/conceptual_spaces.owl#Fontaine_evaluation,evaluation,degree of pleasantness or unpleasantness of an emotion,"[-1, 1]"
http://example.org/emotions.owl#Love,love,"a complex emotion involving strong feelings of affection and tenderness for the love object, pleasurable sensations in their presence, devotion to their well-being, and sensitivity to their reactions to oneself.",to like something very much,"have a great affection or liking for; \""I love French food\""; \""She loves her boss and works hard for him\""",http://example.org/conceptual_spaces.owl#Fontaine,fontaine,http://example.org/conceptual_spaces.owl#Fontaine_potency,potency,"the perceived strength, dominance, or control inherent in an emotion.","[0, 1]"
http://example.org/emotions.owl#Love,love,"a complex emotion involving strong feelings of affection and tenderness for the love object, pleasurable sensations in their presence, devotion to their well-being, and sensitivity to their reactions to oneself.",to like something very much,"have a great affection or liking for; \""I love French food\""; \""She loves her boss and works hard for him\""",http://example.org/conceptual_spaces.owl#Fontaine,fontaine,http://example.org/conceptual_spaces.owl#Fontaine_unpredictability,unpredictability,a person's reaction to a stimulus based on their familiarity with the situation,"[0, 1]"
http://example.org/emotions.owl#Love,love,"a complex emotion involving strong feelings of affection and tenderness for the love object, pleasurable sensations in their presence, devotion to their well-being, and sensitivity to their reactions to oneself.",to like something very much,"have a great affection or liking for; \""I love French food\""; \""She loves her boss and works hard for him\""",http://example.org/conceptual_spaces.owl#Osgood,osgood,http://example.org/conceptual_spaces.owl#Osgood_activity,activity,amount of physiological change in the person's body,"[0, 1]"
http://example.org/emotions.owl#Love,love,"a complex emotion involving strong feelings of affection and tenderness for the love object, pleasurable sensations in their presence, devotion to their well-being, and sensitivity to their reactions to oneself.",to like something very much,"have a great affection or liking for; \""I love French food\""; \""She loves her boss and works hard for him\""",http://example.org/conceptual_spaces.owl#Osgood,osgood,http://example.org/conceptual_spaces.owl#Osgood_evaluation,evaluation,degree of pleasantness or unpleasantness of an emotion,"[-1, 1]"
http://example.org/emotions.owl#Love,love,"a complex emotion involving strong feelings of affection and tenderness for the love object, pleasurable sensations in their presence, devotion to their well-being, and sensitivity to their reactions to oneself.",to like something very much,"have a great affection or liking for; \""I love French food\""; \""She loves her boss and works hard for him\""",http://example.org/conceptual_spaces.owl#Osgood,osgood,http://example.org/conceptual_spaces.owl#Osgood_potency,potency,"the perceived strength, dominance, or control inherent in an emotion.","[0, 1]"
http://example.org/emotions.owl#Love,love,"a complex emotion involving strong feelings of affection and tenderness for the love object, pleasurable sensations in their presence, devotion to their well-being, and sensitivity to their reactions to oneself.",to like something very much,"have a great affection or liking for; \""I love French food\""; \""She loves her boss and works hard for him\""",http://example.org/conceptual_spaces.owl#PAD,pad,http://example.org/conceptual_spaces.owl#PAD_arousal,arousal,amount of physiological change in the person's body,"[0, 1]"
http://example.org/emotions.owl#Love,love,"a complex emotion involving strong feelings of affection and tenderness for the love object, pleasurable sensations in their presence, devotion to their well-being, and sensitivity to their reactions to oneself.",to like something very much,"have a great affection or liking for; \""I love French food\""; \""She loves her boss and works hard for him\""",http://example.org/conceptual_spaces.owl#PAD,pad,http://example.org/conceptual_spaces.owl#PAD_dominance,dominance,the feeling of being in control of the situation vs being controlled,"[-1, 1]"
http://example.org/emotions.owl#Love,love,"a complex emotion involving strong feelings of affection and tenderness for the love object, pleasurable sensations in their presence, devotion to their well-being, and sensitivity to their reactions to oneself.",to like something very much,"have a great affection or liking for; \""I love French food\""; \""She loves her boss and works hard for him\""",http://example.org/conceptual_spaces.owl#PAD,pad,http://example.org/conceptual_spaces.owl#PAD_pleasure,pleasure,degree of pleasantness or unpleasantness of an emotion,"[-1, 1]"
http://example.org/emotions.owl#Optimism,optimism,hopefulness: the attitude that good things will happen and that peopleâ€™s wishes or aims will ultimately be fulfilled,"the quality of being full of hope and emphasizing the good parts of a situation, or a belief that something good will happen",the optimistic feeling that all is going to turn out well\n,http://example.org/conceptual_spaces.owl#circumplex,circumplex,http://example.org/conceptual_spaces.owl#circumplex_arousal,arousal,amount of physiological change in the person's body,"[0, 1]"
http://example.org/emotions.owl#Optimism,optimism,hopefulness: the attitude that good things will happen and that peopleâ€™s wishes or aims will ultimately be fulfilled,"the quality of being full of hope and emphasizing the good parts of a situation, or a belief that something good will happen",the optimistic feeling that all is going to turn out well\n,http://example.org/conceptual_spaces.owl#circumplex,circumplex,http://example.org/conceptual_spaces.owl#circumplex_valence,valence,degree of pleasantness or unpleasantness of an emotion,"[-1, 1]"
http://example.org/emotions.owl#Optimism,optimism,hopefulness: the attitude that good things will happen and that peopleâ€™s wishes or aims will ultimately be fulfilled,"the quality of being full of hope and emphasizing the good parts of a situation, or a belief that something good will happen",the optimistic feeling that all is going to turn out well\n,http://example.org/conceptual_spaces.owl#Fontaine,fontaine,http://example.org/conceptual_spaces.owl#Fontaine_activity,activity,amount of physiological change in the person's body,"[0, 1]"
http://example.org/emotions.owl#Optimism,optimism,hopefulness: the attitude that good things will happen and that peopleâ€™s wishes or aims will ultimately be fulfilled,"the quality of being full of hope and emphasizing the good parts of a situation, or a belief that something good will happen",the optimistic feeling that all is going to turn out well\n,http://example.org/conceptual_spaces.owl#Fontaine,fontaine,http://example.org/conceptual_spaces.owl#Fontaine_evaluation,evaluation,degree of pleasantness or unpleasantness of an emotion,"[-1, 1]"
http://example.org/emotions.owl#Optimism,optimism,hopefulness: the attitude that good things will happen and that peopleâ€™s wishes or aims will ultimately be fulfilled,"the quality of being full of hope and emphasizing the good parts of a situation, or a belief that something good will happen",the optimistic feeling that all is going to turn out well\n,http://example.org/conceptual_spaces.owl#Fontaine,fontaine,http://example.org/conceptual_spaces.owl#Fontaine_potency,potency,"the perceived strength, dominance, or control inherent in an emotion.","[0, 1]"
http://example.org/emotions.owl#Optimism,optimism,hopefulness: the attitude that good things will happen and that peopleâ€™s wishes or aims will ultimately be fulfilled,"the quality of being full of hope and emphasizing the good parts of a situation, or a belief that something good will happen",the optimistic feeling that all is going to turn out well\n,http://example.org/conceptual_spaces.owl#Fontaine,fontaine,http://example.org/conceptual_spaces.owl#Fontaine_unpredictability,unpredictability,a person's reaction to a stimulus based on their familiarity with the situation,"[0, 1]"
http://example.org/emotions.owl#Optimism,optimism,hopefulness: the attitude that good things will happen and that peopleâ€™s wishes or aims will ultimately be fulfilled,"the quality of being full of hope and emphasizing the good parts of a situation, or a belief that something good will happen",the optimistic feeling that all is going to turn out well\n,http://example.org/conceptual_spaces.owl#Osgood,osgood,http://example.org/conceptual_spaces.owl#Osgood_activity,activity,amount of physiological change in the person's body,"[0, 1]"
http://example.org/emotions.owl#Optimism,optimism,hopefulness: the attitude that good things will happen and that peopleâ€™s wishes or aims will ultimately be fulfilled,"the quality of being full of hope and emphasizing the good parts of a situation, or a belief that something good will happen",the optimistic feeling that all is going to turn out well\n,http://example.org/conceptual_spaces.owl#Osgood,osgood,http://example.org/conceptual_spaces.owl#Osgood_evaluation,evaluation,degree of pleasantness or unpleasantness of an emotion,"[-1, 1]"
http://example.org/emotions.owl#Optimism,optimism,hopefulness: the attitude that good things will happen and that peopleâ€™s wishes or aims will ultimately be fulfilled,"the quality of being full of hope and emphasizing the good parts of a situation, or a belief that something good will happen",the optimistic feeling that all is going to turn out well\n,http://example.org/conceptual_spaces.owl#Osgood,osgood,http://example.org/conceptual_spaces.owl#Osgood_potency,potency,"the perceived strength, dominance, or control inherent in an emotion.","[0, 1]"
http://example.org/emotions.owl#Optimism,optimism,hopefulness: the attitude that good things will happen and that peopleâ€™s wishes or aims will ultimately be fulfilled,"the quality of being full of hope and emphasizing the good parts of a situation, or a belief that something good will happen",the optimistic feeling that all is going to turn out well\n,http://example.org/conceptual_spaces.owl#PAD,pad,http://example.org/conceptual_spaces.owl#PAD_arousal,arousal,amount of physiological change in the person's body,"[0, 1]"
http://example.org/emotions.owl#Optimism,optimism,hopefulness: the attitude that good things will happen and that peopleâ€™s wishes or aims will ultimately be fulfilled,"the quality of being full of hope and emphasizing the good parts of a situation, or a belief that something good will happen",the optimistic feeling that all is going to turn out well\n,http://example.org/conceptual_spaces.owl#PAD,pad,http://example.org/conceptual_spaces.owl#PAD_dominance,dominance,the feeling of being in control of the situation vs being controlled,"[-1, 1]"
http://example.org/emotions.owl#Optimism,optimism,hopefulness: the attitude that good things will happen and that peopleâ€™s wishes or aims will ultimately be fulfilled,"the quality of being full of hope and emphasizing the good parts of a situation, or a belief that something good will happen",the optimistic feeling that all is going to turn out well\n,http://example.org/conceptual_spaces.owl#PAD,pad,http://example.org/conceptual_spaces.owl#PAD_pleasure,pleasure,degree of pleasantness or unpleasantness of an emotion,"[-1, 1]"
http://example.org/emotions.owl#Pensiveness,pensiveness,-,"thinking in a quiet way, often with a serious expression on your face",deep serious thoughtfulness,http://example.org/conceptual_spaces.owl#circumplex,circumplex,http://example.org/conceptual_spaces.owl#circumplex_arousal,arousal,amount of physiological change in the person's body,"[0, 1]"
http://example.org/emotions.owl#Pensiveness,pensiveness,-,"thinking in a quiet way, often with a serious expression on your face",deep serious thoughtfulness,http://example.org/conceptual_spaces.owl#circumplex,circumplex,http://example.org/conceptual_spaces.owl#circumplex_valence,valence,degree of pleasantness or unpleasantness of an emotion,"[-1, 1]"
http://example.org/emotions.owl#Pensiveness,pensiveness,-,"thinking in a quiet way, often with a serious expression on your face",deep serious thoughtfulness,http://example.org/conceptual_spaces.owl#Fontaine,fontaine,http://example.org/conceptual_spaces.owl#Fontaine_activity,activity,amount of physiological change in the person's body,"[0, 1]"
http://example.org/emotions.owl#Pensiveness,pensiveness,-,"thinking in a quiet way, often with a serious expression on your face",deep serious thoughtfulness,http://example.org/conceptual_spaces.owl#Fontaine,fontaine,http://example.org/conceptual_spaces.owl#Fontaine_evaluation,evaluation,degree of pleasantness or unpleasantness of an emotion,"[-1, 1]"
http://example.org/emotions.owl#Pensiveness,pensiveness,-,"thinking in a quiet way, often with a serious expression on your face",deep serious thoughtfulness,http://example.org/conceptual_spaces.owl#Fontaine,fontaine,http://example.org/conceptual_spaces.owl#Fontaine_potency,potency,"the perceived strength, dominance, or control inherent in an emotion.","[0, 1]"
http://example.org/emotions.owl#Pensiveness,pensiveness,-,"thinking in a quiet way, often with a serious expression on your face",deep serious thoughtfulness,http://example.org/conceptual_spaces.owl#Fontaine,fontaine,http://example.org/conceptual_spaces.owl#Fontaine_unpredictability,unpredictability,a person's reaction to a stimulus based on their familiarity with the situation,"[0, 1]"
http://example.org/emotions.owl#Pensiveness,pensiveness,-,"thinking in a quiet way, often with a serious expression on your face",deep serious thoughtfulness,http://example.org/conceptual_spaces.owl#Osgood,osgood,http://example.org/conceptual_spaces.owl#Osgood_activity,activity,amount of physiological change in the person's body,"[0, 1]"
http://example.org/emotions.owl#Pensiveness,pensiveness,-,"thinking in a quiet way, often with a serious expression on your face",deep serious thoughtfulness,http://example.org/conceptual_spaces.owl#Osgood,osgood,http://example.org/conceptual_spaces.owl#Osgood_evaluation,evaluation,degree of pleasantness or unpleasantness of an emotion,"[-1, 1]"
http://example.org/emotions.owl#Pensiveness,pensiveness,-,"thinking in a quiet way, often with a serious expression on your face",deep serious thoughtfulness,http://example.org/conceptual_spaces.owl#Osgood,osgood,http://example.org/conceptual_spaces.owl#Osgood_potency,potency,"the perceived strength, dominance, or control inherent in an emotion.","[0, 1]"
http://example.org/emotions.owl#Pensiveness,pensiveness,-,"thinking in a quiet way, often with a serious expression on your face",deep serious thoughtfulness,http://example.org/conceptual_spaces.owl#PAD,pad,http://example.org/conceptual_spaces.owl#PAD_arousal,arousal,amount of physiological change in the person's body,"[0, 1]"
http://example.org/emotions.owl#Pensiveness,pensiveness,-,"thinking in a quiet way, often with a serious expression on your face",deep serious thoughtfulness,http://example.org/conceptual_spaces.owl#PAD,pad,http://example.org/conceptual_spaces.owl#PAD_dominance,dominance,the feeling of being in control of the situation vs being controlled,"[-1, 1]"
http://example.org/emotions.owl#Pensiveness,pensiveness,-,"thinking in a quiet way, often with a serious expression on your face",deep serious thoughtfulness,http://example.org/conceptual_spaces.owl#PAD,pad,http://example.org/conceptual_spaces.owl#PAD_pleasure,pleasure,degree of pleasantness or unpleasantness of an emotion,"[-1, 1]"
http://example.org/emotions.owl#Rage,rage,"intense, typically uncontrolled anger",(a period of) extreme or violent anger,"a feeling of intense anger; \""hell hath no fury like a woman scorned\""; \""his face turned red with rage\""",http://example.org/conceptual_spaces.owl#circumplex,circumplex,http://example.org/conceptual_spaces.owl#circumplex_arousal,arousal,amount of physiological change in the person's body,"[0, 1]"
http://example.org/emotions.owl#Rage,rage,"intense, typically uncontrolled anger",(a period of) extreme or violent anger,"a feeling of intense anger; \""hell hath no fury like a woman scorned\""; \""his face turned red with rage\""",http://example.org/conceptual_spaces.owl#circumplex,circumplex,http://example.org/conceptual_spaces.owl#circumplex_valence,valence,degree of pleasantness or unpleasantness of an emotion,"[-1, 1]"
http://example.org/emotions.owl#Rage,rage,"intense, typically uncontrolled anger",(a period of) extreme or violent anger,"a feeling of intense anger; \""hell hath no fury like a woman scorned\""; \""his face turned red with rage\""",http://example.org/conceptual_spaces.owl#Fontaine,fontaine,http://example.org/conceptual_spaces.owl#Fontaine_activity,activity,amount of physiological change in the person's body,"[0, 1]"
http://example.org/emotions.owl#Rage,rage,"intense, typically uncontrolled anger",(a period of) extreme or violent anger,"a feeling of intense anger; \""hell hath no fury like a woman scorned\""; \""his face turned red with rage\""",http://example.org/conceptual_spaces.owl#Fontaine,fontaine,http://example.org/conceptual_spaces.owl#Fontaine_evaluation,evaluation,degree of pleasantness or unpleasantness of an emotion,"[-1, 1]"
http://example.org/emotions.owl#Rage,rage,"intense, typically uncontrolled anger",(a period of) extreme or violent anger,"a feeling of intense anger; \""hell hath no fury like a woman scorned\""; \""his face turned red with rage\""",http://example.org/conceptual_spaces.owl#Fontaine,fontaine,http://example.org/conceptual_spaces.owl#Fontaine_potency,potency,"the perceived strength, dominance, or control inherent in an emotion.","[0, 1]"
http://example.org/emotions.owl#Rage,rage,"intense, typically uncontrolled anger",(a period of) extreme or violent anger,"a feeling of intense anger; \""hell hath no fury like a woman scorned\""; \""his face turned red with rage\""",http://example.org/conceptual_spaces.owl#Fontaine,fontaine,http://example.org/conceptual_spaces.owl#Fontaine_unpredictability,unpredictability,a person's reaction to a stimulus based on their familiarity with the situation,"[0, 1]"
http://example.org/emotions.owl#Rage,rage,"intense, typically uncontrolled anger",(a period of) extreme or violent anger,"a feeling of intense anger; \""hell hath no fury like a woman scorned\""; \""his face turned red with rage\""",http://example.org/conceptual_spaces.owl#Osgood,osgood,http://example.org/conceptual_spaces.owl#Osgood_activity,activity,amount of physiological change in the person's body,"[0, 1]"
http://example.org/emotions.owl#Rage,rage,"intense, typically uncontrolled anger",(a period of) extreme or violent anger,"a feeling of intense anger; \""hell hath no fury like a woman scorned\""; \""his face turned red with rage\""",http://example.org/conceptual_spaces.owl#Osgood,osgood,http://example.org/conceptual_spaces.owl#Osgood_evaluation,evaluation,degree of pleasantness or unpleasantness of an emotion,"[-1, 1]"
http://example.org/emotions.owl#Rage,rage,"intense, typically uncontrolled anger",(a period of) extreme or violent anger,"a feeling of intense anger; \""hell hath no fury like a woman scorned\""; \""his face turned red with rage\""",http://example.org/conceptual_spaces.owl#Osgood,osgood,http://example.org/conceptual_spaces.owl#Osgood_potency,potency,"the perceived strength, dominance, or control inherent in an emotion.","[0, 1]"
http://example.org/emotions.owl#Rage,rage,"intense, typically uncontrolled anger",(a period of) extreme or violent anger,"a feeling of intense anger; \""hell hath no fury like a woman scorned\""; \""his face turned red with rage\""",http://example.org/conceptual_spaces.owl#PAD,pad,http://example.org/conceptual_spaces.owl#PAD_arousal,arousal,amount of physiological change in the person's body,"[0, 1]"
http://example.org/emotions.owl#Rage,rage,"intense, typically uncontrolled anger",(a period of) extreme or violent anger,"a feeling of intense anger; \""hell hath no fury like a woman scorned\""; \""his face turned red with rage\""",http://example.org/conceptual_spaces.owl#PAD,pad,http://example.org/conceptual_spaces.owl#PAD_dominance,dominance,the feeling of being in control of the situation vs being controlled,"[-1, 1]"
http://example.org/emotions.owl#Rage,rage,"intense, typically uncontrolled anger",(a period of) extreme or violent anger,"a feeling of intense anger; \""hell hath no fury like a woman scorned\""; \""his face turned red with rage\""",http://example.org/conceptual_spaces.owl#PAD,pad,http://example.org/conceptual_spaces.owl#PAD_pleasure,pleasure,degree of pleasantness or unpleasantness of an emotion,"[-1, 1]"
http://example.org/emotions.owl#Remorse,remorse,a strong sense of guilt and regret for a past action,a feeling of sadness and being sorry for something you have done,a feeling of deep regret (usually for some misdeed),http://example.org/conceptual_spaces.owl#circumplex,circumplex,http://example.org/conceptual_spaces.owl#circumplex_arousal,arousal,amount of physiological change in the person's body,"[0, 1]"
http://example.org/emotions.owl#Remorse,remorse,a strong sense of guilt and regret for a past action,a feeling of sadness and being sorry for something you have done,a feeling of deep regret (usually for some misdeed),http://example.org/conceptual_spaces.owl#circumplex,circumplex,http://example.org/conceptual_spaces.owl#circumplex_valence,valence,degree of pleasantness or unpleasantness of an emotion,"[-1, 1]"
http://example.org/emotions.owl#Remorse,remorse,a strong sense of guilt and regret for a past action,a feeling of sadness and being sorry for something you have done,a feeling of deep regret (usually for some misdeed),http://example.org/conceptual_spaces.owl#Fontaine,fontaine,http://example.org/conceptual_spaces.owl#Fontaine_activity,activity,amount of physiological change in the person's body,"[0, 1]"
http://example.org/emotions.owl#Remorse,remorse,a strong sense of guilt and regret for a past action,a feeling of sadness and being sorry for something you have done,a feeling of deep regret (usually for some misdeed),http://example.org/conceptual_spaces.owl#Fontaine,fontaine,http://example.org/conceptual_spaces.owl#Fontaine_evaluation,evaluation,degree of pleasantness or unpleasantness of an emotion,"[-1, 1]"
http://example.org/emotions.owl#Remorse,remorse,a strong sense of guilt and regret for a past action,a feeling of sadness and being sorry for something you have done,a feeling of deep regret (usually for some misdeed),http://example.org/conceptual_spaces.owl#Fontaine,fontaine,http://example.org/conceptual_spaces.owl#Fontaine_potency,potency,"the perceived strength, dominance, or control inherent in an emotion.","[0, 1]"
http://example.org/emotions.owl#Remorse,remorse,a strong sense of guilt and regret for a past action,a feeling of sadness and being sorry for something you have done,a feeling of deep regret (usually for some misdeed),http://example.org/conceptual_spaces.owl#Fontaine,fontaine,http://example.org/conceptual_spaces.owl#Fontaine_unpredictability,unpredictability,a person's reaction to a stimulus based on their familiarity with the situation,"[0, 1]"
http://example.org/emotions.owl#Remorse,remorse,a strong sense of guilt and regret for a past action,a feeling of sadness and being sorry for something you have done,a feeling of deep regret (usually for some misdeed),http://example.org/conceptual_spaces.owl#Osgood,osgood,http://example.org/conceptual_spaces.owl#Osgood_activity,activity,amount of physiological change in the person's body,"[0, 1]"
http://example.org/emotions.owl#Remorse,remorse,a strong sense of guilt and regret for a past action,a feeling of sadness and being sorry for something you have done,a feeling of deep regret (usually for some misdeed),http://example.org/conceptual_spaces.owl#Osgood,osgood,http://example.org/conceptual_spaces.owl#Osgood_evaluation,evaluation,degree of pleasantness or unpleasantness of an emotion,"[-1, 1]"
http://example.org/emotions.owl#Remorse,remorse,a strong sense of guilt and regret for a past action,a feeling of sadness and being sorry for something you have done,a feeling of deep regret (usually for some misdeed),http://example.org/conceptual_spaces.owl#Osgood,osgood,http://example.org/conceptual_spaces.owl#Osgood_potency,potency,"the perceived strength, dominance, or control inherent in an emotion.","[0, 1]"
http://example.org/emotions.owl#Remorse,remorse,a strong sense of guilt and regret for a past action,a feeling of sadness and being sorry for something you have done,a feeling of deep regret (usually for some misdeed),http://example.org/conceptual_spaces.owl#PAD,pad,http://example.org/conceptual_spaces.owl#PAD_arousal,arousal,amount of physiological change in the person's body,"[0, 1]"
http://example.org/emotions.owl#Remorse,remorse,a strong sense of guilt and regret for a past action,a feeling of sadness and being sorry for something you have done,a feeling of deep regret (usually for some misdeed),http://example.org/conceptual_spaces.owl#PAD,pad,http://example.org/conceptual_spaces.owl#PAD_dominance,dominance,the feeling of being in control of the situation vs being controlled,"[-1, 1]"
http://example.org/emotions.owl#Remorse,remorse,a strong sense of guilt and regret for a past action,a feeling of sadness and being sorry for something you have done,a feeling of deep regret (usually for some misdeed),http://example.org/conceptual_spaces.owl#PAD,pad,http://example.org/conceptual_spaces.owl#PAD_pleasure,pleasure,degree of pleasantness or unpleasantness of an emotion,"[-1, 1]"
http://example.org/emotions.owl#Sadness,sadness,"an emotional state of unhappiness, ranging in intensity from mild to extreme and usually aroused by the loss of something that is highly valued (e.g., by the rupture of a relationship).","the feeling of being unhappy, especially because something bad has happened",emotions experienced when not in a state of well-being,http://example.org/conceptual_spaces.owl#circumplex,circumplex,http://example.org/conceptual_spaces.owl#circumplex_arousal,arousal,amount of physiological change in the person's body,"[0, 1]"
http://example.org/emotions.owl#Sadness,sadness,"an emotional state of unhappiness, ranging in intensity from mild to extreme and usually aroused by the loss of something that is highly valued (e.g., by the rupture of a relationship).","the feeling of being unhappy, especially because something bad has happened",emotions experienced when not in a state of well-being,http://example.org/conceptual_spaces.owl#circumplex,circumplex,http://example.org/conceptual_spaces.owl#circumplex_valence,valence,degree of pleasantness or unpleasantness of an emotion,"[-1, 1]"
http://example.org/emotions.owl#Sadness,sadness,"an emotional state of unhappiness, ranging in intensity from mild to extreme and usually aroused by the loss of something that is highly valued (e.g., by the rupture of a relationship).","the feeling of being unhappy, especially because something bad has happened",emotions experienced when not in a state of well-being,http://example.org/conceptual_spaces.owl#Fontaine,fontaine,http://example.org/conceptual_spaces.owl#Fontaine_activity,activity,amount of physiological change in the person's body,"[0, 1]"
http://example.org/emotions.owl#Sadness,sadness,"an emotional state of unhappiness, ranging in intensity from mild to extreme and usually aroused by the loss of something that is highly valued (e.g., by the rupture of a relationship).","the feeling of being unhappy, especially because something bad has happened",emotions experienced when not in a state of well-being,http://example.org/conceptual_spaces.owl#Fontaine,fontaine,http://example.org/conceptual_spaces.owl#Fontaine_evaluation,evaluation,degree of pleasantness or unpleasantness of an emotion,"[-1, 1]"
http://example.org/emotions.owl#Sadness,sadness,"an emotional state of unhappiness, ranging in intensity from mild to extreme and usually aroused by the loss of something that is highly valued (e.g., by the rupture of a relationship).","the feeling of being unhappy, especially because something bad has happened",emotions experienced when not in a state of well-being,http://example.org/conceptual_spaces.owl#Fontaine,fontaine,http://example.org/conceptual_spaces.owl#Fontaine_potency,potency,"the perceived strength, dominance, or control inherent in an emotion.","[0, 1]"
http://example.org/emotions.owl#Sadness,sadness,"an emotional state of unhappiness, ranging in intensity from mild to extreme and usually aroused by the loss of something that is highly valued (e.g., by the rupture of a relationship).","the feeling of being unhappy, especially because something bad has happened",emotions experienced when not in a state of well-being,http://example.org/conceptual_spaces.owl#Fontaine,fontaine,http://example.org/conceptual_spaces.owl#Fontaine_unpredictability,unpredictability,a person's reaction to a stimulus based on their familiarity with the situation,"[0, 1]"
http://example.org/emotions.owl#Sadness,sadness,"an emotional state of unhappiness, ranging in intensity from mild to extreme and usually aroused by the loss of something that is highly valued (e.g., by the rupture of a relationship).","the feeling of being unhappy, especially because something bad has happened",emotions experienced when not in a state of well-being,http://example.org/conceptual_spaces.owl#Osgood,osgood,http://example.org/conceptual_spaces.owl#Osgood_activity,activity,amount of physiological change in the person's body,"[0, 1]"
http://example.org/emotions.owl#Sadness,sadness,"an emotional state of unhappiness, ranging in intensity from mild to extreme and usually aroused by the loss of something that is highly valued (e.g., by the rupture of a relationship).","the feeling of being unhappy, especially because something bad has happened",emotions experienced when not in a state of well-being,http://example.org/conceptual_spaces.owl#Osgood,osgood,http://example.org/conceptual_spaces.owl#Osgood_evaluation,evaluation,degree of pleasantness or unpleasantness of an emotion,"[-1, 1]"
http://example.org/emotions.owl#Sadness,sadness,"an emotional state of unhappiness, ranging in intensity from mild to extreme and usually aroused by the loss of something that is highly valued (e.g., by the rupture of a relationship).","the feeling of being unhappy, especially because something bad has happened",emotions experienced when not in a state of well-being,http://example.org/conceptual_spaces.owl#Osgood,osgood,http://example.org/conceptual_spaces.owl#Osgood_potency,potency,"the perceived strength, dominance, or control inherent in an emotion.","[0, 1]"
http://example.org/emotions.owl#Sadness,sadness,"an emotional state of unhappiness, ranging in intensity from mild to extreme and usually aroused by the loss of something that is highly valued (e.g., by the rupture of a relationship).","the feeling of being unhappy, especially because something bad has happened",emotions experienced when not in a state of well-being,http://example.org/conceptual_spaces.owl#PAD,pad,http://example.org/conceptual_spaces.owl#PAD_arousal,arousal,amount of physiological change in the person's body,"[0, 1]"
http://example.org/emotions.owl#Sadness,sadness,"an emotional state of unhappiness, ranging in intensity from mild to extreme and usually aroused by the loss of something that is highly valued (e.g., by the rupture of a relationship).","the feeling of being unhappy, especially because something bad has happened",emotions experienced when not in a state of well-being,http://example.org/conceptual_spaces.owl#PAD,pad,http://example.org/conceptual_spaces.owl#PAD_dominance,dominance,the feeling of being in control of the situation vs being controlled,"[-1, 1]"
http://example.org/emotions.owl#Sadness,sadness,"an emotional state of unhappiness, ranging in intensity from mild to extreme and usually aroused by the loss of something that is highly valued (e.g., by the rupture of a relationship).","the feeling of being unhappy, especially because something bad has happened",emotions experienced when not in a state of well-being,http://example.org/conceptual_spaces.owl#PAD,pad,http://example.org/conceptual_spaces.owl#PAD_pleasure,pleasure,degree of pleasantness or unpleasantness of an emotion,"[-1, 1]"
http://example.org/emotions.owl#Serenity,serenity,-,the quality of being peaceful and calm,a disposition free from stress or emotion\n,http://example.org/conceptual_spaces.owl#circumplex,circumplex,http://example.org/conceptual_spaces.owl#circumplex_arousal,arousal,amount of physiological change in the person's body,"[0, 1]"
http://example.org/emotions.owl#Serenity,serenity,-,the quality of being peaceful and calm,a disposition free from stress or emotion\n,http://example.org/conceptual_spaces.owl#circumplex,circumplex,http://example.org/conceptual_spaces.owl#circumplex_valence,valence,degree of pleasantness or unpleasantness of an emotion,"[-1, 1]"
http://example.org/emotions.owl#Serenity,serenity,-,the quality of being peaceful and calm,a disposition free from stress or emotion\n,http://example.org/conceptual_spaces.owl#Fontaine,fontaine,http://example.org/conceptual_spaces.owl#Fontaine_activity,activity,amount of physiological change in the person's body,"[0, 1]"
http://example.org/emotions.owl#Serenity,serenity,-,the quality of being peaceful and calm,a disposition free from stress or emotion\n,http://example.org/conceptual_spaces.owl#Fontaine,fontaine,http://example.org/conceptual_spaces.owl#Fontaine_evaluation,evaluation,degree of pleasantness or unpleasantness of an emotion,"[-1, 1]"
http://example.org/emotions.owl#Serenity,serenity,-,the quality of being peaceful and calm,a disposition free from stress or emotion\n,http://example.org/conceptual_spaces.owl#Fontaine,fontaine,http://example.org/conceptual_spaces.owl#Fontaine_potency,potency,"the perceived strength, dominance, or control inherent in an emotion.","[0, 1]"
http://example.org/emotions.owl#Serenity,serenity,-,the quality of being peaceful and calm,a disposition free from stress or emotion\n,http://example.org/conceptual_spaces.owl#Fontaine,fontaine,http://example.org/conceptual_spaces.owl#Fontaine_unpredictability,unpredictability,a person's reaction to a stimulus based on their familiarity with the situation,"[0, 1]"
http://example.org/emotions.owl#Serenity,serenity,-,the quality of being peaceful and calm,a disposition free from stress or emotion\n,http://example.org/conceptual_spaces.owl#Osgood,osgood,http://example.org/conceptual_spaces.owl#Osgood_activity,activity,amount of physiological change in the person's body,"[0, 1]"
http://example.org/emotions.owl#Serenity,serenity,-,the quality of being peaceful and calm,a disposition free from stress or emotion\n,http://example.org/conceptual_spaces.owl#Osgood,osgood,http://example.org/conceptual_spaces.owl#Osgood_evaluation,evaluation,degree of pleasantness or unpleasantness of an emotion,"[-1, 1]"
http://example.org/emotions.owl#Serenity,serenity,-,the quality of being peaceful and calm,a disposition free from stress or emotion\n,http://example.org/conceptual_spaces.owl#Osgood,osgood,http://example.org/conceptual_spaces.owl#Osgood_potency,potency,"the perceived strength, dominance, or control inherent in an emotion.","[0, 1]"
http://example.org/emotions.owl#Serenity,serenity,-,the quality of being peaceful and calm,a disposition free from stress or emotion\n,http://example.org/conceptual_spaces.owl#PAD,pad,http://example.org/conceptual_spaces.owl#PAD_arousal,arousal,amount of physiological change in the person's body,"[0, 1]"
http://example.org/emotions.owl#Serenity,serenity,-,the quality of being peaceful and calm,a disposition free from stress or emotion\n,http://example.org/conceptual_spaces.owl#PAD,pad,http://example.org/conceptual_spaces.owl#PAD_dominance,dominance,the feeling of being in control of the situation vs being controlled,"[-1, 1]"
http://example.org/emotions.owl#Serenity,serenity,-,the quality of being peaceful and calm,a disposition free from stress or emotion\n,http://example.org/conceptual_spaces.owl#PAD,pad,http://example.org/conceptual_spaces.owl#PAD_pleasure,pleasure,degree of pleasantness or unpleasantness of an emotion,"[-1, 1]"
http://example.org/emotions.owl#Submission,submission,"compliance with or surrender to the requests, demands, or will of others.","a willingness to allow control by other people or animals, or behaviour that shows this","the feeling of patient, submissive humbleness",http://example.org/conceptual_spaces.owl#circumplex,circumplex,http://example.org/conceptual_spaces.owl#circumplex_arousal,arousal,amount of physiological change in the person's body,"[0, 1]"
http://example.org/emotions.owl#Submission,submission,"compliance with or surrender to the requests, demands, or will of others.","a willingness to allow control by other people or animals, or behaviour that shows this","the feeling of patient, submissive humbleness",http://example.org/conceptual_spaces.owl#circumplex,circumplex,http://example.org/conceptual_spaces.owl#circumplex_valence,valence,degree of pleasantness or unpleasantness of an emotion,"[-1, 1]"
http://example.org/emotions.owl#Submission,submission,"compliance with or surrender to the requests, demands, or will of others.","a willingness to allow control by other people or animals, or behaviour that shows this","the feeling of patient, submissive humbleness",http://example.org/conceptual_spaces.owl#Fontaine,fontaine,http://example.org/conceptual_spaces.owl#Fontaine_activity,activity,amount of physiological change in the person's body,"[0, 1]"
http://example.org/emotions.owl#Submission,submission,"compliance with or surrender to the requests, demands, or will of others.","a willingness to allow control by other people or animals, or behaviour that shows this","the feeling of patient, submissive humbleness",http://example.org/conceptual_spaces.owl#Fontaine,fontaine,http://example.org/conceptual_spaces.owl#Fontaine_evaluation,evaluation,degree of pleasantness or unpleasantness of an emotion,"[-1, 1]"
http://example.org/emotions.owl#Submission,submission,"compliance with or surrender to the requests, demands, or will of others.","a willingness to allow control by other people or animals, or behaviour that shows this","the feeling of patient, submissive humbleness",http://example.org/conceptual_spaces.owl#Fontaine,fontaine,http://example.org/conceptual_spaces.owl#Fontaine_potency,potency,"the perceived strength, dominance, or control inherent in an emotion.","[0, 1]"
http://example.org/emotions.owl#Submission,submission,"compliance with or surrender to the requests, demands, or will of others.","a willingness to allow control by other people or animals, or behaviour that shows this","the feeling of patient, submissive humbleness",http://example.org/conceptual_spaces.owl#Fontaine,fontaine,http://example.org/conceptual_spaces.owl#Fontaine_unpredictability,unpredictability,a person's reaction to a stimulus based on their familiarity with the situation,"[0, 1]"
http://example.org/emotions.owl#Submission,submission,"compliance with or surrender to the requests, demands, or will of others.","a willingness to allow control by other people or animals, or behaviour that shows this","the feeling of patient, submissive humbleness",http://example.org/conceptual_spaces.owl#Osgood,osgood,http://example.org/conceptual_spaces.owl#Osgood_activity,activity,amount of physiological change in the person's body,"[0, 1]"
http://example.org/emotions.owl#Submission,submission,"compliance with or surrender to the requests, demands, or will of others.","a willingness to allow control by other people or animals, or behaviour that shows this","the feeling of patient, submissive humbleness",http://example.org/conceptual_spaces.owl#Osgood,osgood,http://example.org/conceptual_spaces.owl#Osgood_evaluation,evaluation,degree of pleasantness or unpleasantness of an emotion,"[-1, 1]"
http://example.org/emotions.owl#Submission,submission,"compliance with or surrender to the requests, demands, or will of others.","a willingness to allow control by other people or animals, or behaviour that shows this","the feeling of patient, submissive humbleness",http://example.org/conceptual_spaces.owl#Osgood,osgood,http://example.org/conceptual_spaces.owl#Osgood_potency,potency,"the perceived strength, dominance, or control inherent in an emotion.","[0, 1]"
http://example.org/emotions.owl#Submission,submission,"compliance with or surrender to the requests, demands, or will of others.","a willingness to allow control by other people or animals, or behaviour that shows this","the feeling of patient, submissive humbleness",http://example.org/conceptual_spaces.owl#PAD,pad,http://example.org/conceptual_spaces.owl#PAD_arousal,arousal,amount of physiological change in the person's body,"[0, 1]"
http://example.org/emotions.owl#Submission,submission,"compliance with or surrender to the requests, demands, or will of others.","a willingness to allow control by other people or animals, or behaviour that shows this","the feeling of patient, submissive humbleness",http://example.org/conceptual_spaces.owl#PAD,pad,http://example.org/conceptual_spaces.owl#PAD_dominance,dominance,the feeling of being in control of the situation vs being controlled,"[-1, 1]"
http://example.org/emotions.owl#Submission,submission,"compliance with or surrender to the requests, demands, or will of others.","a willingness to allow control by other people or animals, or behaviour that shows this","the feeling of patient, submissive humbleness",http://example.org/conceptual_spaces.owl#PAD,pad,http://example.org/conceptual_spaces.owl#PAD_pleasure,pleasure,degree of pleasantness or unpleasantness of an emotion,"[-1, 1]"
http://example.org/emotions.owl#Surprise,surprise,an emotion typically resulting from the violation of an expectation or the detection of novelty in the environment.,the feeling caused by something unexpected happening,the astonishment you feel when something totally unexpected happens to you,http://example.org/conceptual_spaces.owl#circumplex,circumplex,http://example.org/conceptual_spaces.owl#circumplex_arousal,arousal,amount of physiological change in the person's body,"[0, 1]"
http://example.org/emotions.owl#Surprise,surprise,an emotion typically resulting from the violation of an expectation or the detection of novelty in the environment.,the feeling caused by something unexpected happening,the astonishment you feel when something totally unexpected happens to you,http://example.org/conceptual_spaces.owl#circumplex,circumplex,http://example.org/conceptual_spaces.owl#circumplex_valence,valence,degree of pleasantness or unpleasantness of an emotion,"[-1, 1]"
http://example.org/emotions.owl#Surprise,surprise,an emotion typically resulting from the violation of an expectation or the detection of novelty in the environment.,the feeling caused by something unexpected happening,the astonishment you feel when something totally unexpected happens to you,http://example.org/conceptual_spaces.owl#Fontaine,fontaine,http://example.org/conceptual_spaces.owl#Fontaine_activity,activity,amount of physiological change in the person's body,"[0, 1]"
http://example.org/emotions.owl#Surprise,surprise,an emotion typically resulting from the violation of an expectation or the detection of novelty in the environment.,the feeling caused by something unexpected happening,the astonishment you feel when something totally unexpected happens to you,http://example.org/conceptual_spaces.owl#Fontaine,fontaine,http://example.org/conceptual_spaces.owl#Fontaine_evaluation,evaluation,degree of pleasantness or unpleasantness of an emotion,"[-1, 1]"
http://example.org/emotions.owl#Surprise,surprise,an emotion typically resulting from the violation of an expectation or the detection of novelty in the environment.,the feeling caused by something unexpected happening,the astonishment you feel when something totally unexpected happens to you,http://example.org/conceptual_spaces.owl#Fontaine,fontaine,http://example.org/conceptual_spaces.owl#Fontaine_potency,potency,"the perceived strength, dominance, or control inherent in an emotion.","[0, 1]"
http://example.org/emotions.owl#Surprise,surprise,an emotion typically resulting from the violation of an expectation or the detection of novelty in the environment.,the feeling caused by something unexpected happening,the astonishment you feel when something totally unexpected happens to you,http://example.org/conceptual_spaces.owl#Fontaine,fontaine,http://example.org/conceptual_spaces.owl#Fontaine_unpredictability,unpredictability,a person's reaction to a stimulus based on their familiarity with the situation,"[0, 1]"
http://example.org/emotions.owl#Surprise,surprise,an emotion typically resulting from the violation of an expectation or the detection of novelty in the environment.,the feeling caused by something unexpected happening,the astonishment you feel when something totally unexpected happens to you,http://example.org/conceptual_spaces.owl#Osgood,osgood,http://example.org/conceptual_spaces.owl#Osgood_activity,activity,amount of physiological change in the person's body,"[0, 1]"
http://example.org/emotions.owl#Surprise,surprise,an emotion typically resulting from the violation of an expectation or the detection of novelty in the environment.,the feeling caused by something unexpected happening,the astonishment you feel when something totally unexpected happens to you,http://example.org/conceptual_spaces.owl#Osgood,osgood,http://example.org/conceptual_spaces.owl#Osgood_evaluation,evaluation,degree of pleasantness or unpleasantness of an emotion,"[-1, 1]"
http://example.org/emotions.owl#Surprise,surprise,an emotion typically resulting from the violation of an expectation or the detection of novelty in the environment.,the feeling caused by something unexpected happening,the astonishment you feel when something totally unexpected happens to you,http://example.org/conceptual_spaces.owl#Osgood,osgood,http://example.org/conceptual_spaces.owl#Osgood_potency,potency,"the perceived strength, dominance, or control inherent in an emotion.","[0, 1]"
http://example.org/emotions.owl#Surprise,surprise,an emotion typically resulting from the violation of an expectation or the detection of novelty in the environment.,the feeling caused by something unexpected happening,the astonishment you feel when something totally unexpected happens to you,http://example.org/conceptual_spaces.owl#PAD,pad,http://example.org/conceptual_spaces.owl#PAD_arousal,arousal,amount of physiological change in the person's body,"[0, 1]"
http://example.org/emotions.owl#Surprise,surprise,an emotion typically resulting from the violation of an expectation or the detection of novelty in the environment.,the feeling caused by something unexpected happening,the astonishment you feel when something totally unexpected happens to you,http://example.org/conceptual_spaces.owl#PAD,pad,http://example.org/conceptual_spaces.owl#PAD_dominance,dominance,the feeling of being in control of the situation vs being controlled,"[-1, 1]"
http://example.org/emotions.owl#Surprise,surprise,an emotion typically resulting from the violation of an expectation or the detection of novelty in the environment.,the feeling caused by something unexpected happening,the astonishment you feel when something totally unexpected happens to you,http://example.org/conceptual_spaces.owl#PAD,pad,http://example.org/conceptual_spaces.owl#PAD_pleasure,pleasure,degree of pleasantness or unpleasantness of an emotion,"[-1, 1]"
http://example.org/emotions.owl#Terror,terror,intense and overwhelming fear,extreme fear,an overwhelming feeling of fear and anxiety,http://example.org/conceptual_spaces.owl#circumplex,circumplex,http://example.org/conceptual_spaces.owl#circumplex_arousal,arousal,amount of physiological change in the person's body,"[0, 1]"
http://example.org/emotions.owl#Terror,terror,intense and overwhelming fear,extreme fear,an overwhelming feeling of fear and anxiety,http://example.org/conceptual_spaces.owl#circumplex,circumplex,http://example.org/conceptual_spaces.owl#circumplex_valence,valence,degree of pleasantness or unpleasantness of an emotion,"[-1, 1]"
http://example.org/emotions.owl#Terror,terror,intense and overwhelming fear,extreme fear,an overwhelming feeling of fear and anxiety,http://example.org/conceptual_spaces.owl#Fontaine,fontaine,http://example.org/conceptual_spaces.owl#Fontaine_activity,activity,amount of physiological change in the person's body,"[0, 1]"
http://example.org/emotions.owl#Terror,terror,intense and overwhelming fear,extreme fear,an overwhelming feeling of fear and anxiety,http://example.org/conceptual_spaces.owl#Fontaine,fontaine,http://example.org/conceptual_spaces.owl#Fontaine_evaluation,evaluation,degree of pleasantness or unpleasantness of an emotion,"[-1, 1]"
http://example.org/emotions.owl#Terror,terror,intense and overwhelming fear,extreme fear,an overwhelming feeling of fear and anxiety,http://example.org/conceptual_spaces.owl#Fontaine,fontaine,http://example.org/conceptual_spaces.owl#Fontaine_potency,potency,"the perceived strength, dominance, or control inherent in an emotion.","[0, 1]"
http://example.org/emotions.owl#Terror,terror,intense and overwhelming fear,extreme fear,an overwhelming feeling of fear and anxiety,http://example.org/conceptual_spaces.owl#Fontaine,fontaine,http://example.org/conceptual_spaces.owl#Fontaine_unpredictability,unpredictability,a person's reaction to a stimulus based on their familiarity with the situation,"[0, 1]"
http://example.org/emotions.owl#Terror,terror,intense and overwhelming fear,extreme fear,an overwhelming feeling of fear and anxiety,http://example.org/conceptual_spaces.owl#Osgood,osgood,http://example.org/conceptual_spaces.owl#Osgood_activity,activity,amount of physiological change in the person's body,"[0, 1]"
http://example.org/emotions.owl#Terror,terror,intense and overwhelming fear,extreme fear,an overwhelming feeling of fear and anxiety,http://example.org/conceptual_spaces.owl#Osgood,osgood,http://example.org/conceptual_spaces.owl#Osgood_evaluation,evaluation,degree of pleasantness or unpleasantness of an emotion,"[-1, 1]"
http://example.org/emotions.owl#Terror,terror,intense and overwhelming fear,extreme fear,an overwhelming feeling of fear and anxiety,http://example.org/conceptual_spaces.owl#Osgood,osgood,http://example.org/conceptual_spaces.owl#Osgood_potency,potency,"the perceived strength, dominance, or control inherent in an emotion.","[0, 1]"
http://example.org/emotions.owl#Terror,terror,intense and overwhelming fear,extreme fear,an overwhelming feeling of fear and anxiety,http://example.org/conceptual_spaces.owl#PAD,pad,http://example.org/conceptual_spaces.owl#PAD_arousal,arousal,amount of physiological change in the person's body,"[0, 1]"
http://example.org/emotions.owl#Terror,terror,intense and overwhelming fear,extreme fear,an overwhelming feeling of fear and anxiety,http://example.org/conceptual_spaces.owl#PAD,pad,http://example.org/conceptual_spaces.owl#PAD_dominance,dominance,the feeling of being in control of the situation vs being controlled,"[-1, 1]"
http://example.org/emotions.owl#Terror,terror,intense and overwhelming fear,extreme fear,an overwhelming feeling of fear and anxiety,http://example.org/conceptual_spaces.owl#PAD,pad,http://example.org/conceptual_spaces.owl#PAD_pleasure,pleasure,degree of pleasantness or unpleasantness of an emotion,"[-1, 1]"
http://example.org/emotions.owl#Trust,trust,reliance on or confidence in the dependability of someone or something,"to believe that someone is good and honest and will not harm you, or that something is safe and reliable","have confidence or faith in; \""We can trust in God\""; \""Rely on your friends\""; \""bank on your good education\""; \""I swear by my grandmother's recipes\""",http://example.org/conceptual_spaces.owl#circumplex,circumplex,http://example.org/conceptual_spaces.owl#circumplex_arousal,arousal,amount of physiological change in the person's body,"[0, 1]"
http://example.org/emotions.owl#Trust,trust,reliance on or confidence in the dependability of someone or something,"to believe that someone is good and honest and will not harm you, or that something is safe and reliable","have confidence or faith in; \""We can trust in God\""; \""Rely on your friends\""; \""bank on your good education\""; \""I swear by my grandmother's recipes\""",http://example.org/conceptual_spaces.owl#circumplex,circumplex,http://example.org/conceptual_spaces.owl#circumplex_valence,valence,degree of pleasantness or unpleasantness of an emotion,"[-1, 1]"
http://example.org/emotions.owl#Trust,trust,reliance on or confidence in the dependability of someone or something,"to believe that someone is good and honest and will not harm you, or that something is safe and reliable","have confidence or faith in; \""We can trust in God\""; \""Rely on your friends\""; \""bank on your good education\""; \""I swear by my grandmother's recipes\""",http://example.org/conceptual_spaces.owl#Fontaine,fontaine,http://example.org/conceptual_spaces.owl#Fontaine_activity,activity,amount of physiological change in the person's body,"[0, 1]"
http://example.org/emotions.owl#Trust,trust,reliance on or confidence in the dependability of someone or something,"to believe that someone is good and honest and will not harm you, or that something is safe and reliable","have confidence or faith in; \""We can trust in God\""; \""Rely on your friends\""; \""bank on your good education\""; \""I swear by my grandmother's recipes\""",http://example.org/conceptual_spaces.owl#Fontaine,fontaine,http://example.org/conceptual_spaces.owl#Fontaine_evaluation,evaluation,degree of pleasantness or unpleasantness of an emotion,"[-1, 1]"
http://example.org/emotions.owl#Trust,trust,reliance on or confidence in the dependability of someone or something,"to believe that someone is good and honest and will not harm you, or that something is safe and reliable","have confidence or faith in; \""We can trust in God\""; \""Rely on your friends\""; \""bank on your good education\""; \""I swear by my grandmother's recipes\""",http://example.org/conceptual_spaces.owl#Fontaine,fontaine,http://example.org/conceptual_spaces.owl#Fontaine_potency,potency,"the perceived strength, dominance, or control inherent in an emotion.","[0, 1]"
http://example.org/emotions.owl#Trust,trust,reliance on or confidence in the dependability of someone or something,"to believe that someone is good and honest and will not harm you, or that something is safe and reliable","have confidence or faith in; \""We can trust in God\""; \""Rely on your friends\""; \""bank on your good education\""; \""I swear by my grandmother's recipes\""",http://example.org/conceptual_spaces.owl#Fontaine,fontaine,http://example.org/conceptual_spaces.owl#Fontaine_unpredictability,unpredictability,a person's reaction to a stimulus based on their familiarity with the situation,"[0, 1]"
http://example.org/emotions.owl#Trust,trust,reliance on or confidence in the dependability of someone or something,"to believe that someone is good and honest and will not harm you, or that something is safe and reliable","have confidence or faith in; \""We can trust in God\""; \""Rely on your friends\""; \""bank on your good education\""; \""I swear by my grandmother's recipes\""",http://example.org/conceptual_spaces.owl#Osgood,osgood,http://example.org/conceptual_spaces.owl#Osgood_activity,activity,amount of physiological change in the person's body,"[0, 1]"
http://example.org/emotions.owl#Trust,trust,reliance on or confidence in the dependability of someone or something,"to believe that someone is good and honest and will not harm you, or that something is safe and reliable","have confidence or faith in; \""We can trust in God\""; \""Rely on your friends\""; \""bank on your good education\""; \""I swear by my grandmother's recipes\""",http://example.org/conceptual_spaces.owl#Osgood,osgood,http://example.org/conceptual_spaces.owl#Osgood_evaluation,evaluation,degree of pleasantness or unpleasantness of an emotion,"[-1, 1]"
http://example.org/emotions.owl#Trust,trust,reliance on or confidence in the dependability of someone or something,"to believe that someone is good and honest and will not harm you, or that something is safe and reliable","have confidence or faith in; \""We can trust in God\""; \""Rely on your friends\""; \""bank on your good education\""; \""I swear by my grandmother's recipes\""",http://example.org/conceptual_spaces.owl#Osgood,osgood,http://example.org/conceptual_spaces.owl#Osgood_potency,potency,"the perceived strength, dominance, or control inherent in an emotion.","[0, 1]"
http://example.org/emotions.owl#Trust,trust,reliance on or confidence in the dependability of someone or something,"to believe that someone is good and honest and will not harm you, or that something is safe and reliable","have confidence or faith in; \""We can trust in God\""; \""Rely on your friends\""; \""bank on your good education\""; \""I swear by my grandmother's recipes\""",http://example.org/conceptual_spaces.owl#PAD,pad,http://example.org/conceptual_spaces.owl#PAD_arousal,arousal,amount of physiological change in the person's body,"[0, 1]"
http://example.org/emotions.owl#Trust,trust,reliance on or confidence in the dependability of someone or something,"to believe that someone is good and honest and will not harm you, or that something is safe and reliable","have confidence or faith in; \""We can trust in God\""; \""Rely on your friends\""; \""bank on your good education\""; \""I swear by my grandmother's recipes\""",http://example.org/conceptual_spaces.owl#PAD,pad,http://example.org/conceptual_spaces.owl#PAD_dominance,dominance,the feeling of being in control of the situation vs being controlled,"[-1, 1]"
http://example.org/emotions.owl#Trust,trust,reliance on or confidence in the dependability of someone or something,"to believe that someone is good and honest and will not harm you, or that something is safe and reliable","have confidence or faith in; \""We can trust in God\""; \""Rely on your friends\""; \""bank on your good education\""; \""I swear by my grandmother's recipes\""",http://example.org/conceptual_spaces.owl#PAD,pad,http://example.org/conceptual_spaces.owl#PAD_pleasure,pleasure,degree of pleasantness or unpleasantness of an emotion,"[-1, 1]"
http://example.org/emotions.owl#Vigilance,vigilance,"a state of extreme awareness and watchfulness directed by one or more members of a group toward the environment, often toward potential threats (e.g., predators, intruders, enemy forces in combat).","more careful attention, especially in order to notice possible danger","vigilant attentiveness; \""he keeps a weather eye open for trouble\""""",http://example.org/conceptual_spaces.owl#circumplex,circumplex,http://example.org/conceptual_spaces.owl#circumplex_arousal,arousal,amount of physiological change in the person's body,"[0, 1]"
http://example.org/emotions.owl#Vigilance,vigilance,"a state of extreme awareness and watchfulness directed by one or more members of a group toward the environment, often toward potential threats (e.g., predators, intruders, enemy forces in combat).","more careful attention, especially in order to notice possible danger","vigilant attentiveness; \""he keeps a weather eye open for trouble\""""",http://example.org/conceptual_spaces.owl#circumplex,circumplex,http://example.org/conceptual_spaces.owl#circumplex_valence,valence,degree of pleasantness or unpleasantness of an emotion,"[-1, 1]"
http://example.org/emotions.owl#Vigilance,vigilance,"a state of extreme awareness and watchfulness directed by one or more members of a group toward the environment, often toward potential threats (e.g., predators, intruders, enemy forces in combat).","more careful attention, especially in order to notice possible danger","vigilant attentiveness; \""he keeps a weather eye open for trouble\""""",http://example.org/conceptual_spaces.owl#Fontaine,fontaine,http://example.org/conceptual_spaces.owl#Fontaine_activity,activity,amount of physiological change in the person's body,"[0, 1]"
http://example.org/emotions.owl#Vigilance,vigilance,"a state of extreme awareness and watchfulness directed by one or more members of a group toward the environment, often toward potential threats (e.g., predators, intruders, enemy forces in combat).","more careful attention, especially in order to notice possible danger","vigilant attentiveness; \""he keeps a weather eye open for trouble\""""",http://example.org/conceptual_spaces.owl#Fontaine,fontaine,http://example.org/conceptual_spaces.owl#Fontaine_evaluation,evaluation,degree of pleasantness or unpleasantness of an emotion,"[-1, 1]"
http://example.org/emotions.owl#Vigilance,vigilance,"a state of extreme awareness and watchfulness directed by one or more members of a group toward the environment, often toward potential threats (e.g., predators, intruders, enemy forces in combat).","more careful attention, especially in order to notice possible danger","vigilant attentiveness; \""he keeps a weather eye open for trouble\""""",http://example.org/conceptual_spaces.owl#Fontaine,fontaine,http://example.org/conceptual_spaces.owl#Fontaine_potency,potency,"the perceived strength, dominance, or control inherent in an emotion.","[0, 1]"
http://example.org/emotions.owl#Vigilance,vigilance,"a state of extreme awareness and watchfulness directed by one or more members of a group toward the environment, often toward potential threats (e.g., predators, intruders, enemy forces in combat).","more careful attention, especially in order to notice possible danger","vigilant attentiveness; \""he keeps a weather eye open for trouble\""""",http://example.org/conceptual_spaces.owl#Fontaine,fontaine,http://example.org/conceptual_spaces.owl#Fontaine_unpredictability,unpredictability,a person's reaction to a stimulus based on their familiarity with the situation,"[0, 1]"
http://example.org/emotions.owl#Vigilance,vigilance,"a state of extreme awareness and watchfulness directed by one or more members of a group toward the environment, often toward potential threats (e.g., predators, intruders, enemy forces in combat).","more careful attention, especially in order to notice possible danger","vigilant attentiveness; \""he keeps a weather eye open for trouble\""""",http://example.org/conceptual_spaces.owl#Osgood,osgood,http://example.org/conceptual_spaces.owl#Osgood_activity,activity,amount of physiological change in the person's body,"[0, 1]"
http://example.org/emotions.owl#Vigilance,vigilance,"a state of extreme awareness and watchfulness directed by one or more members of a group toward the environment, often toward potential threats (e.g., predators, intruders, enemy forces in combat).","more careful attention, especially in order to notice possible danger","vigilant attentiveness; \""he keeps a weather eye open for trouble\""""",http://example.org/conceptual_spaces.owl#Osgood,osgood,http://example.org/conceptual_spaces.owl#Osgood_evaluation,evaluation,degree of pleasantness or unpleasantness of an emotion,"[-1, 1]"
http://example.org/emotions.owl#Vigilance,vigilance,"a state of extreme awareness and watchfulness directed by one or more members of a group toward the environment, often toward potential threats (e.g., predators, intruders, enemy forces in combat).","more careful attention, especially in order to notice possible danger","vigilant attentiveness; \""he keeps a weather eye open for trouble\""""",http://example.org/conceptual_spaces.owl#Osgood,osgood,http://example.org/conceptual_spaces.owl#Osgood_potency,potency,"the perceived strength, dominance, or control inherent in an emotion.","[0, 1]"
http://example.org/emotions.owl#Vigilance,vigilance,"a state of extreme awareness and watchfulness directed by one or more members of a group toward the environment, often toward potential threats (e.g., predators, intruders, enemy forces in combat).","more careful attention, especially in order to notice possible danger","vigilant attentiveness; \""he keeps a weather eye open for trouble\""""",http://example.org/conceptual_spaces.owl#PAD,pad,http://example.org/conceptual_spaces.owl#PAD_arousal,arousal,amount of physiological change in the person's body,"[0, 1]"
http://example.org/emotions.owl#Vigilance,vigilance,"a state of extreme awareness and watchfulness directed by one or more members of a group toward the environment, often toward potential threats (e.g., predators, intruders, enemy forces in combat).","more careful attention, especially in order to notice possible danger","vigilant attentiveness; \""he keeps a weather eye open for trouble\""""",http://example.org/conceptual_spaces.owl#PAD,pad,http://example.org/conceptual_spaces.owl#PAD_dominance,dominance,the feeling of being in control of the situation vs being controlled,"[-1, 1]"
http://example.org/emotions.owl#Vigilance,vigilance,"a state of extreme awareness and watchfulness directed by one or more members of a group toward the environment, often toward potential threats (e.g., predators, intruders, enemy forces in combat).","more careful attention, especially in order to notice possible danger","vigilant attentiveness; \""he keeps a weather eye open for trouble\""""",http://example.org/conceptual_spaces.owl#PAD,pad,http://example.org/conceptual_spaces.owl#PAD_pleasure,pleasure,degree of pleasantness or unpleasantness of an emotion,"[-1, 1]"
