model,color,colour,context,disposition,function,location,material,pattern,scenario,shape,size,temperature,texture,value,weight
deepseek-r1-distill-llama-70b,,1.0,0.95,0.7,1.0,1.0,1.0,0.8,0.95,1.0,1.0,1.0,1.0,0.95,0.8
llama3.1:8b,,0.0,1.0,0.0,1.0,1.0,1.0,0.0,0.0,1.0,0.0,1.0,0.0,0.0,0.0
llava:7b,,0.0,0.5,0.0,1.0,0.75,0.625,0.0,0.0,0.25,0.5,0.75,0.0,0.0,0.375
meta-llama/llama-4-maverick-17b-128e-instruct,,1.0,1.0,0.0,1.0,1.0,1.0,0.95,0.0,1.0,1.0,1.0,0.25,1.0,1.0
mistral-saba-24b,,1.0,0.4,0.05,1.0,1.0,1.0,0.4,0.1,1.0,1.0,0.9,0.35,0.3,0.9
qwen/qwen3-32b,,1.0,0.29411764705882354,0.0,1.0,0.9411764705882353,1.0,0.0,0.0,1.0,1.0,0.6470588235294118,0.058823529411764705,0.23529411764705882,0.7058823529411765
qwen2.5:1.5b,0.0,0.0,0.5714285714285714,0.42857142857142855,1.0,0.5714285714285714,1.0,0.2857142857142857,0.14285714285714285,0.9285714285714286,0.14285714285714285,0.6428571428571429,0.21428571428571427,0.35714285714285715,0.5
qwen2.5:7b,,0.125,1.0,0.0,1.0,1.0,1.0,0.0,0.75,1.0,1.0,0.75,0.0,0.0,0.5
