model,Disposition,color,colour,context,disposition,function,location,material,pattern,scenario,shape,size,temperature,texture,value,weight
deepseek-r1-distill-llama-70b,1.0,,1.0,0.5,0.9473684210526315,0.95,0.8,0.0,1.0,0.15,0.9,1.0,0.0,1.0,0.25,1.0
llava:7b,,,0.25,0.75,0.25,0.75,0.25,0.0,0.0,0.25,0.75,0.5,0.0,0.0,0.0,0.25
meta-llama/llama-4-maverick-17b-128e-instruct,,,1.0,1.0,1.0,1.0,1.0,0.0,1.0,0.9,1.0,1.0,0.0,1.0,0.95,1.0
mistral-saba-24b,,,1.0,0.2,1.0,0.8,0.65,0.0,0.95,0.15,0.9,1.0,0.0,0.95,0.0,1.0
qwen/qwen3-32b,,,1.0,0.21052631578947367,1.0,1.0,0.7894736842105263,0.0,1.0,0.0,0.7368421052631579,1.0,0.0,0.9473684210526315,0.0,1.0
qwen2.5:1.5b,,1.0,0.13333333333333333,0.8125,0.3125,0.875,0.625,0.3125,0.25,0.6875,0.75,0.25,0.0625,0.25,0.5,0.4375
qwen2.5:7b,,,1.0,1.0,1.0,0.95,1.0,0.1,0.1,1.0,0.85,1.0,0.0,0.2,0.0,0.25
