model,color,colour,context,disposition,function,location,material,pattern,scenario,shape,size,temperature,texture,value,weight
deepseek-r1-distill-llama-70b,,1.0,0.7894736842105263,0.47368421052631576,1.0,1.0,0.2631578947368421,1.0,0.2631578947368421,1.0,1.0,0.5263157894736842,0.7894736842105263,0.3684210526315789,0.9473684210526315
llava:7b,,0.09090909090909091,0.2727272727272727,0.09090909090909091,1.0,0.5454545454545454,0.0,0.09090909090909091,0.0,0.45454545454545453,0.6363636363636364,0.18181818181818182,0.0,0.0,0.09090909090909091
meta-llama/llama-4-maverick-17b-128e-instruct,,1.0,1.0,1.0,1.0,1.0,0.0,1.0,0.7,1.0,1.0,1.0,1.0,0.25,1.0
mistral-saba-24b,1.0,1.0,0.3888888888888889,0.16666666666666666,0.8888888888888888,0.9444444444444444,0.2222222222222222,1.0,0.05555555555555555,1.0,1.0,0.2777777777777778,0.7777777777777778,0.0,1.0
qwen/qwen3-32b,,1.0,0.1,0.3,0.45,0.9,0.1,1.0,0.05,1.0,1.0,0.85,0.65,0.0,0.85
qwen2.5:1.5b,0.5,0.0,0.6666666666666666,0.25,0.75,0.5,0.08333333333333333,0.3333333333333333,0.75,0.5833333333333334,0.3333333333333333,0.5833333333333334,0.4166666666666667,0.3333333333333333,0.3333333333333333
qwen2.5:7b,,0.95,0.75,0.25,0.85,0.95,0.1,0.35,0.75,1.0,1.0,0.4,0.0,0.0,0.05
