model,color,colour,context,disposition,function,location,material,pattern,scenario,shape,size,temperature,texture,value,weight
deepseek-r1-distill-llama-70b,,0.9,0.7,0.2,1.0,0.85,1.0,0.15,0.6,1.0,1.0,0.0,0.75,0.75,0.95
llama3.1:8b,,0.0,0.5,0.0,1.0,1.0,1.0,0.0,0.0,1.0,0.5,0.0,0.0,0.0,0.0
llava:7b,,0.0,0.6,0.0,1.0,0.4,1.0,0.0,0.0,1.0,0.8,0.0,0.0,0.0,0.2
meta-llama/llama-4-maverick-17b-128e-instruct,,0.5,1.0,0.0,1.0,1.0,1.0,0.3,0.7,1.0,1.0,0.0,1.0,1.0,1.0
mistral-saba-24b,,0.65,0.3,0.0,1.0,0.75,1.0,0.05,0.05,1.0,1.0,0.0,0.4,0.1,1.0
qwen/qwen3-32b,,0.8947368421052632,0.21052631578947367,0.21052631578947367,1.0,0.9473684210526315,1.0,0.05263157894736842,0.21052631578947367,1.0,1.0,0.0,0.631578947368421,0.0,1.0
qwen2.5:1.5b,0.0,0.0,0.4444444444444444,0.4444444444444444,1.0,0.1111111111111111,0.8888888888888888,0.2222222222222222,0.1111111111111111,1.0,0.2222222222222222,0.1111111111111111,0.2222222222222222,0.6666666666666666,0.7777777777777778
qwen2.5:7b,,0.0,0.8421052631578947,0.0,1.0,0.5789473684210527,1.0,0.0,0.5789473684210527,1.0,1.0,0.0,0.0,0.0,0.21052631578947367
