model,colour,context,disposition,function,location,material,pattern,scenario,shape,size,temperature,texture,value,weight
deepseek-r1-distill-llama-70b,1.0,0.8,0.3,1.0,0.95,1.0,0.2,0.8,1.0,1.0,0.05,0.5,1.0,1.0
llama3.1:8b,0.0,1.0,0.0,1.0,0.0,0.0,0.0,1.0,1.0,0.0,0.0,1.0,0.0,0.0
llava:7b,0.0,0.75,0.0,1.0,0.75,1.0,0.0,0.0,0.75,1.0,0.0,0.0,0.0,1.0
meta-llama/llama-4-maverick-17b-128e-instruct,1.0,1.0,0.0,1.0,1.0,1.0,1.0,0.05,1.0,1.0,0.0,0.0,1.0,1.0
mistral-saba-24b,0.9473684210526315,0.3684210526315789,0.0,1.0,0.7368421052631579,1.0,0.10526315789473684,0.05263157894736842,0.9473684210526315,1.0,0.05263157894736842,0.3157894736842105,0.42105263157894735,1.0
qwen/qwen3-32b,1.0,0.15,0.0,1.0,1.0,1.0,0.1,0.05,0.95,1.0,0.0,0.0,0.5,1.0
qwen2.5:1.5b,0.0,0.35714285714285715,0.35714285714285715,0.8571428571428571,0.21428571428571427,0.9285714285714286,0.5,0.21428571428571427,1.0,0.42857142857142855,0.2857142857142857,0.42857142857142855,0.5714285714285714,0.5
qwen2.5:7b,1.0,0.875,0.0,1.0,1.0,1.0,0.0,0.8125,1.0,1.0,0.0,0.0,0.0,0.4375
