model,color,colour,context,disposition,function,location,material,pattern,scenario,shape,size,temperature,texture,value,weight
deepseek-r1-distill-llama-70b,,1.0,0.0,0.0,1.0,0.0,1.0,1.0,0.0,1.0,1.0,0.0,1.0,1.0,1.0
llama3.1:8b,,0.0,0.3333333333333333,0.0,1.0,0.3333333333333333,1.0,0.6666666666666666,0.0,1.0,1.0,0.0,0.6666666666666666,0.0,0.6666666666666666
llava:7b,,0.0,0.6666666666666666,0.0,1.0,0.0,0.8888888888888888,0.1111111111111111,0.1111111111111111,1.0,0.8888888888888888,0.0,0.4444444444444444,0.1111111111111111,0.5555555555555556
meta-llama/llama-4-maverick-17b-128e-instruct,,1.0,0.95,0.0,1.0,1.0,1.0,1.0,0.0,1.0,1.0,0.0,1.0,1.0,1.0
mistral-saba-24b,,0.9473684210526315,0.15789473684210525,0.0,1.0,0.631578947368421,1.0,0.7368421052631579,0.10526315789473684,1.0,1.0,0.0,0.9473684210526315,0.10526315789473684,1.0
qwen/qwen3-32b,,0.95,0.15,0.0,1.0,0.75,1.0,0.55,0.0,1.0,1.0,0.0,0.95,0.0,1.0
qwen2.5:1.5b,,0.0,0.75,0.25,0.75,0.25,1.0,0.25,0.0,1.0,0.25,0.0,0.5,0.75,0.75
qwen2.5:7b,1.0,0.5789473684210527,0.8,0.05,1.0,0.6,1.0,0.1,0.75,1.0,1.0,0.0,0.15,0.0,0.45
