model,colour,context,disposition,function,location,material,pattern,scenario,shape,size,temperature,texture,value,weight
deepseek-r1-distill-llama-70b,1.0,0.9,0.1,1.0,0.85,1.0,0.45,0.85,1.0,1.0,0.0,1.0,0.5,0.8
llama3.1:8b,0.0,0.6,0.0,1.0,0.6,1.0,0.0,0.0,1.0,1.0,0.0,0.8,0.0,0.0
llava:7b,0.0,0.5,0.0,1.0,0.5,1.0,0.0,0.0,1.0,1.0,0.0,1.0,0.0,0.0
meta-llama/llama-4-maverick-17b-128e-instruct,1.0,1.0,0.0,1.0,1.0,1.0,1.0,0.0,1.0,1.0,0.0,1.0,1.0,1.0
mistral-saba-24b,0.85,0.25,0.0,1.0,0.6,1.0,0.4,0.05,1.0,1.0,0.0,1.0,0.05,0.5
qwen/qwen3-32b,0.8421052631578947,0.0,0.05263157894736842,1.0,0.7368421052631579,0.9473684210526315,0.15789473684210525,0.0,1.0,1.0,0.0,0.9473684210526315,0.0,0.05263157894736842
qwen2.5:7b,0.125,0.625,0.0,1.0,0.5,1.0,0.0,0.375,1.0,1.0,0.0,0.75,0.0,0.0
