model,color,colour,context,disposition,function,location,material,pattern,scenario,shape,size,temperature,texture,value,weight
deepseek-r1-distill-llama-70b,,1.0,1.0,0.15,1.0,1.0,1.0,0.0,0.95,1.0,1.0,0.0,0.0,0.75,1.0
llama3.1:8b,,0.0,0.6666666666666666,0.3333333333333333,1.0,1.0,1.0,0.6666666666666666,0.3333333333333333,1.0,1.0,0.0,0.0,0.0,0.6666666666666666
llava:7b,,0.0,1.0,0.16666666666666666,1.0,1.0,0.3333333333333333,0.0,0.6666666666666666,0.5,0.5,0.0,0.0,0.0,0.16666666666666666
meta-llama/llama-4-maverick-17b-128e-instruct,,1.0,1.0,0.0,1.0,1.0,1.0,1.0,0.9,1.0,1.0,0.0,0.0,1.0,1.0
mistral-saba-24b,,0.85,0.85,0.0,1.0,1.0,1.0,0.5,0.5,0.75,1.0,0.0,0.1,0.15,0.95
qwen/qwen3-32b,,0.95,0.2,0.05,1.0,1.0,0.75,0.0,0.05,0.85,1.0,0.0,0.0,0.0,0.85
qwen2.5:1.5b,0.0,0.0,0.5625,0.4375,0.6875,0.8125,1.0,0.5,0.125,0.9375,0.5,0.125,0.0625,0.625,0.5
qwen2.5:7b,,0.0,1.0,0.25,1.0,1.0,0.625,0.0,1.0,0.0,1.0,0.0,0.0,0.0,0.0
