model,color,colour,context,disposition,function,location,material,pattern,scenario,shape,size,temperature,texture,value,weight
deepseek-r1-distill-llama-70b,,1.0,0.95,0.95,1.0,1.0,0.05,0.8,0.65,1.0,1.0,0.0,0.85,0.95,1.0
llama3.1:8b,,0.6666666666666666,1.0,0.0,1.0,1.0,0.0,0.0,1.0,1.0,0.3333333333333333,0.0,0.0,0.3333333333333333,0.0
llava:7b,,0.0,0.8,0.1,0.8,0.6,0.0,0.0,0.2,0.5,0.7,0.0,0.1,0.0,0.4
meta-llama/llama-4-maverick-17b-128e-instruct,,1.0,1.0,1.0,1.0,1.0,0.0,1.0,1.0,1.0,1.0,0.0,1.0,1.0,1.0
mistral-saba-24b,,1.0,0.5,0.95,0.95,1.0,0.15,0.95,0.05,0.9,1.0,0.0,0.95,0.15,1.0
qwen/qwen3-32b,,1.0,0.3,1.0,1.0,0.95,0.0,0.8,0.05,1.0,1.0,0.0,0.55,0.05,0.95
qwen2.5:1.5b,0.0,0.25,0.6153846153846154,0.38461538461538464,0.6153846153846154,0.5384615384615384,0.3076923076923077,0.38461538461538464,0.5384615384615384,0.7692307692307693,0.5384615384615384,0.07692307692307693,0.5384615384615384,0.8461538461538461,0.5384615384615384
qwen2.5:7b,,1.0,1.0,1.0,1.0,1.0,0.0,0.0,1.0,1.0,1.0,0.0,0.0,0.0,0.3
