model,color,colour,context,disposition,function,location,material,pattern,scenario,shape,size,temperature,texture,value,weight
deepseek-r1-distill-llama-70b,,1.0,0.0,0.0,1.0,1.0,1.0,0.0,0.0,1.0,1.0,0.0,0.0,1.0,1.0
llama3.1:8b,,0.0,0.5,0.0,1.0,1.0,1.0,0.5,0.5,1.0,0.5,0.0,0.0,0.0,0.0
llava:7b,,0.0,0.3,0.0,1.0,0.9,0.8,0.0,0.2,0.5,0.6,0.0,0.2,0.0,0.4
meta-llama/llama-4-maverick-17b-128e-instruct,,1.0,0.95,0.0,1.0,1.0,1.0,1.0,0.0,1.0,1.0,0.0,1.0,1.0,1.0
mistral-saba-24b,,1.0,0.8,0.0,1.0,0.95,1.0,0.95,0.65,1.0,1.0,0.0,0.25,0.1,0.7
qwen/qwen3-32b,,1.0,0.1,0.0,1.0,0.8,1.0,0.85,0.0,1.0,1.0,0.0,0.3,0.0,1.0
qwen2.5:1.5b,0.0,0.0,0.14285714285714285,0.5714285714285714,0.5714285714285714,0.2857142857142857,0.8571428571428571,0.5714285714285714,0.0,1.0,0.42857142857142855,0.2857142857142857,0.2857142857142857,0.42857142857142855,0.42857142857142855
qwen2.5:7b,,0.23529411764705882,1.0,0.0,1.0,0.5882352941176471,1.0,0.0,1.0,1.0,1.0,0.0,0.0,0.058823529411764705,0.11764705882352941
