model,color,colour,context,disposition,function,location,material,pattern,scenario,shape,size,temperature,texture,value,weight
deepseek-r1-distill-llama-70b,0.0,0.8421052631578947,0.95,0.05,1.0,1.0,1.0,0.05,0.85,1.0,1.0,0.0,0.1,0.95,1.0
llama3.1:8b,,0.0,1.0,0.0,1.0,1.0,1.0,0.0,0.0,1.0,1.0,0.0,0.0,0.3333333333333333,1.0
llava:7b,,0.0,0.5,0.0,1.0,0.5,0.25,0.0,0.25,1.0,0.75,0.0,0.0,0.0,1.0
meta-llama/llama-4-maverick-17b-128e-instruct,,1.0,1.0,0.0,1.0,1.0,1.0,0.4,0.0,1.0,1.0,0.0,0.0,1.0,1.0
mistral-saba-24b,,0.95,0.55,0.0,1.0,0.9,0.75,0.0,0.1,1.0,1.0,0.0,0.0,0.3,1.0
qwen/qwen3-32b,,0.9,0.15,0.05,1.0,1.0,1.0,0.0,0.0,1.0,1.0,0.0,0.0,0.15,1.0
qwen2.5:1.5b,1.0,0.23076923076923078,0.7142857142857143,0.35714285714285715,0.9285714285714286,0.35714285714285715,0.6428571428571429,0.42857142857142855,0.5,0.7857142857142857,0.42857142857142855,0.2857142857142857,0.6428571428571429,0.7142857142857143,0.42857142857142855
qwen2.5:7b,,0.2,0.9,0.0,1.0,0.8,0.4,0.0,0.9,0.5,1.0,0.0,0.0,0.0,0.7
