model,colour,context,disposition,function,location,material,pattern,scenario,shape,size,temperature,texture,value,weight
deepseek-r1-distill-llama-70b,1.0,0.5789473684210527,0.47368421052631576,1.0,1.0,1.0,0.2631578947368421,0.5789473684210527,1.0,1.0,0.21052631578947367,1.0,0.5789473684210527,0.3684210526315789
llama3.1:8b,0.0,0.6666666666666666,0.0,1.0,1.0,1.0,0.0,0.0,1.0,1.0,0.0,0.0,0.0,0.0
llava:7b,0.0,0.5,0.0,1.0,1.0,0.8333333333333334,0.0,0.0,0.6666666666666666,0.5,0.0,0.0,0.0,0.0
meta-llama/llama-4-maverick-17b-128e-instruct,1.0,1.0,0.0,1.0,1.0,1.0,1.0,0.0,1.0,1.0,0.0,1.0,1.0,1.0
mistral-saba-24b,0.9,0.25,0.0,1.0,1.0,1.0,0.3,0.0,1.0,1.0,0.0,0.55,0.0,0.1
qwen/qwen3-32b,0.95,0.15,0.0,1.0,0.95,1.0,0.05,0.0,1.0,1.0,0.0,0.7,0.05,0.7
qwen2.5:1.5b,0.0,0.8,0.2,1.0,0.8,1.0,0.0,0.0,0.8,0.2,0.0,0.0,0.6,0.2
qwen2.5:7b,0.5,0.4444444444444444,0.0,1.0,1.0,1.0,0.0,0.05555555555555555,1.0,1.0,0.16666666666666666,0.05555555555555555,0.0,0.0
