model,colour,context,disposition,function,location,material,pattern,scenario,shape,size,temperature,texture,value,weight
deepseek-r1-distill-llama-70b,1.0,0.6842105263157895,0.10526315789473684,0.9473684210526315,1.0,0.9473684210526315,0.10526315789473684,0.21052631578947367,1.0,1.0,0.2631578947368421,1.0,0.8947368421052632,0.47368421052631576
llama3.1:8b,0.0,0.0,0.0,1.0,1.0,0.0,1.0,0.0,1.0,0.0,0.0,0.0,0.0,0.0
llava:7b,0.2222222222222222,0.4444444444444444,0.0,0.7777777777777778,0.3333333333333333,0.0,0.0,0.0,0.7777777777777778,0.7777777777777778,0.1111111111111111,0.7777777777777778,0.0,0.1111111111111111
meta-llama/llama-4-maverick-17b-128e-instruct,1.0,1.0,0.0,1.0,1.0,0.35,0.95,0.0,1.0,1.0,1.0,1.0,1.0,1.0
mistral-saba-24b,1.0,0.4,0.0,0.6,1.0,0.3,0.3,0.1,1.0,1.0,0.0,1.0,0.05,0.65
qwen/qwen3-32b,1.0,0.2777777777777778,0.0,0.6111111111111112,1.0,0.16666666666666666,0.2777777777777778,0.0,1.0,1.0,0.0,1.0,0.05555555555555555,0.1111111111111111
qwen2.5:1.5b,0.0,1.0,0.0,0.6666666666666666,0.6666666666666666,0.0,0.0,1.0,1.0,0.3333333333333333,0.3333333333333333,0.6666666666666666,0.6666666666666666,0.3333333333333333
qwen2.5:7b,1.0,1.0,0.0,1.0,1.0,0.05263157894736842,0.0,0.7894736842105263,1.0,0.42105263157894735,0.0,0.3684210526315789,0.10526315789473684,0.0
