model,colour,context,disposition,function,location,material,pattern,scenario,shape,size,temperature,texture,value,weight
deepseek-r1-distill-llama-70b,0.0,1.0,0.0,1.0,1.0,1.0,1.0,1.0,1.0,1.0,0.0,1.0,0.0,1.0
llama3.1:8b,0.0,0.0,0.0,1.0,0.0,1.0,1.0,0.0,1.0,0.0,0.0,1.0,1.0,1.0
llava:7b,0.0,0.5,0.0,1.0,0.375,0.875,0.0,0.0,0.875,0.875,0.0,0.125,0.125,0.25
meta-llama/llama-4-maverick-17b-128e-instruct,1.0,1.0,0.0,1.0,1.0,1.0,1.0,0.0,1.0,1.0,0.0,1.0,1.0,1.0
mistral-saba-24b,1.0,0.6111111111111112,0.0,1.0,0.6666666666666666,1.0,0.9444444444444444,0.4444444444444444,1.0,1.0,0.0,1.0,0.2777777777777778,1.0
qwen/qwen3-32b,0.8947368421052632,0.10526315789473684,0.05263157894736842,1.0,0.8421052631578947,1.0,0.2631578947368421,0.05263157894736842,1.0,1.0,0.0,1.0,0.05263157894736842,1.0
qwen2.5:1.5b,0.14285714285714285,0.2857142857142857,0.5714285714285714,0.8571428571428571,0.2857142857142857,1.0,0.7142857142857143,0.2857142857142857,1.0,0.2857142857142857,0.0,0.8571428571428571,0.8571428571428571,1.0
qwen2.5:7b,1.0,0.9,0.0,1.0,0.85,1.0,0.1,0.9,1.0,1.0,0.0,1.0,0.0,0.55
