model,color,colour,context,disposition,function,location,material,pattern,scenario,shape,size,temperature,texture,value,weight
deepseek-r1-distill-llama-70b,,1.0,0.631578947368421,0.2631578947368421,1.0,1.0,1.0,0.3157894736842105,0.5789473684210527,1.0,1.0,0.2631578947368421,0.8947368421052632,0.6842105263157895,0.2631578947368421
llama3.1:8b,,0.0,1.0,0.0,1.0,1.0,1.0,0.0,0.0,1.0,1.0,0.0,0.0,0.5,0.0
llava:7b,,0.0,0.5714285714285714,0.0,1.0,1.0,0.7142857142857143,0.0,0.0,0.7142857142857143,0.8571428571428571,0.0,0.0,0.0,0.0
meta-llama/llama-4-maverick-17b-128e-instruct,,0.15,1.0,0.0,1.0,1.0,1.0,0.15,0.4,1.0,1.0,0.0,0.15,1.0,1.0
mistral-saba-24b,,0.7,0.25,0.0,1.0,1.0,1.0,0.1,0.05,1.0,1.0,0.0,0.45,0.15,0.25
qwen/qwen3-32b,,0.85,0.25,0.0,1.0,1.0,1.0,0.1,0.0,1.0,1.0,0.0,0.55,0.2,0.6
qwen2.5:1.5b,0.0,0.0,0.8,0.2,1.0,0.8,0.9,0.2,0.3,0.9,0.3,0.2,0.1,0.6,0.3
qwen2.5:7b,,0.1111111111111111,0.9444444444444444,0.0,1.0,1.0,1.0,0.0,0.5,1.0,1.0,0.0,0.0,0.0,0.0
