model,Disposition,color,colour,context,disposition,function,location,material,pattern,scenario,shape,size,temperature,texture,value,weight
deepseek-r1-distill-llama-70b,0.0,,1.0,0.3333333333333333,0.0,0.0,1.0,0.0,1.0,0.16666666666666666,1.0,1.0,0.0,0.16666666666666666,0.0,0.16666666666666666
llama3.1:8b,,,1.0,0.0,0.0,0.0,1.0,0.0,1.0,0.0,1.0,1.0,0.0,0.0,0.0,1.0
llava:7b,,,0.0,0.2,0.0,0.0,0.9,0.0,1.0,0.0,0.3,1.0,0.0,0.0,0.0,0.0
meta-llama/llama-4-maverick-17b-128e-instruct,,,1.0,1.0,0.6,0.65,1.0,0.0,1.0,0.35,1.0,1.0,0.0,0.25,0.05,1.0
mistral-saba-24b,,,0.9473684210526315,0.47368421052631576,0.0,0.05263157894736842,1.0,0.0,1.0,0.2631578947368421,0.3684210526315789,1.0,0.0,0.2631578947368421,0.0,0.10526315789473684
qwen/qwen3-32b,,,0.8235294117647058,0.23529411764705882,0.0,0.0,1.0,0.0,1.0,0.0,1.0,1.0,0.0,0.0,0.0,0.0
qwen2.5:1.5b,,1.0,0.14285714285714285,0.375,0.5,0.125,0.625,0.375,0.625,0.375,0.5,0.875,0.375,0.375,0.5,0.125
qwen2.5:7b,,,1.0,0.15384615384615385,0.0,0.3076923076923077,1.0,0.0,1.0,0.3076923076923077,0.5384615384615384,1.0,0.0,0.0,0.0,0.0
