model,colour,context,disposition,function,location,material,pattern,scenario,shape,size,temperature,texture,value,weight
deepseek-r1-distill-llama-70b,0.55,0.9,0.1,1.0,0.85,1.0,0.5,0.8,1.0,1.0,0.8,0.65,0.9,0.9
llama3.1:8b,0.0,0.6666666666666666,0.0,1.0,0.3333333333333333,1.0,0.3333333333333333,0.0,1.0,1.0,0.0,0.6666666666666666,0.3333333333333333,0.0
llava:7b,0.0,0.6666666666666666,0.0,1.0,0.6666666666666666,0.8333333333333334,0.0,0.0,0.8333333333333334,0.6666666666666666,0.5,0.0,0.16666666666666666,0.16666666666666666
meta-llama/llama-4-maverick-17b-128e-instruct,1.0,1.0,0.0,1.0,1.0,1.0,1.0,0.0,1.0,1.0,0.0,1.0,1.0,1.0
mistral-saba-24b,0.8333333333333334,0.3888888888888889,0.0,1.0,0.6111111111111112,1.0,0.5555555555555556,0.16666666666666666,1.0,1.0,0.2222222222222222,0.5555555555555556,0.05555555555555555,0.5555555555555556
qwen/qwen3-32b,0.8,0.35,0.0,1.0,0.9,1.0,0.15,0.05,1.0,0.95,0.0,0.05,0.2,0.1
qwen2.5:1.5b,0.07692307692307693,0.3076923076923077,0.38461538461538464,0.8461538461538461,0.07692307692307693,0.9230769230769231,0.15384615384615385,0.07692307692307693,1.0,0.6153846153846154,0.5384615384615384,0.5384615384615384,0.3076923076923077,0.23076923076923078
qwen2.5:7b,0.0625,1.0,0.0,1.0,0.75,1.0,0.0,0.8125,1.0,1.0,0.0,0.0,0.0,0.0
