model,color,colour,context,disposition,function,location,material,pattern,scenario,shape,size,temperature,texture,value,weight
deepseek-r1-distill-llama-70b,,0.9473684210526315,0.8947368421052632,0.10526315789473684,1.0,0.8947368421052632,1.0,0.8947368421052632,0.8421052631578947,1.0,1.0,0.0,0.9473684210526315,0.6842105263157895,0.9473684210526315
llama3.1:8b,,0.0,0.75,0.0,1.0,0.75,1.0,0.25,0.0,1.0,0.5,0.0,0.25,0.0,0.0
llava:7b,,0.0,0.5714285714285714,0.0,1.0,0.7142857142857143,0.8571428571428571,0.0,0.0,0.8571428571428571,0.5714285714285714,0.0,0.0,0.0,0.14285714285714285
meta-llama/llama-4-maverick-17b-128e-instruct,,1.0,1.0,0.0,1.0,1.0,1.0,1.0,0.0,1.0,1.0,0.0,1.0,1.0,1.0
mistral-saba-24b,,0.8421052631578947,0.15789473684210525,0.0,1.0,0.5263157894736842,1.0,0.2631578947368421,0.05263157894736842,1.0,1.0,0.0,0.6842105263157895,0.0,0.7894736842105263
qwen/qwen3-32b,,0.85,0.25,0.0,1.0,0.95,1.0,0.1,0.05,1.0,1.0,0.0,0.25,0.05,0.7
qwen2.5:1.5b,0.0,0.0,0.2,0.5,0.9,0.1,1.0,0.6,0.0,1.0,0.3,0.2,0.5,0.6,0.5
qwen2.5:7b,,0.0,0.7368421052631579,0.05263157894736842,1.0,0.42105263157894735,1.0,0.05263157894736842,0.631578947368421,1.0,1.0,0.05263157894736842,0.42105263157894735,0.0,0.15789473684210525
