model,Disposition,color,colour,context,disposition,function,location,material,pattern,scenario,shape,size,temperature,texture,value,weight
deepseek-r1-distill-llama-70b,0.0,,1.0,0.7,0.6842105263157895,1.0,1.0,0.5,0.3,0.5,1.0,1.0,0.05,1.0,0.95,0.9
llama3.1:8b,,,0.0,0.0,1.0,0.0,1.0,0.0,0.0,0.0,0.0,1.0,0.0,0.0,1.0,1.0
llava:7b,,,0.16666666666666666,0.5,0.16666666666666666,0.5,0.4166666666666667,0.25,0.0,0.08333333333333333,0.25,0.75,0.0,0.75,0.25,0.25
meta-llama/llama-4-maverick-17b-128e-instruct,,,1.0,1.0,1.0,1.0,1.0,0.0,1.0,0.0,1.0,1.0,0.0,1.0,1.0,1.0
mistral-saba-24b,,,0.9,0.25,0.1,0.1,0.95,0.2,0.7,0.0,0.7,0.95,0.0,1.0,0.0,0.95
qwen/qwen3-32b,,,1.0,0.36363636363636365,0.9090909090909091,0.8181818181818182,0.9090909090909091,0.6363636363636364,0.36363636363636365,0.09090909090909091,0.8181818181818182,1.0,0.0,1.0,0.18181818181818182,1.0
qwen2.5:1.5b,,1.0,0.14285714285714285,0.6,0.3333333333333333,0.6,0.4,0.4666666666666667,0.3333333333333333,0.6,0.5333333333333333,0.4,0.4,0.6,0.4,0.3333333333333333
qwen2.5:7b,,,1.0,0.85,0.0,1.0,1.0,0.9,0.05,0.25,0.95,0.95,0.0,0.8,0.0,0.4
