model,color,colour,context,disposition,function,location,material,pattern,scenario,shape,size,temperature,texture,value,weight
deepseek-r1-distill-llama-70b,,0.7894736842105263,0.7894736842105263,0.5263157894736842,1.0,0.8947368421052632,1.0,0.8947368421052632,0.7894736842105263,1.0,1.0,0.0,1.0,0.5789473684210527,1.0
llama3.1:8b,,0.0,1.0,0.0,1.0,0.5,0.5,0.0,0.5,1.0,0.5,0.0,0.5,0.0,1.0
llava:7b,,0.07142857142857142,0.6428571428571429,0.0,1.0,0.7857142857142857,0.5714285714285714,0.07142857142857142,0.2857142857142857,0.6428571428571429,0.6428571428571429,0.0,0.07142857142857142,0.0,0.07142857142857142
meta-llama/llama-4-maverick-17b-128e-instruct,,1.0,1.0,0.0,1.0,1.0,1.0,1.0,0.0,1.0,1.0,0.0,1.0,1.0,1.0
mistral-saba-24b,,0.9333333333333333,0.3333333333333333,0.0,1.0,0.9333333333333333,1.0,0.26666666666666666,0.0,1.0,1.0,0.0,0.8,0.4666666666666667,1.0
qwen/qwen3-32b,,1.0,0.6470588235294118,0.058823529411764705,1.0,0.9411764705882353,1.0,0.8235294117647058,0.0,1.0,1.0,0.0,1.0,0.11764705882352941,1.0
qwen2.5:1.5b,0.0,0.0,0.5,0.42857142857142855,0.6428571428571429,0.21428571428571427,0.7857142857142857,0.5,0.2857142857142857,1.0,0.42857142857142855,0.14285714285714285,0.6428571428571429,0.5714285714285714,0.5
qwen2.5:7b,,0.0,0.9,0.0,1.0,1.0,1.0,0.05,0.8,1.0,1.0,0.0,0.1,0.0,0.6
