model,Disposition,colour,context,disposition,function,location,material,pattern,scenario,shape,size,temperature,texture,value,weight
deepseek-r1-distill-llama-70b,1.0,1.0,0.631578947368421,0.1111111111111111,0.8421052631578947,0.8947368421052632,0.9473684210526315,0.5789473684210527,0.5263157894736842,1.0,1.0,0.7368421052631579,1.0,0.5789473684210527,0.21052631578947367
llama3.1:8b,,0.0,0.0,0.0,1.0,0.0,0.0,1.0,0.0,1.0,0.0,1.0,1.0,0.0,0.0
llava:7b,,0.1111111111111111,0.2222222222222222,0.0,0.7777777777777778,0.3333333333333333,0.1111111111111111,0.0,0.1111111111111111,0.5555555555555556,0.7777777777777778,0.2222222222222222,1.0,0.0,0.2222222222222222
meta-llama/llama-4-maverick-17b-128e-instruct,,1.0,1.0,0.0,1.0,1.0,1.0,1.0,0.0,1.0,1.0,1.0,1.0,1.0,1.0
mistral-saba-24b,,0.9473684210526315,0.3157894736842105,0.05263157894736842,1.0,0.5789473684210527,0.7368421052631579,0.7368421052631579,0.0,0.9473684210526315,0.9473684210526315,0.8421052631578947,1.0,0.2631578947368421,0.8947368421052632
qwen/qwen3-32b,,1.0,0.25,0.0,0.65,0.8,0.85,0.4,0.15,1.0,1.0,0.35,1.0,0.0,0.4
qwen2.5:1.5b,,0.25,0.25,0.75,0.25,0.75,1.0,0.75,0.0,0.75,0.75,1.0,0.25,0.0,0.0
qwen2.5:7b,,1.0,1.0,0.0,1.0,1.0,0.85,0.1,1.0,1.0,0.6,0.25,1.0,0.0,0.0
