model,Disposition,color,colour,context,disposition,function,location,material,pattern,scenario,shape,size,temperature,texture,value,weight
deepseek-r1-distill-llama-70b,0.0,,0.9,0.95,0.2631578947368421,1.0,1.0,1.0,0.0,0.95,1.0,1.0,1.0,0.6,0.75,0.15
llama3.1:8b,,,0.0,1.0,0.0,1.0,0.5,1.0,0.0,0.0,0.5,0.0,1.0,0.0,0.0,0.0
llava:7b,,,0.2,0.2,0.0,1.0,0.8,0.6,0.0,0.0,0.6,0.8,1.0,0.0,0.0,0.0
meta-llama/llama-4-maverick-17b-128e-instruct,,,0.0,1.0,0.0,1.0,1.0,1.0,0.0,0.0,1.0,1.0,1.0,0.0,0.75,1.0
mistral-saba-24b,,0.0,0.6842105263157895,0.45,0.0,1.0,1.0,1.0,0.0,0.05,0.8,1.0,1.0,0.05,0.0,0.35
qwen/qwen3-32b,,,0.7894736842105263,0.15789473684210525,0.05263157894736842,1.0,1.0,1.0,0.0,0.0,0.9473684210526315,1.0,1.0,0.0,0.21052631578947367,0.3684210526315789
qwen2.5:1.5b,,0.0,0.0,0.9230769230769231,0.07692307692307693,0.9230769230769231,0.9230769230769231,1.0,0.07692307692307693,0.07692307692307693,0.6923076923076923,0.38461538461538464,1.0,0.0,0.0,0.07692307692307693
qwen2.5:7b,,,0.0,0.8571428571428571,0.0,1.0,1.0,1.0,0.0,0.7142857142857143,1.0,1.0,1.0,0.0,0.0,0.14285714285714285
