model,colour,context,disposition,function,location,material,pattern,scenario,shape,size,temperature,texture,value,weight
deepseek-r1-distill-llama-70b,1.0,0.65,0.05,1.0,0.8,1.0,0.75,0.5,1.0,1.0,0.4,0.9,0.75,0.9
llama3.1:8b,0.0,1.0,0.0,1.0,0.0,1.0,0.0,0.0,1.0,0.0,0.0,1.0,1.0,1.0
llava:7b,0.15384615384615385,0.6153846153846154,0.0,1.0,0.8461538461538461,1.0,0.0,0.0,0.9230769230769231,0.9230769230769231,0.0,0.0,0.0,0.23076923076923078
meta-llama/llama-4-maverick-17b-128e-instruct,1.0,1.0,0.0,1.0,1.0,1.0,1.0,0.0,1.0,1.0,0.0,1.0,1.0,1.0
mistral-saba-24b,0.6111111111111112,0.2777777777777778,0.0,1.0,0.6111111111111112,1.0,0.3888888888888889,0.05555555555555555,1.0,0.8888888888888888,0.0,0.5,0.0,0.6111111111111112
qwen/qwen3-32b,1.0,0.21052631578947367,0.0,1.0,1.0,1.0,0.42105263157894735,0.05263157894736842,1.0,1.0,0.0,0.5789473684210527,0.0,0.7894736842105263
qwen2.5:1.5b,0.0,0.6923076923076923,0.15384615384615385,0.8461538461538461,0.15384615384615385,0.8461538461538461,0.15384615384615385,0.07692307692307693,1.0,0.3076923076923077,0.46153846153846156,0.38461538461538464,0.38461538461538464,0.23076923076923078
qwen2.5:7b,1.0,0.9333333333333333,0.0,1.0,1.0,1.0,0.0,0.8666666666666667,1.0,1.0,0.0,0.0,0.0,0.0
