model,colour,context,disposition,function,location,material,pattern,scenario,shape,size,temperature,texture,value,weight
deepseek-r1-distill-llama-70b,1.0,0.8947368421052632,0.10526315789473684,1.0,1.0,0.3684210526315789,0.7368421052631579,0.7368421052631579,1.0,0.8947368421052632,0.0,0.0,0.2631578947368421,0.0
llava:7b,0.8333333333333334,0.5,0.0,1.0,1.0,0.0,0.0,0.16666666666666666,0.5,0.16666666666666666,0.0,0.0,0.0,0.0
meta-llama/llama-4-maverick-17b-128e-instruct,1.0,1.0,0.0,1.0,1.0,0.95,1.0,0.95,1.0,0.95,0.0,0.0,0.0,0.0
mistral-saba-24b,1.0,0.7,0.0,1.0,1.0,0.1,0.3,0.55,1.0,0.65,0.0,0.0,0.0,0.0
qwen/qwen3-32b,1.0,0.55,0.05,1.0,1.0,0.0,0.8,0.0,1.0,0.6,0.0,0.0,0.0,0.0
qwen2.5:1.5b,1.0,0.5,0.5,1.0,1.0,0.75,0.5,0.25,0.25,0.0,0.25,0.0,0.75,0.0
qwen2.5:7b,1.0,1.0,0.0,1.0,1.0,0.0,0.06666666666666667,1.0,0.3333333333333333,0.0,0.0,0.0,0.0,0.0
