model,color,colour,context,disposition,function,location,material,pattern,scenario,shape,size,temperature,texture,value,weight
deepseek-r1-distill-llama-70b,,0.0,1.0,0.0,1.0,0.0,1.0,0.0,1.0,1.0,1.0,0.0,1.0,1.0,1.0
llama3.1:8b,,0.0,0.5,0.0,1.0,0.5,1.0,0.0,0.0,1.0,1.0,0.0,0.5,0.5,1.0
llava:7b,,0.0,0.6,0.0,1.0,0.4,1.0,0.0,0.0,1.0,1.0,0.0,0.0,0.0,1.0
meta-llama/llama-4-maverick-17b-128e-instruct,,0.75,1.0,0.0,1.0,1.0,1.0,0.75,0.0,1.0,1.0,0.0,1.0,0.95,1.0
mistral-saba-24b,,0.9473684210526315,0.3684210526315789,0.0,1.0,0.6842105263157895,1.0,0.42105263157894735,0.15789473684210525,1.0,1.0,0.0,0.7894736842105263,0.15789473684210525,1.0
qwen/qwen3-32b,,0.65,0.35,0.05,1.0,0.95,1.0,0.05,0.0,1.0,1.0,0.0,0.85,0.0,1.0
qwen2.5:1.5b,0.0,0.0,0.5,0.3333333333333333,1.0,0.0,0.8333333333333334,0.3333333333333333,0.16666666666666666,0.8333333333333334,0.6666666666666666,0.16666666666666666,0.8333333333333334,0.5,0.8333333333333334
qwen2.5:7b,,0.0,0.35,0.0,1.0,0.05,1.0,0.1,0.05,1.0,1.0,0.0,0.9,0.05,1.0
