model,color,colour,context,disposition,function,location,material,pattern,scenario,shape,size,temperature,texture,value,weight
deepseek-r1-distill-llama-70b,,0.95,1.0,1.0,1.0,1.0,0.0,0.6,0.8,0.65,1.0,0.05,0.6,0.35,1.0
llama3.1:8b,,0.0,1.0,1.0,0.0,0.0,0.0,0.0,1.0,1.0,1.0,0.0,0.0,0.0,1.0
llava:7b,,0.0,1.0,0.7,0.2,0.8,0.0,0.0,0.5,0.2,0.6,0.0,0.0,0.4,0.2
meta-llama/llama-4-maverick-17b-128e-instruct,,1.0,1.0,1.0,1.0,1.0,0.0,0.0,1.0,0.05,1.0,0.6,0.0,1.0,1.0
mistral-saba-24b,,0.35,0.7,1.0,0.05,0.9,0.05,0.0,0.1,0.1,0.35,0.0,0.05,0.0,0.3
qwen/qwen3-32b,,1.0,0.058823529411764705,1.0,0.5294117647058824,1.0,0.0,0.0,0.0,0.8823529411764706,1.0,0.17647058823529413,0.058823529411764705,0.0,1.0
qwen2.5:1.5b,0.0,0.0,0.7,0.4,0.6,0.6,0.4,0.3,0.5,0.9,0.6,0.2,0.5,0.7,0.3
qwen2.5:7b,,0.0,1.0,1.0,0.35,1.0,0.0,0.0,1.0,0.0,0.65,0.0,0.0,0.1,0.2
