model,Disposition,color,colour,context,disposition,function,location,material,pattern,scenario,shape,size,temperature,texture,value,weight
deepseek-r1-distill-llama-70b,0.0,,1.0,0.6842105263157895,0.05555555555555555,0.9473684210526315,0.8421052631578947,1.0,0.47368421052631576,0.5789473684210527,1.0,1.0,0.9473684210526315,1.0,0.7894736842105263,0.15789473684210525
llama3.1:8b,,,0.0,0.0,0.0,1.0,1.0,1.0,1.0,0.0,1.0,0.0,1.0,0.0,0.0,0.0
llava:7b,,,0.07142857142857142,0.42857142857142855,0.0,0.7142857142857143,0.35714285714285715,0.6428571428571429,0.0,0.0,0.7857142857142857,0.7142857142857143,0.42857142857142855,0.9285714285714286,0.0,0.0
meta-llama/llama-4-maverick-17b-128e-instruct,,,1.0,1.0,0.0,1.0,1.0,1.0,0.2,0.0,1.0,1.0,1.0,1.0,1.0,1.0
mistral-saba-24b,,,0.95,0.5,0.05,0.9,0.85,0.85,0.1,0.05,0.95,0.95,0.95,1.0,0.15,0.7
qwen/qwen3-32b,,,1.0,0.0,0.0,0.2857142857142857,0.6428571428571429,1.0,0.07142857142857142,0.0,1.0,1.0,0.8571428571428571,1.0,0.0,0.14285714285714285
qwen2.5:1.5b,,0.0,0.0,1.0,0.0,0.75,0.5,0.5,0.0,0.5,1.0,1.0,0.75,0.75,0.25,0.0
qwen2.5:7b,,,0.0,1.0,0.0,1.0,0.9166666666666666,0.5,0.0,1.0,1.0,1.0,1.0,1.0,0.0,0.0
