model,Disposition,colour,context,disposition,function,location,material,pattern,scenario,shape,size,temperature,texture,value,weight
deepseek-r1-distill-llama-70b,0.0,0.95,0.7,0.10526315789473684,1.0,1.0,1.0,0.75,0.7,1.0,1.0,0.0,0.8,0.75,1.0
llava:7b,,0.0,0.5714285714285714,0.0,1.0,0.7142857142857143,0.8571428571428571,0.14285714285714285,0.0,0.8571428571428571,1.0,0.0,0.14285714285714285,0.42857142857142855,0.7142857142857143
meta-llama/llama-4-maverick-17b-128e-instruct,,1.0,1.0,0.0,1.0,1.0,1.0,1.0,0.0,1.0,1.0,0.0,1.0,1.0,1.0
mistral-saba-24b,,1.0,0.2222222222222222,0.0,1.0,0.8333333333333334,1.0,1.0,0.0,1.0,1.0,0.0,0.8888888888888888,0.2777777777777778,1.0
qwen/qwen3-32b,,1.0,0.05263157894736842,0.0,1.0,0.7894736842105263,1.0,0.631578947368421,0.0,1.0,1.0,0.05263157894736842,0.42105263157894735,0.10526315789473684,1.0
qwen2.5:1.5b,,0.0,0.7272727272727273,0.18181818181818182,0.8181818181818182,0.09090909090909091,0.6363636363636364,0.18181818181818182,0.2727272727272727,1.0,0.18181818181818182,0.18181818181818182,0.5454545454545454,0.6363636363636364,0.8181818181818182
qwen2.5:7b,,1.0,0.7058823529411765,0.0,1.0,1.0,1.0,0.0,0.4117647058823529,1.0,1.0,0.0,0.0,0.17647058823529413,0.4117647058823529
