model,Disposition,colour,context,disposition,function,location,material,pattern,scenario,shape,size,temperature,texture,value,weight
deepseek-r1-distill-llama-70b,0.0,1.0,0.625,0.06666666666666667,0.125,1.0,0.0,1.0,0.0,0.125,0.8125,0.0,0.125,0.1875,0.5
llava:7b,,1.0,0.0,0.0,0.0,0.5,0.0,1.0,0.0,0.5,0.0,0.0,0.0,0.0,0.0
meta-llama/llama-4-maverick-17b-128e-instruct,,1.0,1.0,1.0,1.0,1.0,0.0,1.0,0.75,1.0,1.0,0.0,0.95,0.75,1.0
mistral-saba-24b,,0.8888888888888888,0.2222222222222222,0.16666666666666666,0.0,1.0,0.0,1.0,0.1111111111111111,0.8333333333333334,1.0,0.0,0.6111111111111112,0.0,0.7222222222222222
qwen/qwen3-32b,,1.0,0.21052631578947367,0.15789473684210525,0.05263157894736842,1.0,0.0,1.0,0.0,0.8947368421052632,1.0,0.0,0.05263157894736842,0.0,0.631578947368421
qwen2.5:1.5b,,0.3333333333333333,0.6666666666666666,0.0,0.6666666666666666,0.3333333333333333,0.0,0.3333333333333333,1.0,0.6666666666666666,0.0,0.0,0.6666666666666666,1.0,0.6666666666666666
qwen2.5:7b,,1.0,0.2631578947368421,0.0,0.2631578947368421,1.0,0.0,1.0,0.47368421052631576,0.7894736842105263,0.8947368421052632,0.0,0.0,0.0,0.0
