model,color,colour,context,disposition,function,location,material,pattern,scenario,shape,size,temperature,texture,value,weight
deepseek-r1-distill-llama-70b,,1.0,1.0,0.25,1.0,1.0,0.95,0.0,1.0,1.0,1.0,1.0,0.6,0.9,0.6
llama3.1:8b,,0.0,1.0,0.0,1.0,0.5,1.0,0.0,0.0,1.0,0.5,0.5,0.0,0.0,0.5
llava:7b,,0.0,0.7272727272727273,0.0,1.0,0.9090909090909091,0.7272727272727273,0.0,0.0,0.09090909090909091,0.5454545454545454,0.7272727272727273,0.0,0.0,0.18181818181818182
meta-llama/llama-4-maverick-17b-128e-instruct,,1.0,1.0,0.0,1.0,1.0,1.0,0.1,0.0,1.0,1.0,0.15,0.0,1.0,1.0
mistral-saba-24b,,0.8333333333333334,0.4444444444444444,0.0,1.0,1.0,0.8888888888888888,0.1111111111111111,0.1111111111111111,1.0,1.0,0.6111111111111112,0.05555555555555555,0.2777777777777778,0.8333333333333334
qwen/qwen3-32b,,0.55,0.35,0.0,1.0,1.0,0.95,0.0,0.0,0.65,0.95,0.2,0.0,0.15,0.7
qwen2.5:1.5b,0.0,0.0,0.75,0.25,0.875,0.875,1.0,0.25,0.375,0.625,0.25,0.625,0.125,0.375,0.375
qwen2.5:7b,,0.0,1.0,0.0,1.0,1.0,1.0,0.0,0.8888888888888888,1.0,1.0,0.4444444444444444,0.0,0.0,0.5
