model,colour,context,disposition,function,location,material,pattern,scenario,shape,size,temperature,texture,value,weight
deepseek-r1-distill-llama-70b,1.0,0.7,0.15,1.0,0.9,0.9,0.1,0.6,1.0,1.0,0.1,0.35,1.0,1.0
llava:7b,0.25,0.5,0.0,1.0,0.5,0.875,0.0,0.0,0.75,1.0,0.0,0.0,0.75,0.875
meta-llama/llama-4-maverick-17b-128e-instruct,1.0,1.0,0.0,1.0,1.0,1.0,0.9,0.0,1.0,1.0,0.0,0.0,1.0,1.0
mistral-saba-24b,1.0,0.45,0.0,1.0,1.0,0.5,0.0,0.0,0.95,1.0,0.0,0.05,0.6,0.9
qwen/qwen3-32b,1.0,0.1,0.0,1.0,0.95,0.95,0.0,0.0,1.0,1.0,0.0,0.0,0.7,0.95
qwen2.5:1.5b,0.23529411764705882,0.7058823529411765,0.29411764705882354,0.7647058823529411,0.8235294117647058,0.8823529411764706,0.23529411764705882,0.29411764705882354,0.6470588235294118,0.5294117647058824,0.23529411764705882,0.0,0.6470588235294118,0.5882352941176471
qwen2.5:7b,1.0,0.45454545454545453,0.0,1.0,1.0,0.9090909090909091,0.36363636363636365,0.36363636363636365,1.0,1.0,0.0,0.0,0.18181818181818182,0.09090909090909091
