model,color,colour,context,disposition,function,location,material,pattern,scenario,shape,size,temperature,texture,value,weight
deepseek-r1-distill-llama-70b,,0.9444444444444444,0.9444444444444444,0.3888888888888889,1.0,1.0,1.0,0.7777777777777778,0.9444444444444444,1.0,1.0,0.7222222222222222,1.0,0.5555555555555556,1.0
llava:7b,,0.0,0.75,0.08333333333333333,1.0,0.75,0.9166666666666666,0.08333333333333333,0.0,1.0,0.75,0.0,0.0,0.0,0.08333333333333333
meta-llama/llama-4-maverick-17b-128e-instruct,,1.0,1.0,0.0,1.0,1.0,1.0,1.0,0.0,1.0,1.0,0.0,1.0,1.0,1.0
mistral-saba-24b,,0.9,0.4,0.0,1.0,0.9,1.0,0.4,0.05,1.0,1.0,0.0,0.9,0.0,0.9
qwen/qwen3-32b,,0.65,0.45,0.0,1.0,1.0,1.0,0.1,0.05,1.0,1.0,0.0,0.3,0.0,0.45
qwen2.5:1.5b,0.0,0.0,0.3333333333333333,0.1111111111111111,1.0,0.1111111111111111,0.8888888888888888,0.0,0.1111111111111111,1.0,0.1111111111111111,0.2222222222222222,0.8888888888888888,0.3333333333333333,0.5555555555555556
qwen2.5:7b,,0.631578947368421,0.9473684210526315,0.0,1.0,0.8947368421052632,1.0,0.05263157894736842,0.631578947368421,1.0,1.0,0.0,0.21052631578947367,0.0,0.0
