model,color,colour,context,disposition,function,location,material,pattern,scenario,shape,size,temperature,texture,value,weight
deepseek-r1-distill-llama-70b,,1.0,0.8421052631578947,0.15789473684210525,1.0,0.9473684210526315,1.0,0.47368421052631576,0.5789473684210527,1.0,1.0,0.0,1.0,0.9473684210526315,1.0
llama3.1:8b,,0.0,1.0,0.0,1.0,1.0,1.0,0.0,0.0,1.0,1.0,0.0,0.0,1.0,0.0
llava:7b,,0.0,0.5714285714285714,0.0,1.0,0.7142857142857143,0.7142857142857143,0.0,0.14285714285714285,0.0,1.0,0.0,0.0,0.14285714285714285,0.42857142857142855
meta-llama/llama-4-maverick-17b-128e-instruct,,1.0,1.0,0.0,1.0,1.0,1.0,1.0,0.0,1.0,1.0,0.0,1.0,1.0,1.0
mistral-saba-24b,,1.0,0.3684210526315789,0.0,1.0,0.8947368421052632,1.0,0.631578947368421,0.0,0.6842105263157895,1.0,0.0,0.6842105263157895,0.631578947368421,1.0
qwen/qwen3-32b,,0.95,0.2,0.0,0.85,0.95,1.0,0.25,0.0,0.8,1.0,0.0,0.95,0.65,1.0
qwen2.5:1.5b,0.0,0.09090909090909091,0.15384615384615385,0.8461538461538461,0.38461538461538464,0.23076923076923078,0.9230769230769231,0.7692307692307693,0.07692307692307693,0.9230769230769231,0.8461538461538461,0.3076923076923077,0.7692307692307693,0.6923076923076923,0.38461538461538464
qwen2.5:7b,,0.0,1.0,0.0,1.0,1.0,1.0,0.05,0.0,0.0,0.7,0.0,0.0,0.6,0.25
