model,Disposition,color,colour,context,disposition,function,location,material,pattern,scenario,shape,size,temperature,texture,value,weight
deepseek-r1-distill-llama-70b,0.0,,1.0,0.75,0.2777777777777778,1.0,0.95,1.0,0.8,0.65,1.0,1.0,0.15,1.0,0.9,0.95
llama3.1:8b,,,0.0,0.0,0.3333333333333333,1.0,0.0,0.6666666666666666,0.6666666666666666,0.0,1.0,0.6666666666666666,0.0,0.6666666666666666,0.6666666666666666,0.3333333333333333
llava:7b,,,0.0,0.25,0.0,1.0,1.0,1.0,0.0,0.0,1.0,0.75,0.0,0.0,0.0,0.0
meta-llama/llama-4-maverick-17b-128e-instruct,,,1.0,1.0,0.0,1.0,1.0,1.0,1.0,0.0,1.0,1.0,0.0,1.0,1.0,1.0
mistral-saba-24b,,1.0,0.9473684210526315,0.25,0.0,1.0,0.85,0.95,0.5,0.0,0.95,0.95,0.0,0.75,0.25,0.85
qwen/qwen3-32b,,,1.0,0.2,0.0,1.0,1.0,1.0,0.9,0.1,1.0,1.0,0.0,1.0,0.15,0.85
qwen2.5:1.5b,,,0.0,0.5,0.5,1.0,0.0,1.0,0.5,0.0,1.0,0.0,0.0,0.75,0.75,0.75
qwen2.5:7b,,,1.0,0.55,0.0,1.0,1.0,1.0,0.1,0.2,1.0,1.0,0.0,0.3,0.0,0.05
