model,colour,context,disposition,function,location,material,pattern,patterns,scenario,scene,shape,size,temperature,texture,value,weight
deepseek-r1-distill-llama-70b,1.0,1.0,0.0,1.0,1.0,1.0,1.0,,1.0,,1.0,1.0,0.0,1.0,1.0,1.0
llama3.1:8b,0.0,0.5,0.0,1.0,0.5,1.0,0.5,,0.0,,1.0,0.5,0.0,0.5,0.0,0.5
llava:7b,0.0,0.6666666666666666,0.0,1.0,0.4444444444444444,1.0,0.0,,0.0,,1.0,0.8888888888888888,0.0,0.0,0.0,1.0
meta-llama/llama-4-maverick-17b-128e-instruct,1.0,1.0,0.0,1.0,1.0,1.0,1.0,,0.0,,1.0,1.0,0.0,1.0,1.0,1.0
mistral-saba-24b,1.0,0.15,0.0,1.0,0.5,1.0,0.8421052631578947,1.0,0.05263157894736842,0.0,1.0,1.0,0.0,0.9,0.2,1.0
qwen/qwen3-32b,1.0,0.1111111111111111,0.0,1.0,0.8888888888888888,1.0,0.4444444444444444,,0.05555555555555555,,1.0,1.0,0.0,1.0,0.2777777777777778,1.0
qwen2.5:1.5b,0.0,0.5,0.5,0.75,0.0,1.0,0.5,,0.0,,1.0,0.75,0.25,0.75,0.75,0.75
qwen2.5:7b,0.9473684210526315,0.7894736842105263,0.0,1.0,1.0,1.0,0.15789473684210525,,0.5789473684210527,,1.0,1.0,0.0,0.0,0.15789473684210525,0.8421052631578947
