model,color,colour,context,disposition,function,location,material,pattern,scenario,shape,size,temperature,texture,value,weight
deepseek-r1-distill-llama-70b,,1.0,0.7894736842105263,0.2631578947368421,1.0,0.9473684210526315,1.0,1.0,0.5789473684210527,1.0,1.0,0.0,1.0,0.631578947368421,0.42105263157894735
llama3.1:8b,,0.0,1.0,0.0,1.0,0.5,0.5,0.0,0.5,1.0,1.0,0.0,0.5,0.0,0.0
llava:7b,,0.3,0.3,0.1,0.9,0.8,0.9,0.2,0.0,0.8,0.8,0.0,0.5,0.2,0.0
meta-llama/llama-4-maverick-17b-128e-instruct,,1.0,1.0,0.0,1.0,1.0,1.0,1.0,0.0,1.0,1.0,0.0,1.0,1.0,1.0
mistral-saba-24b,,1.0,0.13333333333333333,0.0,1.0,1.0,1.0,1.0,0.0,1.0,1.0,0.0,1.0,0.2,0.4
qwen/qwen3-32b,,1.0,0.15,0.0,0.95,0.95,1.0,1.0,0.0,1.0,1.0,0.0,1.0,0.0,0.2
qwen2.5:1.5b,0.0,0.0,0.2,0.8,0.4,0.2,1.0,0.6,0.0,0.8,0.6,0.4,0.8,0.6,0.4
qwen2.5:7b,,1.0,0.1,0.0,1.0,1.0,1.0,1.0,0.1,1.0,1.0,0.0,1.0,0.0,0.1
