model,color,colour,context,disposition,function,location,material,pattern,scenario,shape,size,temperature,texture,value,weight
deepseek-r1-distill-llama-70b,,0.95,0.95,0.3,1.0,1.0,0.9,0.0,0.75,1.0,0.95,0.0,0.0,1.0,0.05
llama3.1:8b,,0.0,1.0,0.0,1.0,1.0,0.8333333333333334,0.0,0.16666666666666666,0.8333333333333334,0.16666666666666666,0.0,0.0,0.8333333333333334,0.0
llava:7b,,0.0,0.8,0.0,1.0,1.0,0.4,0.0,0.3,0.2,0.2,0.0,0.0,0.1,0.0
meta-llama/llama-4-maverick-17b-128e-instruct,,0.0,1.0,0.0,1.0,1.0,1.0,0.0,1.0,1.0,1.0,0.0,0.0,1.0,0.0
mistral-saba-24b,,1.0,0.8421052631578947,0.0,1.0,1.0,0.9473684210526315,0.10526315789473684,0.5263157894736842,1.0,1.0,0.0,0.05263157894736842,0.47368421052631576,0.0
qwen/qwen3-32b,,0.4,0.25,0.0,1.0,1.0,0.35,0.0,0.0,0.65,0.7,0.0,0.0,0.2,0.05
qwen2.5:1.5b,0.0,0.0,0.7692307692307693,0.15384615384615385,0.9230769230769231,0.9230769230769231,1.0,0.23076923076923078,0.07692307692307693,0.5384615384615384,0.15384615384615385,0.0,0.0,1.0,0.23076923076923078
qwen2.5:7b,,0.0,0.85,0.15,1.0,1.0,0.9,0.15,0.7,0.95,0.8,0.0,0.0,0.65,0.0
