model,colour,context,disposition,function,location,material,pattern,scenario,shape,size,temperature,texture,value,weight
deepseek-r1-distill-llama-70b,1.0,1.0,0.47368421052631576,1.0,0.8947368421052632,1.0,1.0,1.0,1.0,1.0,0.05263157894736842,1.0,0.7368421052631579,0.5263157894736842
llava:7b,0.375,0.0,0.0,1.0,0.625,1.0,1.0,0.0,0.5,0.375,0.0,0.125,0.125,0.0
meta-llama/llama-4-maverick-17b-128e-instruct,1.0,1.0,0.0,1.0,1.0,1.0,1.0,0.0,1.0,1.0,0.0,1.0,1.0,1.0
mistral-saba-24b,1.0,0.29411764705882354,0.0,1.0,0.8823529411764706,1.0,1.0,0.058823529411764705,1.0,1.0,0.0,1.0,0.0,0.0
qwen/qwen3-32b,1.0,0.6875,0.1875,1.0,0.9375,1.0,1.0,0.4375,1.0,1.0,0.0,1.0,0.1875,0.1875
qwen2.5:1.5b,0.0,0.25,0.75,0.5,0.375,0.875,0.75,0.25,1.0,0.5,0.125,0.375,0.75,0.625
qwen2.5:7b,1.0,0.9411764705882353,0.0,1.0,1.0,1.0,0.9411764705882353,0.9411764705882353,1.0,0.7647058823529411,0.0,0.8823529411764706,0.0,0.0
