model,colour,context,disposition,function,location,material,pattern,scenario,shape,size,temperature,texture,value,weight
deepseek-r1-distill-llama-70b,1.0,0.8333333333333334,0.0,0.9444444444444444,0.8888888888888888,0.7777777777777778,0.05555555555555555,0.16666666666666666,1.0,1.0,0.3888888888888889,1.0,0.8333333333333334,0.8888888888888888
llama3.1:8b,1.0,1.0,0.0,1.0,0.0,0.0,0.0,0.0,1.0,1.0,0.0,1.0,1.0,1.0
llava:7b,1.0,0.3333333333333333,0.0,0.0,0.6666666666666666,0.0,0.0,0.0,0.3333333333333333,0.6666666666666666,0.0,0.0,0.0,0.0
meta-llama/llama-4-maverick-17b-128e-instruct,1.0,1.0,0.0,1.0,1.0,0.8,0.0,0.0,1.0,1.0,0.1,1.0,1.0,1.0
mistral-saba-24b,1.0,0.0625,0.0,0.1875,0.6875,0.125,0.0,0.0,1.0,0.75,0.0,0.75,0.0,0.5
qwen/qwen3-32b,1.0,0.10526315789473684,0.10526315789473684,0.3157894736842105,0.7368421052631579,0.10526315789473684,0.0,0.05263157894736842,1.0,0.9473684210526315,0.0,0.9473684210526315,0.0,0.15789473684210525
qwen2.5:1.5b,0.0,1.0,0.0,0.0,0.0,0.0,0.0,1.0,1.0,1.0,1.0,1.0,0.0,0.0
qwen2.5:7b,1.0,0.375,0.0,0.4375,0.4375,0.0,0.0,0.0625,1.0,0.4375,0.0,0.0,0.0,0.0
