model,colour,context,disposition,function,location,material,pattern,scenario,shape,size,temperature,texture,value,weight
deepseek-r1-distill-llama-70b,1.0,0.6,0.15,1.0,1.0,1.0,0.7,0.4,1.0,1.0,0.15,1.0,0.7,0.25
llama3.1:8b,0.0,0.8,0.0,1.0,0.8,1.0,0.2,0.0,1.0,0.8,0.0,0.2,0.0,0.0
llava:7b,0.0,0.4375,0.0,1.0,1.0,0.75,0.0625,0.0,0.75,0.9375,0.0,0.0,0.0,0.0
meta-llama/llama-4-maverick-17b-128e-instruct,1.0,1.0,0.0,1.0,1.0,1.0,1.0,0.0,1.0,1.0,0.0,1.0,1.0,1.0
mistral-saba-24b,1.0,0.3888888888888889,0.0,1.0,0.9444444444444444,1.0,0.7777777777777778,0.0,1.0,1.0,0.0,0.8333333333333334,0.3333333333333333,0.3888888888888889
qwen/qwen3-32b,1.0,0.15,0.0,1.0,1.0,1.0,0.8,0.0,1.0,1.0,0.15,0.95,0.4,0.55
qwen2.5:1.5b,0.07142857142857142,0.8571428571428571,0.14285714285714285,0.8571428571428571,0.9285714285714286,0.8571428571428571,0.14285714285714285,0.21428571428571427,1.0,0.2857142857142857,0.14285714285714285,0.21428571428571427,0.7142857142857143,0.5714285714285714
qwen2.5:7b,1.0,0.45,0.1,1.0,1.0,1.0,0.55,0.2,1.0,1.0,0.0,0.7,0.0,0.05
