model,color,colour,context,disposition,function,location,material,pattern,scenario,shape,size,temperature,texture,value,weight
deepseek-r1-distill-llama-70b,,1.0,0.7222222222222222,0.1111111111111111,1.0,1.0,0.7777777777777778,0.0,0.16666666666666666,1.0,1.0,0.16666666666666666,1.0,0.7777777777777778,0.5
llama3.1:8b,,1.0,0.0,0.0,1.0,1.0,0.0,0.0,0.0,1.0,1.0,0.0,1.0,0.0,0.0
llava:7b,,0.9375,0.5,0.0,0.9375,0.875,0.1875,0.0,0.0625,0.125,0.625,0.0625,0.375,0.0625,0.125
meta-llama/llama-4-maverick-17b-128e-instruct,,1.0,1.0,0.0,1.0,1.0,0.35,0.0,0.0,1.0,1.0,0.0,1.0,1.0,1.0
mistral-saba-24b,1.0,1.0,0.1875,0.0,0.9375,0.875,0.625,0.0,0.0,0.875,0.9375,0.0,0.9375,0.0625,0.8125
qwen/qwen3-32b,,1.0,0.15,0.0,1.0,0.9,0.15,0.0,0.0,1.0,1.0,0.0,1.0,0.1,0.3
qwen2.5:1.5b,,0.9230769230769231,0.7692307692307693,0.15384615384615385,0.6153846153846154,0.9230769230769231,0.5384615384615384,0.3076923076923077,0.38461538461538464,0.07692307692307693,0.5384615384615384,0.5384615384615384,0.15384615384615385,0.38461538461538464,0.07692307692307693
qwen2.5:7b,,1.0,0.7058823529411765,0.0,0.9411764705882353,1.0,0.8235294117647058,0.0,0.17647058823529413,1.0,0.35294117647058826,0.0,0.29411764705882354,0.058823529411764705,0.11764705882352941
