model,color,colour,context,disposition,function,location,material,pattern,scenario,shape,size,temperature,texture,value,weight
deepseek-r1-distill-llama-70b,,0.9473684210526315,0.8947368421052632,0.05263157894736842,1.0,1.0,1.0,0.10526315789473684,0.7894736842105263,1.0,1.0,0.05263157894736842,0.42105263157894735,0.8421052631578947,1.0
llava:7b,,0.0,1.0,0.0,1.0,1.0,0.8333333333333334,0.0,0.0,0.6666666666666666,1.0,0.0,0.0,0.16666666666666666,0.16666666666666666
meta-llama/llama-4-maverick-17b-128e-instruct,,1.0,1.0,0.0,1.0,1.0,1.0,1.0,0.35,1.0,1.0,0.0,0.0,1.0,1.0
mistral-saba-24b,,1.0,0.6,0.0,1.0,0.9,1.0,0.25,0.15,1.0,1.0,0.0,0.3,0.35,0.6
qwen/qwen3-32b,,0.95,0.2,0.0,1.0,1.0,1.0,0.0,0.05,1.0,1.0,0.0,0.0,0.2,0.95
qwen2.5:1.5b,0.0,0.09090909090909091,0.6428571428571429,0.2857142857142857,0.8571428571428571,0.5,0.9285714285714286,0.21428571428571427,0.14285714285714285,1.0,0.42857142857142855,0.2857142857142857,0.2857142857142857,0.42857142857142855,0.35714285714285715
qwen2.5:7b,,0.45454545454545453,0.6363636363636364,0.0,1.0,0.45454545454545453,1.0,0.0,0.45454545454545453,1.0,0.8181818181818182,0.0,0.0,0.0,0.09090909090909091
