model,Disposition,colour,context,disposition,function,location,material,pattern,scenario,shape,size,temperature,texture,value,weight
deepseek-r1-distill-llama-70b,0.0,1.0,0.9,0.2631578947368421,1.0,1.0,1.0,0.05,0.85,1.0,1.0,0.1,0.25,0.45,0.35
llama3.1:8b,,0.0,1.0,0.0,1.0,0.6666666666666666,1.0,0.0,0.0,1.0,1.0,0.0,0.3333333333333333,0.0,0.3333333333333333
llava:7b,,0.0,0.8333333333333334,0.0,1.0,1.0,1.0,0.0,0.0,1.0,0.8333333333333334,0.0,0.0,0.0,0.16666666666666666
meta-llama/llama-4-maverick-17b-128e-instruct,,1.0,1.0,0.0,1.0,1.0,1.0,0.0,0.7,1.0,1.0,0.0,0.0,0.95,0.8
mistral-saba-24b,,1.0,0.6842105263157895,0.0,1.0,1.0,1.0,0.05263157894736842,0.21052631578947367,1.0,1.0,0.05263157894736842,0.15789473684210525,0.05263157894736842,0.21052631578947367
qwen/qwen3-32b,,1.0,0.1,0.0,1.0,1.0,1.0,0.0,0.0,1.0,1.0,0.0,0.0,0.0,0.2
qwen2.5:1.5b,,0.0,0.8461538461538461,0.15384615384615385,0.9230769230769231,0.6923076923076923,0.8461538461538461,0.15384615384615385,0.23076923076923078,1.0,0.23076923076923078,0.3076923076923077,0.23076923076923078,0.3076923076923077,0.38461538461538464
qwen2.5:7b,,0.25,1.0,0.0,1.0,1.0,1.0,0.0,0.6666666666666666,1.0,1.0,0.0,0.0,0.0,0.0
