model,colour,context,disposition,function,location,material,pattern,scenario,shape,size,temperature,texture,value,weight
deepseek-r1-distill-llama-70b,0.85,0.95,0.3,1.0,1.0,1.0,0.2,0.85,1.0,1.0,1.0,0.45,0.9,0.25
llama3.1:8b,0.0,1.0,0.0,1.0,1.0,1.0,0.0,0.0,1.0,1.0,1.0,0.0,0.0,0.0
llava:7b,0.07692307692307693,0.5384615384615384,0.0,1.0,0.7692307692307693,0.6153846153846154,0.0,0.0,0.15384615384615385,0.7692307692307693,1.0,0.0,0.0,0.07692307692307693
meta-llama/llama-4-maverick-17b-128e-instruct,1.0,1.0,0.0,1.0,1.0,1.0,0.0,0.0,1.0,1.0,1.0,0.0,1.0,1.0
mistral-saba-24b,1.0,0.4,0.0,1.0,0.95,0.8,0.1,0.15,0.8,1.0,1.0,0.15,0.1,0.75
qwen/qwen3-32b,1.0,0.0,0.0,1.0,1.0,1.0,0.0,0.0,1.0,1.0,1.0,0.0,0.45,0.5
qwen2.5:1.5b,0.5,0.8333333333333334,0.16666666666666666,0.8333333333333334,0.6666666666666666,0.6666666666666666,0.16666666666666666,0.5,0.5,0.3333333333333333,1.0,0.3333333333333333,0.0,0.16666666666666666
qwen2.5:7b,0.7,0.8,0.05,1.0,1.0,0.95,0.0,0.4,0.85,1.0,1.0,0.0,0.05,0.4
