model,colour,context,disposition,function,location,material,pattern,scenario,shape,size,temperature,texture,value,weight
deepseek-r1-distill-llama-70b,1.0,0.7058823529411765,0.11764705882352941,0.9411764705882353,0.6470588235294118,1.0,0.7058823529411765,0.5294117647058824,1.0,1.0,1.0,1.0,0.6470588235294118,0.058823529411764705
llama3.1:8b,0.0,0.0,0.0,1.0,0.0,0.0,1.0,0.0,1.0,1.0,0.0,1.0,0.0,0.0
llava:7b,0.3333333333333333,0.16666666666666666,0.0,0.3333333333333333,0.16666666666666666,0.0,0.0,0.16666666666666666,1.0,0.6666666666666666,0.0,0.6666666666666666,0.0,0.0
meta-llama/llama-4-maverick-17b-128e-instruct,1.0,1.0,0.0,1.0,1.0,1.0,1.0,0.0,1.0,1.0,1.0,1.0,1.0,1.0
mistral-saba-24b,1.0,0.25,0.0,0.625,0.8125,0.75,0.5625,0.0625,1.0,1.0,0.5625,1.0,0.125,0.3125
qwen/qwen3-32b,1.0,0.16666666666666666,0.0,0.1111111111111111,0.8888888888888888,0.7222222222222222,0.7222222222222222,0.0,1.0,1.0,0.3333333333333333,1.0,0.0,0.0
qwen2.5:7b,0.9375,1.0,0.0,1.0,1.0,0.5625,0.0,1.0,1.0,0.875,0.9375,1.0,0.0,0.0
