model,Disposition,colour,context,disposition,function,location,material,pattern,scenario,shape,size,temperature,texture,value,weight
deepseek-r1-distill-llama-70b,0.0,1.0,1.0,0.5555555555555556,1.0,1.0,1.0,1.0,0.8947368421052632,1.0,1.0,0.6842105263157895,1.0,0.8421052631578947,0.9473684210526315
llama3.1:8b,,0.0,1.0,0.0,1.0,0.0,0.0,0.0,1.0,1.0,0.0,1.0,1.0,0.0,0.0
llava:7b,,0.08333333333333333,0.4166666666666667,0.0,1.0,1.0,0.8333333333333334,0.0,0.0,1.0,0.8333333333333334,0.0,0.0,0.0,0.08333333333333333
meta-llama/llama-4-maverick-17b-128e-instruct,,1.0,1.0,0.0,1.0,1.0,1.0,1.0,0.0,1.0,1.0,0.0,1.0,1.0,1.0
mistral-saba-24b,,1.0,0.5789473684210527,0.05263157894736842,1.0,0.8421052631578947,1.0,0.8421052631578947,0.10526315789473684,1.0,1.0,0.15789473684210525,0.8947368421052632,0.05263157894736842,0.8421052631578947
qwen/qwen3-32b,,0.95,0.3,0.0,1.0,0.9,1.0,0.7,0.05,1.0,1.0,0.15,0.6,0.05,0.55
qwen2.5:1.5b,,0.0,0.0,1.0,1.0,1.0,1.0,1.0,0.0,1.0,0.0,1.0,0.0,0.0,0.0
qwen2.5:7b,,0.2222222222222222,0.8888888888888888,0.0,1.0,0.8888888888888888,1.0,0.0,0.6666666666666666,1.0,1.0,0.0,0.0,0.0,0.0
