model,Disposition,colour,context,disposition,function,location,material,pattern,scenario,shape,size,temperature,texture,value,weight
deepseek-r1-distill-llama-70b,0.0,1.0,0.85,0.05263157894736842,0.85,0.85,1.0,0.0,0.75,1.0,1.0,1.0,1.0,0.7,0.15
llama3.1:8b,,0.2,0.8,0.0,1.0,0.8,0.2,0.0,0.6,1.0,0.8,1.0,0.8,0.0,0.0
llava:7b,,0.0,0.5,0.0,1.0,0.0,0.5,0.0,0.0,1.0,1.0,1.0,1.0,0.0,0.0
meta-llama/llama-4-maverick-17b-128e-instruct,,1.0,1.0,0.0,1.0,1.0,0.75,0.0,0.25,1.0,1.0,1.0,1.0,0.95,1.0
mistral-saba-24b,,0.7222222222222222,0.6666666666666666,0.1111111111111111,1.0,0.8888888888888888,0.7222222222222222,0.0,0.5,1.0,1.0,1.0,1.0,0.0,0.5
qwen/qwen3-32b,,1.0,0.4444444444444444,0.0,0.6111111111111112,0.8888888888888888,1.0,0.0,0.1111111111111111,1.0,1.0,1.0,1.0,0.0,0.1111111111111111
qwen2.5:1.5b,,0.0,0.6666666666666666,0.3333333333333333,0.6666666666666666,0.3333333333333333,0.6666666666666666,0.3333333333333333,0.3333333333333333,1.0,0.3333333333333333,1.0,0.5,0.0,0.16666666666666666
qwen2.5:7b,,0.8888888888888888,1.0,0.0,1.0,1.0,0.2222222222222222,0.0,1.0,1.0,0.8888888888888888,1.0,0.9444444444444444,0.0,0.0
