model,color,colour,context,disposition,function,location,material,pattern,scenario,shape,size,temperature,texture,value,weight
deepseek-r1-distill-llama-70b,,1.0,0.8888888888888888,0.2777777777777778,1.0,0.9444444444444444,1.0,1.0,0.8888888888888888,1.0,1.0,0.05555555555555555,0.9444444444444444,0.5555555555555556,1.0
llama3.1:8b,,0.0,0.0,0.0,1.0,0.6666666666666666,1.0,0.6666666666666666,0.0,1.0,0.6666666666666666,0.0,0.3333333333333333,0.6666666666666666,1.0
llava:7b,,0.2857142857142857,0.2857142857142857,0.0,1.0,0.42857142857142855,1.0,0.2857142857142857,0.0,0.8571428571428571,0.7142857142857143,0.0,0.0,0.0,0.8571428571428571
meta-llama/llama-4-maverick-17b-128e-instruct,,1.0,1.0,0.0,1.0,1.0,1.0,1.0,0.25,1.0,1.0,0.0,1.0,1.0,1.0
mistral-saba-24b,,0.9285714285714286,0.5,0.0,1.0,0.7142857142857143,1.0,0.8571428571428571,0.21428571428571427,1.0,1.0,0.0,0.6428571428571429,0.2857142857142857,1.0
qwen/qwen3-32b,,1.0,0.2222222222222222,0.1111111111111111,1.0,0.8333333333333334,1.0,0.8888888888888888,0.0,1.0,1.0,0.0,0.6111111111111112,0.05555555555555555,1.0
qwen2.5:1.5b,0.5,0.125,0.6,0.4,0.8,0.5,0.9,0.5,0.2,0.8,0.6,0.0,0.6,1.0,0.9
qwen2.5:7b,,1.0,1.0,0.0,1.0,1.0,1.0,0.0,1.0,1.0,1.0,0.0,0.0,0.05,0.0
