model,colour,context,disposition,function,location,material,pattern,scenario,shape,size,temperature,texture,value,weight
llava:7b,0.0,0.1111111111111111,0.0,1.0,0.8888888888888888,1.0,0.0,0.0,1.0,0.8888888888888888,0.0,0.2222222222222222,0.0,0.6666666666666666
meta-llama/llama-4-maverick-17b-128e-instruct,1.0,1.0,0.0,1.0,1.0,1.0,1.0,0.4,1.0,1.0,0.0,1.0,1.0,1.0
mistral-saba-24b,0.6,0.35,0.0,1.0,0.45,1.0,0.35,0.1,0.95,1.0,0.05,0.75,0.1,1.0
qwen/qwen3-32b,0.6842105263157895,0.15789473684210525,0.0,1.0,0.8947368421052632,1.0,0.0,0.05263157894736842,1.0,1.0,0.0,0.2631578947368421,0.0,1.0
qwen2.5:7b,0.0,0.7894736842105263,0.0,1.0,0.3684210526315789,1.0,0.0,0.7894736842105263,1.0,1.0,0.0,0.5263157894736842,0.0,0.9473684210526315
