model,color,colour,context,disposition,function,location,material,pattern,scenario,shape,size,temperature,texture,value,weight
deepseek-r1-distill-llama-70b,,1.0,0.7777777777777778,0.3333333333333333,1.0,0.9444444444444444,1.0,1.0,0.7777777777777778,1.0,1.0,0.05555555555555555,1.0,1.0,0.8333333333333334
llava:7b,,0.07692307692307693,0.6153846153846154,0.0,1.0,0.5384615384615384,1.0,0.0,0.0,1.0,0.7692307692307693,0.0,0.0,0.23076923076923078,0.0
meta-llama/llama-4-maverick-17b-128e-instruct,,1.0,1.0,0.0,1.0,1.0,1.0,1.0,0.0,1.0,1.0,0.0,1.0,1.0,1.0
mistral-saba-24b,,0.9230769230769231,0.23076923076923078,0.0,1.0,0.6923076923076923,1.0,1.0,0.07692307692307693,1.0,1.0,0.0,0.9230769230769231,0.15384615384615385,0.23076923076923078
qwen/qwen3-32b,,1.0,0.3,0.0,1.0,1.0,1.0,1.0,0.0,1.0,1.0,0.0,0.8,0.25,0.2
qwen2.5:1.5b,0.0,0.0,0.6666666666666666,0.0,1.0,0.0,0.6666666666666666,0.3333333333333333,0.3333333333333333,1.0,0.0,0.0,0.3333333333333333,0.6666666666666666,0.0
qwen2.5:7b,,1.0,0.7142857142857143,0.0,1.0,1.0,1.0,0.2857142857142857,0.5714285714285714,1.0,1.0,0.0,0.0,0.2857142857142857,0.14285714285714285
