model,emotion,dimension,definition_pval,std_cambridge,std_sentiwordnet,mean_cambridge,mean_sentiwordnet,significant,conf_cambridge,conf_sentiwordnet,conf_both
groq_llama-4-maverick-17b-128e-instruct,acceptance,activity,2.1943312128139763e-12,0.01561249499599599,0.04582575694955841,0.4025,0.32999999999999996,True,True,True,True
groq_llama-4-maverick-17b-128e-instruct,acceptance,arousal,2.2547051188845704e-21,0.0,0.049937460888595436,0.4,0.2475,True,True,True,True
groq_llama-4-maverick-17b-128e-instruct,acceptance,dominance,1.0,2.7755575615628914e-17,2.7755575615628914e-17,0.20000000000000004,0.20000000000000004,False,True,True,True
groq_llama-4-maverick-17b-128e-instruct,acceptance,evaluation,1.302046296571887e-29,0.0,0.04974937185533104,0.5,0.755,True,True,True,True
groq_llama-4-maverick-17b-128e-instruct,acceptance,pleasure,5.990444304398508e-11,0.0,0.05999999999999999,0.5,0.6799999999999998,True,True,True,True
groq_llama-4-maverick-17b-128e-instruct,acceptance,potency,0.39192688616289284,0.008481597726843692,0.003122498999199193,0.39925,0.40049999999999997,False,True,True,True
groq_llama-4-maverick-17b-128e-instruct,acceptance,unpredictability,7.91646531198743e-07,0.04063249930782009,5.551115123125783e-17,0.46699999999999997,0.4000000000000001,True,True,True,True
groq_llama-4-maverick-17b-128e-instruct,acceptance,valence,2.1674472780930586e-16,0.0,0.03570714214271428,0.5,0.7149999999999999,True,True,True,True
groq_llama-4-maverick-17b-128e-instruct,admiration,activity,0.012359142085013894,0.03570714214271425,0.0,0.6849999999999999,0.7,True,True,True,True
groq_llama-4-maverick-17b-128e-instruct,admiration,arousal,5.547810049097881e-27,0.0,0.021794494717703363,0.6,0.695,True,True,True,True
groq_llama-4-maverick-17b-128e-instruct,admiration,dominance,1.0,2.7755575615628914e-17,2.7755575615628914e-17,0.20000000000000004,0.20000000000000004,False,True,True,True
groq_llama-4-maverick-17b-128e-instruct,admiration,evaluation,5.245666059964764e-40,0.015612494995996012,0.007806247497998005,0.7025,0.79875,True,True,True,True
groq_llama-4-maverick-17b-128e-instruct,admiration,pleasure,3.9182110854726695e-07,0.043301270189221974,1.1102230246251565e-16,0.7249999999999999,0.8000000000000002,True,True,True,True
groq_llama-4-maverick-17b-128e-instruct,admiration,potency,0.17071158581411783,0.04974937185533099,0.02633913438213184,0.595,0.6074999999999999,False,True,True,True
groq_llama-4-maverick-17b-128e-instruct,admiration,unpredictability,1.0,5.551115123125783e-17,5.551115123125783e-17,0.4000000000000001,0.4000000000000001,False,True,True,True
groq_llama-4-maverick-17b-128e-instruct,admiration,valence,0.04208628671050067,0.04000000000000003,1.1102230246251565e-16,0.78,0.8000000000000002,True,True,True,True
groq_llama-4-maverick-17b-128e-instruct,aggressiveness,activity,0.006491704658032309,0.03799671038392669,0.0,0.7825,0.8,True,True,True,True
groq_llama-4-maverick-17b-128e-instruct,aggressiveness,arousal,0.08316048921732848,0.026339134382131868,0.0,0.7924999999999999,0.8,False,True,True,True
groq_llama-4-maverick-17b-128e-instruct,aggressiveness,dominance,1.0197324336468626e-05,1.1102230246251565e-16,0.047696960070847325,0.6999999999999998,0.765,True,True,True,True
groq_llama-4-maverick-17b-128e-instruct,aggressiveness,evaluation,,0.0,0.0,-0.8,-0.8,False,True,True,True
groq_llama-4-maverick-17b-128e-instruct,aggressiveness,pleasure,0.010160923325814863,0.047696960070847325,0.043301270189221974,-0.735,-0.775,True,True,True,True
groq_llama-4-maverick-17b-128e-instruct,aggressiveness,potency,,0.0,0.0,0.8,0.8,False,True,True,True
groq_llama-4-maverick-17b-128e-instruct,aggressiveness,unpredictability,1.0,1.1102230246251565e-16,1.1102230246251565e-16,0.6999999999999998,0.6999999999999998,False,True,True,True
groq_llama-4-maverick-17b-128e-instruct,aggressiveness,valence,1.0,1.1102230246251565e-16,1.1102230246251565e-16,-0.8000000000000002,-0.8000000000000002,False,True,True,True
groq_llama-4-maverick-17b-128e-instruct,amazement,activity,,0.0,0.0,0.8,0.8,False,True,True,True
groq_llama-4-maverick-17b-128e-instruct,amazement,arousal,,0.0,0.0,0.8,0.8,False,True,True,True
groq_llama-4-maverick-17b-128e-instruct,amazement,dominance,0.0004989067190034706,0.0,0.12489995996796797,-0.5,-0.38,True,True,True,True
groq_llama-4-maverick-17b-128e-instruct,amazement,evaluation,0.8295226576040138,0.041758232721225176,0.05894913061275799,0.7025,0.7050000000000001,False,True,True,True
groq_llama-4-maverick-17b-128e-instruct,amazement,pleasure,0.010162572120690373,1.1102230246251565e-16,0.04582575694955844,0.8000000000000002,0.77,True,True,True,True
groq_llama-4-maverick-17b-128e-instruct,amazement,potency,,0.0,0.0,0.8,0.8,False,True,True,True
groq_llama-4-maverick-17b-128e-instruct,amazement,unpredictability,1.0,1.1102230246251565e-16,1.1102230246251565e-16,0.8000000000000002,0.8000000000000002,False,True,True,True
groq_llama-4-maverick-17b-128e-instruct,amazement,valence,0.020991504670164803,0.043301270189221974,1.1102230246251565e-16,0.7249999999999999,0.6999999999999998,True,True,True,True
groq_llama-4-maverick-17b-128e-instruct,anger,activity,,0.0,0.0,0.8,0.8,False,True,True,True
groq_llama-4-maverick-17b-128e-instruct,anger,arousal,,0.0,0.0,0.8,0.8,False,True,True,True
groq_llama-4-maverick-17b-128e-instruct,anger,dominance,3.264080639293167e-16,0.1479019945774904,0.10999999999999999,0.175,-0.43,True,True,True,True
groq_llama-4-maverick-17b-128e-instruct,anger,evaluation,,0.0,0.0,-0.8,-0.8,False,True,True,True
groq_llama-4-maverick-17b-128e-instruct,anger,pleasure,1.0,1.1102230246251565e-16,1.1102230246251565e-16,-0.8000000000000002,-0.8000000000000002,False,True,True,True
groq_llama-4-maverick-17b-128e-instruct,anger,potency,0.023351920363456458,0.03307189138830741,0.0,0.7875,0.8,True,True,True,True
groq_llama-4-maverick-17b-128e-instruct,anger,unpredictability,1.0,1.1102230246251565e-16,1.1102230246251565e-16,0.6999999999999998,0.6999999999999998,False,True,True,True
groq_llama-4-maverick-17b-128e-instruct,anger,valence,1.0,1.1102230246251565e-16,1.1102230246251565e-16,-0.8000000000000002,-0.8000000000000002,False,True,True,True
groq_llama-4-maverick-17b-128e-instruct,annoyance,activity,5.194260156083985e-10,0.04330127018922192,0.03307189138830737,0.675,0.6125,True,True,True,True
groq_llama-4-maverick-17b-128e-instruct,annoyance,arousal,2.4977139311325993e-09,0.02633913438213184,0.046837484987987975,0.6074999999999999,0.6674999999999999,True,True,True,True
groq_llama-4-maverick-17b-128e-instruct,annoyance,dominance,0.06701447017888215,0.04358898943540673,0.0806225774829855,-0.49000000000000005,-0.45000000000000007,False,True,True,True
groq_llama-4-maverick-17b-128e-instruct,annoyance,evaluation,0.07961672177171908,0.03799671038392669,0.021794494717703387,-0.7175,-0.705,False,True,True,True
groq_llama-4-maverick-17b-128e-instruct,annoyance,pleasure,1.0,1.1102230246251565e-16,1.1102230246251565e-16,-0.6999999999999998,-0.6999999999999998,False,True,True,True
groq_llama-4-maverick-17b-128e-instruct,annoyance,potency,5.434880160410314e-13,0.03793991960982521,0.09797958971132711,0.6817500000000001,0.52,True,True,True,True
groq_llama-4-maverick-17b-128e-instruct,annoyance,unpredictability,0.021438580940925545,0.05331744555021366,0.06982120021884469,0.6734999999999999,0.6249999999999999,True,True,True,True
groq_llama-4-maverick-17b-128e-instruct,annoyance,valence,0.05869471515018602,0.04582575694955844,0.048989794855663606,-0.7299999999999999,-0.76,False,True,True,True
groq_llama-4-maverick-17b-128e-instruct,anticipation,activity,,0.0,0.0,0.7,0.7,False,True,True,True
groq_llama-4-maverick-17b-128e-instruct,anticipation,arousal,,0.0,0.0,0.7,0.7,False,True,True,True
groq_llama-4-maverick-17b-128e-instruct,anticipation,dominance,2.032816291408008e-15,2.7755575615628914e-17,0.05999999999999999,0.20000000000000004,0.5199999999999999,True,True,True,True
groq_llama-4-maverick-17b-128e-instruct,anticipation,evaluation,0.3234749451713934,0.03122498999199198,0.0,0.6950000000000001,0.7,False,True,True,True
groq_llama-4-maverick-17b-128e-instruct,anticipation,pleasure,1.0,1.1102230246251565e-16,1.1102230246251565e-16,0.6999999999999998,0.6999999999999998,False,True,True,True
groq_llama-4-maverick-17b-128e-instruct,anticipation,potency,,0.0,0.0,0.7,0.7,False,True,True,True
groq_llama-4-maverick-17b-128e-instruct,anticipation,unpredictability,9.358512298195413e-06,5.551115123125783e-17,0.04810405388322278,0.4000000000000001,0.33399999999999996,True,True,True,True
groq_llama-4-maverick-17b-128e-instruct,anticipation,valence,0.0008731939249668246,1.1102230246251565e-16,0.09949874371066199,0.6999999999999998,0.6099999999999999,True,True,True,True
groq_llama-4-maverick-17b-128e-instruct,apprehension,activity,0.0009860614891133949,0.015612494995995992,0.041758232721225204,0.6975,0.7224999999999999,True,True,True,True
groq_llama-4-maverick-17b-128e-instruct,apprehension,arousal,,0.0,0.0,0.7,0.7,False,True,True,True
groq_llama-4-maverick-17b-128e-instruct,apprehension,dominance,2.5123256838179747e-291,0.0,1.1102230246251565e-16,-0.5,-0.6999999999999998,True,True,True,True
groq_llama-4-maverick-17b-128e-instruct,apprehension,evaluation,2.645198308477499e-13,0.04330127018922197,0.0,-0.725,-0.8,True,True,True,True
groq_llama-4-maverick-17b-128e-instruct,apprehension,pleasure,0.0,1.1102230246251565e-16,1.1102230246251565e-16,-0.6999999999999998,-0.8000000000000002,True,True,True,True
groq_llama-4-maverick-17b-128e-instruct,apprehension,potency,0.03300138715468717,0.04383990761851581,0.04465142774872937,0.64925,0.6275000000000001,True,True,True,True
groq_llama-4-maverick-17b-128e-instruct,apprehension,unpredictability,0.5094095028211172,0.006538348415310992,0.021794494717703363,0.6984999999999999,0.6949999999999998,False,True,True,True
groq_llama-4-maverick-17b-128e-instruct,apprehension,valence,0.048453272902674135,0.040000000000000036,0.05000000000000005,-0.78,-0.7499999999999999,True,True,True,True
groq_llama-4-maverick-17b-128e-instruct,awe,activity,0.3234749451713729,0.015612494995996012,0.0,0.7975,0.8,False,True,True,True
groq_llama-4-maverick-17b-128e-instruct,awe,arousal,0.32347494517137265,0.01561249499599601,0.0,0.7975,0.8,False,True,True,True
groq_llama-4-maverick-17b-128e-instruct,awe,dominance,4.691722323959338e-10,0.10723805294763607,0.04358898943540673,-0.25000000000000006,-0.51,True,True,True,True
groq_llama-4-maverick-17b-128e-instruct,awe,evaluation,7.390618436886905e-33,0.0,0.015612494995996012,0.7,0.7975,True,True,True,True
groq_llama-4-maverick-17b-128e-instruct,awe,pleasure,0.0,1.1102230246251565e-16,1.1102230246251565e-16,0.6999999999999998,0.8000000000000002,True,True,True,True
groq_llama-4-maverick-17b-128e-instruct,awe,potency,,0.0,0.0,0.8,0.8,False,True,True,True
groq_llama-4-maverick-17b-128e-instruct,awe,unpredictability,1.0,0.021794494717703387,0.021794494717703387,0.7049999999999998,0.7049999999999998,False,True,True,True
groq_llama-4-maverick-17b-128e-instruct,awe,valence,1.9382182186335146e-19,0.04358898943540673,0.04769696007084733,0.51,0.7650000000000001,True,True,True,True
groq_llama-4-maverick-17b-128e-instruct,boredom,activity,,0.0,0.0,0.2,0.2,False,True,True,True
groq_llama-4-maverick-17b-128e-instruct,boredom,arousal,0.15991096003143315,0.021794494717703363,0.0,0.205,0.2,False,True,True,True
groq_llama-4-maverick-17b-128e-instruct,boredom,dominance,,0.0,0.0,-0.5,-0.5,False,True,True,True
groq_llama-4-maverick-17b-128e-instruct,boredom,evaluation,1.0,0.030000000000000023,0.030000000000000023,-0.71,-0.71,False,True,True,True
groq_llama-4-maverick-17b-128e-instruct,boredom,pleasure,1.0,1.1102230246251565e-16,1.1102230246251565e-16,-0.6999999999999998,-0.6999999999999998,False,True,True,True
groq_llama-4-maverick-17b-128e-instruct,boredom,potency,0.3234749451713881,0.0,0.015612494995995992,0.2,0.20249999999999999,False,True,True,True
groq_llama-4-maverick-17b-128e-instruct,boredom,unpredictability,0.0866650911874524,0.029999999999999992,0.021794494717703373,0.41000000000000003,0.39500000000000013,False,True,True,True
groq_llama-4-maverick-17b-128e-instruct,boredom,valence,0.04208628671050151,0.07999999999999999,1.1102230246251565e-16,-0.6599999999999998,-0.6999999999999998,True,True,True,True
groq_llama-4-maverick-17b-128e-instruct,contempt,activity,0.02673180260232529,0.03799671038392669,0.015612494995996009,0.7825,0.7975,True,True,True,True
groq_llama-4-maverick-17b-128e-instruct,contempt,arousal,0.15991096003143135,0.021794494717703387,0.0,0.705,0.7,False,True,True,True
groq_llama-4-maverick-17b-128e-instruct,contempt,dominance,0.008496668485147322,0.0979795897113271,0.043588989435406726,0.6199999999999999,0.6899999999999998,True,True,True,True
groq_llama-4-maverick-17b-128e-instruct,contempt,evaluation,0.001729171794842298,0.0,0.041758232721225155,-0.8,-0.8225,True,True,True,True
groq_llama-4-maverick-17b-128e-instruct,contempt,pleasure,1.0,1.1102230246251565e-16,1.1102230246251565e-16,-0.8000000000000002,-0.8000000000000002,False,True,True,True
groq_llama-4-maverick-17b-128e-instruct,contempt,potency,,0.0,0.0,0.8,0.8,False,True,True,True
groq_llama-4-maverick-17b-128e-instruct,contempt,unpredictability,1.0,1.1102230246251565e-16,1.1102230246251565e-16,0.6999999999999998,0.6999999999999998,False,True,True,True
groq_llama-4-maverick-17b-128e-instruct,contempt,valence,1.0,1.1102230246251565e-16,1.1102230246251565e-16,-0.8000000000000002,-0.8000000000000002,False,True,True,True
groq_llama-4-maverick-17b-128e-instruct,disappointment,activity,0.8374471610493412,0.0651440711039769,0.038729833462074155,0.5974999999999999,0.6,False,True,True,True
groq_llama-4-maverick-17b-128e-instruct,disappointment,arousal,1.2630205862893844e-05,0.02633913438213184,0.09188987974744552,0.40750000000000003,0.48250000000000004,True,True,True,True
groq_llama-4-maverick-17b-128e-instruct,disappointment,dominance,0.3298768009211247,0.0,0.04358898943540673,-0.5,-0.51,False,True,True,True
groq_llama-4-maverick-17b-128e-instruct,disappointment,evaluation,4.951131272318561e-08,0.048412291827592754,0.02633913438213187,-0.7375,-0.7925,True,True,True,True
groq_llama-4-maverick-17b-128e-instruct,disappointment,pleasure,1.0,1.1102230246251565e-16,1.1102230246251565e-16,-0.6999999999999998,-0.6999999999999998,False,True,True,True
groq_llama-4-maverick-17b-128e-instruct,disappointment,potency,0.32347494517138287,0.015612494995996,0.0,0.3975,0.4,False,True,True,True
groq_llama-4-maverick-17b-128e-instruct,disappointment,unpredictability,1.859939067910973e-07,0.03570714214271424,0.08529361054615987,0.41500000000000004,0.565,True,True,True,True
groq_llama-4-maverick-17b-128e-instruct,disappointment,valence,0.5027753148215175,0.047696960070847325,0.04330127018922197,-0.735,-0.7249999999999999,False,True,True,True
groq_llama-4-maverick-17b-128e-instruct,disgust,activity,0.006466772493473655,0.021794494717703387,0.04465142774872942,0.795,0.7725,True,True,True,True
groq_llama-4-maverick-17b-128e-instruct,disgust,arousal,0.00366021778212627,0.04330127018922197,0.015612494995996012,0.725,0.7025,True,True,True,True
groq_llama-4-maverick-17b-128e-instruct,disgust,dominance,0.6430165923073698,0.06000000000000001,0.07141428428542851,-0.4800000000000001,-0.47000000000000003,False,True,True,True
groq_llama-4-maverick-17b-128e-instruct,disgust,evaluation,,0.0,0.0,-0.8,-0.8,False,True,True,True
groq_llama-4-maverick-17b-128e-instruct,disgust,pleasure,1.0,1.1102230246251565e-16,1.1102230246251565e-16,-0.8000000000000002,-0.8000000000000002,False,True,True,True
groq_llama-4-maverick-17b-128e-instruct,disgust,potency,0.3116976459922085,0.015612494995996012,0.02633913438213187,0.7025,0.7075,False,True,True,True
groq_llama-4-maverick-17b-128e-instruct,disgust,unpredictability,0.5605048581178451,0.029999999999999995,0.021794494717703363,0.6899999999999998,0.6949999999999998,False,True,True,True
groq_llama-4-maverick-17b-128e-instruct,disgust,valence,0.329876800921135,1.1102230246251565e-16,0.021794494717703367,-0.8000000000000002,-0.805,False,True,True,True
groq_llama-4-maverick-17b-128e-instruct,distraction,activity,3.8299794428951074e-45,0.05695392874947258,0.04582575694955844,0.3975000000000001,0.77,True,True,True,True
groq_llama-4-maverick-17b-128e-instruct,distraction,arousal,1.4782954052476073e-54,0.03307189138830739,0.043301270189221974,0.3875,0.7749999999999999,True,True,True,True
groq_llama-4-maverick-17b-128e-instruct,distraction,dominance,0.08962642600042593,0.0,0.08529361054615991,-0.5,-0.5349999999999999,False,True,True,True
groq_llama-4-maverick-17b-128e-instruct,distraction,evaluation,7.630786967382922e-19,0.03872983346207417,0.0,-0.7,-0.8,True,True,True,True
groq_llama-4-maverick-17b-128e-instruct,distraction,pleasure,4.571438028987e-08,0.040000000000000036,1.1102230246251565e-16,-0.7199999999999999,-0.8000000000000002,True,True,True,True
groq_llama-4-maverick-17b-128e-instruct,distraction,potency,1.0006467817588423e-31,0.058309518948453015,0.0,0.36,0.7,True,True,True,True
groq_llama-4-maverick-17b-128e-instruct,distraction,unpredictability,1.0,1.1102230246251565e-16,1.1102230246251565e-16,0.6999999999999998,0.6999999999999998,False,True,True,True
groq_llama-4-maverick-17b-128e-instruct,distraction,valence,6.57404410900384e-06,0.0916515138991168,0.04582575694955845,-0.6399999999999999,-0.7700000000000001,True,True,True,True
groq_llama-4-maverick-17b-128e-instruct,ecstasy,activity,0.012359142085015077,0.03570714214271424,0.0,0.8149999999999998,0.8,True,True,True,True
groq_llama-4-maverick-17b-128e-instruct,ecstasy,arousal,0.3234749451713934,0.01561249499599599,0.0,0.8025,0.8,False,True,True,True
groq_llama-4-maverick-17b-128e-instruct,ecstasy,dominance,1.429348430235382e-11,0.09165151389911678,0.30573681492420896,0.5599999999999999,-0.35500000000000004,True,True,False,False
groq_llama-4-maverick-17b-128e-instruct,ecstasy,evaluation,3.1933913922393062e-24,0.029999999999999995,0.0,0.9100000000000001,0.8,True,True,True,True
groq_llama-4-maverick-17b-128e-instruct,ecstasy,pleasure,0.0003378816380309727,0.04999999999999999,2.220446049250313e-16,0.9499999999999998,0.8999999999999998,True,True,True,True
groq_llama-4-maverick-17b-128e-instruct,ecstasy,potency,4.4236966988709996e-07,0.04974937185533099,0.021794494717703363,0.8550000000000001,0.805,True,True,True,True
groq_llama-4-maverick-17b-128e-instruct,ecstasy,unpredictability,0.32987680092112504,1.1102230246251565e-16,0.021794494717703387,0.6999999999999998,0.7049999999999998,False,True,True,True
groq_llama-4-maverick-17b-128e-instruct,ecstasy,valence,0.013034225456700157,0.039999999999999994,0.029999999999999995,0.9199999999999999,0.8899999999999999,True,True,True,True
groq_llama-4-maverick-17b-128e-instruct,fear,activity,0.32347494517137276,0.0,0.015612494995996009,0.7,0.7025,False,True,True,True
groq_llama-4-maverick-17b-128e-instruct,fear,arousal,7.951625837773219e-11,0.04582575694955844,0.021794494717703387,0.73,0.7949999999999999,True,True,True,True
groq_llama-4-maverick-17b-128e-instruct,fear,dominance,0.3298768009211247,0.04358898943540673,0.0,-0.51,-0.5,False,True,True,True
groq_llama-4-maverick-17b-128e-instruct,fear,evaluation,,0.0,0.0,-0.8,-0.8,False,True,True,True
groq_llama-4-maverick-17b-128e-instruct,fear,pleasure,1.0,1.1102230246251565e-16,1.1102230246251565e-16,-0.8000000000000002,-0.8000000000000002,False,True,True,True
groq_llama-4-maverick-17b-128e-instruct,fear,potency,0.05025660874142747,0.01561249499599601,0.03570714214271428,0.7025,0.715,False,True,True,True
groq_llama-4-maverick-17b-128e-instruct,fear,unpredictability,0.16254999902972553,1.1102230246251565e-16,0.008999999999999975,0.6999999999999998,0.6969999999999998,False,True,True,True
groq_llama-4-maverick-17b-128e-instruct,fear,valence,1.0,1.1102230246251565e-16,1.1102230246251565e-16,-0.8000000000000002,-0.8000000000000002,False,True,True,True
groq_llama-4-maverick-17b-128e-instruct,grief,activity,6.424030071606435e-26,0.02633913438213187,0.021794494717703384,0.7925,0.705,True,True,True,True
groq_llama-4-maverick-17b-128e-instruct,grief,arousal,,0.0,0.0,0.7,0.7,False,True,True,True
groq_llama-4-maverick-17b-128e-instruct,grief,dominance,0.16254999902973152,0.03000000000000003,1.1102230246251565e-16,-0.7099999999999997,-0.6999999999999998,False,True,True,True
groq_llama-4-maverick-17b-128e-instruct,grief,evaluation,2.273912058908837e-09,0.015612494995995995,0.0484122918275927,-0.8975,-0.8375000000000001,True,True,True,True
groq_llama-4-maverick-17b-128e-instruct,grief,pleasure,1.0,1.1102230246251565e-16,1.1102230246251565e-16,-0.8000000000000002,-0.8000000000000002,False,True,True,True
groq_llama-4-maverick-17b-128e-instruct,grief,potency,2.9106791237940028e-05,0.12686114456365272,0.030000000000000023,0.6125,0.71,True,True,True,True
groq_llama-4-maverick-17b-128e-instruct,grief,unpredictability,1.0,1.1102230246251565e-16,1.1102230246251565e-16,0.6999999999999998,0.6999999999999998,False,True,True,True
groq_llama-4-maverick-17b-128e-instruct,grief,valence,8.262536756697319e-07,0.043301270189221926,0.021794494717703367,-0.875,-0.805,True,True,True,True
groq_llama-4-maverick-17b-128e-instruct,interest,activity,2.645198308477518e-13,0.0,0.043301270189221974,0.7,0.775,True,True,True,True
groq_llama-4-maverick-17b-128e-instruct,interest,arousal,9.983420250071043e-05,0.046837484987987975,0.0,0.6674999999999999,0.7,True,True,True,True
groq_llama-4-maverick-17b-128e-instruct,interest,dominance,1.0,2.7755575615628914e-17,2.7755575615628914e-17,0.20000000000000004,0.20000000000000004,False,True,True,True
groq_llama-4-maverick-17b-128e-instruct,interest,evaluation,1.0,0.03122498999199198,0.031224989991991983,0.505,0.505,False,True,True,True
groq_llama-4-maverick-17b-128e-instruct,interest,pleasure,0.5372025677288421,0.09797958971132709,0.09999999999999998,0.6199999999999999,0.5999999999999999,False,True,True,True
groq_llama-4-maverick-17b-128e-instruct,interest,potency,8.404659228203693e-25,0.027146592788046164,0.0,0.5967500000000001,0.7,True,True,True,True
groq_llama-4-maverick-17b-128e-instruct,interest,unpredictability,,0.0,0.0,0.5,0.5,False,True,True,True
groq_llama-4-maverick-17b-128e-instruct,interest,valence,0.15229416333849669,0.07141428428542848,0.09539392014169452,0.53,0.57,False,True,True,True
groq_llama-4-maverick-17b-128e-instruct,joy,activity,0.32347494517137265,0.0,0.01561249499599601,0.8,0.7975,False,True,True,True
groq_llama-4-maverick-17b-128e-instruct,joy,arousal,0.009967096055334107,0.02633913438213187,0.04582575694955844,0.7925,0.7699999999999999,True,True,True,True
groq_llama-4-maverick-17b-128e-instruct,joy,dominance,0.005841497479822072,0.14239030865898142,0.12000000000000001,0.385,0.26000000000000006,True,True,True,True
groq_llama-4-maverick-17b-128e-instruct,joy,evaluation,,0.0,0.0,0.8,0.8,False,True,True,True
groq_llama-4-maverick-17b-128e-instruct,joy,pleasure,1.0,1.1102230246251565e-16,1.1102230246251565e-16,0.8000000000000002,0.8000000000000002,False,True,True,True
groq_llama-4-maverick-17b-128e-instruct,joy,potency,,0.0,0.0,0.7,0.7,False,True,True,True
groq_llama-4-maverick-17b-128e-instruct,joy,unpredictability,0.32987680092113003,0.021794494717703373,5.551115123125783e-17,0.39500000000000013,0.4000000000000001,False,True,True,True
groq_llama-4-maverick-17b-128e-instruct,joy,valence,0.010162572120690796,0.04582575694955839,1.1102230246251565e-16,0.8300000000000001,0.8000000000000002,True,True,True,True
groq_llama-4-maverick-17b-128e-instruct,loathing,activity,,0.0,0.0,0.8,0.8,False,True,True,True
groq_llama-4-maverick-17b-128e-instruct,loathing,arousal,0.00043249190137553033,0.04465142774872942,0.0,0.7725,0.8,True,True,True,True
groq_llama-4-maverick-17b-128e-instruct,loathing,dominance,0.1572220038546493,0.3301514803843836,0.21000000000000002,-0.3,-0.43,False,False,False,False
groq_llama-4-maverick-17b-128e-instruct,loathing,evaluation,0.00021011063905178816,0.04582575694955839,0.0,-0.8699999999999999,-0.9,True,True,True,True
groq_llama-4-maverick-17b-128e-instruct,loathing,pleasure,4.571438028987394e-08,1.1102230246251565e-16,0.039999999999999994,-0.8000000000000002,-0.8799999999999999,True,True,True,True
groq_llama-4-maverick-17b-128e-instruct,loathing,potency,,0.0,0.0,0.8,0.8,False,True,True,True
groq_llama-4-maverick-17b-128e-instruct,loathing,unpredictability,1.0,1.1102230246251565e-16,1.1102230246251565e-16,0.6999999999999998,0.6999999999999998,False,True,True,True
groq_llama-4-maverick-17b-128e-instruct,loathing,valence,0.0020948217639624334,0.04898979485566356,2.220446049250313e-16,-0.86,-0.8999999999999998,True,True,True,True
groq_llama-4-maverick-17b-128e-instruct,love,activity,6.316182728641086e-26,0.0,0.02633913438213184,0.8,0.6925,True,True,True,True
groq_llama-4-maverick-17b-128e-instruct,love,arousal,2.3552951630596547e-51,0.02633913438213187,0.043588989435406726,0.7925,0.41,True,True,True,True
groq_llama-4-maverick-17b-128e-instruct,love,dominance,1.0,2.7755575615628914e-17,2.7755575615628914e-17,0.20000000000000004,0.20000000000000004,False,True,True,True
groq_llama-4-maverick-17b-128e-instruct,love,evaluation,,0.0,0.0,0.8,0.8,False,True,True,True
groq_llama-4-maverick-17b-128e-instruct,love,pleasure,1.0,1.1102230246251565e-16,1.1102230246251565e-16,0.8000000000000002,0.8000000000000002,False,True,True,True
groq_llama-4-maverick-17b-128e-instruct,love,potency,2.9804417678666103e-16,0.0,0.05910795208768443,0.8,0.6725,True,True,True,True
groq_llama-4-maverick-17b-128e-instruct,love,unpredictability,1.0,1.1102230246251565e-16,1.1102230246251565e-16,0.6999999999999998,0.6999999999999998,False,True,True,True
groq_llama-4-maverick-17b-128e-instruct,love,valence,1.0,1.1102230246251565e-16,1.1102230246251565e-16,0.8000000000000002,0.8000000000000002,False,True,True,True
groq_llama-4-maverick-17b-128e-instruct,optimism,activity,0.3234749451713729,0.0,0.015612494995996012,0.7,0.7025,False,True,True,True
groq_llama-4-maverick-17b-128e-instruct,optimism,arousal,0.07195494717713807,0.049937460888595436,0.046837484987987975,0.6475,0.6674999999999999,False,True,True,True
groq_llama-4-maverick-17b-128e-instruct,optimism,dominance,,0.0,0.0,0.5,0.5,False,True,True,True
groq_llama-4-maverick-17b-128e-instruct,optimism,evaluation,0.0509139500009025,0.027128168017763403,0.0,0.79125,0.8,False,True,True,True
groq_llama-4-maverick-17b-128e-instruct,optimism,pleasure,0.32987680092112504,0.021794494717703387,1.1102230246251565e-16,0.7950000000000002,0.8000000000000002,False,True,True,True
groq_llama-4-maverick-17b-128e-instruct,optimism,potency,,0.0,0.0,0.7,0.7,False,True,True,True
groq_llama-4-maverick-17b-128e-instruct,optimism,unpredictability,1.0,5.551115123125783e-17,5.551115123125783e-17,0.4000000000000001,0.4000000000000001,False,True,True,True
groq_llama-4-maverick-17b-128e-instruct,optimism,valence,1.0,1.1102230246251565e-16,1.1102230246251565e-16,0.8000000000000002,0.8000000000000002,False,True,True,True
groq_llama-4-maverick-17b-128e-instruct,pensiveness,activity,3.183490187142323e-43,0.021794494717703363,0.030000000000000006,0.205,0.39,True,True,True,True
groq_llama-4-maverick-17b-128e-instruct,pensiveness,arousal,9.15889867339101e-06,0.0,0.04898979485566358,0.3,0.34,True,True,True,True
groq_llama-4-maverick-17b-128e-instruct,pensiveness,dominance,1.0,2.7755575615628914e-17,2.7755575615628914e-17,0.20000000000000004,0.20000000000000004,False,True,True,True
groq_llama-4-maverick-17b-128e-instruct,pensiveness,evaluation,2.196727203181515e-06,0.041758232721225155,0.085110222652746,-0.22249999999999998,-0.30250000000000005,True,True,True,True
groq_llama-4-maverick-17b-128e-instruct,pensiveness,pleasure,9.91967656155077e-05,0.1878163997099295,0.07745966692414834,-0.085,-0.29999999999999993,True,True,True,True
groq_llama-4-maverick-17b-128e-instruct,pensiveness,potency,1.4465361399478358e-51,0.0,0.01561249499599599,0.4,0.6975,True,True,True,True
groq_llama-4-maverick-17b-128e-instruct,pensiveness,unpredictability,1.0,5.551115123125783e-17,5.551115123125783e-17,0.4000000000000001,0.4000000000000001,False,True,True,True
groq_llama-4-maverick-17b-128e-instruct,pensiveness,valence,0.020991504670164925,2.7755575615628914e-17,0.043301270189221926,-0.20000000000000004,-0.225,True,True,True,True
groq_llama-4-maverick-17b-128e-instruct,rage,activity,1.1771819014101438e-17,0.03570714214271425,0.0,0.885,0.8,True,True,True,True
groq_llama-4-maverick-17b-128e-instruct,rage,arousal,0.0033730505801861984,0.0,0.039999999999999994,0.9,0.8800000000000001,True,True,True,True
groq_llama-4-maverick-17b-128e-instruct,rage,dominance,0.003084325231086052,0.047696960070847325,0.46203354856546935,-0.765,-0.40499999999999997,True,True,False,False
groq_llama-4-maverick-17b-128e-instruct,rage,evaluation,0.3234749451713723,0.015612494995995995,0.0,-0.8975,-0.9,False,True,True,True
groq_llama-4-maverick-17b-128e-instruct,rage,pleasure,0.0008731939249668736,2.220446049250313e-16,0.04974937185533099,-0.8999999999999998,-0.8550000000000001,True,True,True,True
groq_llama-4-maverick-17b-128e-instruct,rage,potency,2.51618950138315e-07,0.0484122918275927,0.029999999999999995,0.8625,0.8100000000000002,True,True,True,True
groq_llama-4-maverick-17b-128e-instruct,rage,unpredictability,1.0,1.1102230246251565e-16,1.1102230246251565e-16,0.8000000000000002,0.8000000000000002,False,True,True,True
groq_llama-4-maverick-17b-128e-instruct,rage,valence,0.3298768009211349,2.220446049250313e-16,0.021794494717703363,-0.8999999999999998,-0.8949999999999999,False,True,True,True
groq_llama-4-maverick-17b-128e-instruct,remorse,activity,2.0895918818859148e-05,0.0,0.048412291827592754,0.7,0.7375,True,True,True,True
groq_llama-4-maverick-17b-128e-instruct,remorse,arousal,5.547810049097881e-27,0.021794494717703363,0.0,0.605,0.7,True,True,True,True
groq_llama-4-maverick-17b-128e-instruct,remorse,dominance,0.08281384258451017,0.07141428428542851,0.0,-0.47000000000000003,-0.5,False,True,True,True
groq_llama-4-maverick-17b-128e-instruct,remorse,evaluation,0.08316048921734136,0.0,0.02633913438213184,-0.8,-0.8074999999999999,False,True,True,True
groq_llama-4-maverick-17b-128e-instruct,remorse,pleasure,1.0,1.1102230246251565e-16,1.1102230246251565e-16,-0.8000000000000002,-0.8000000000000002,False,True,True,True
groq_llama-4-maverick-17b-128e-instruct,remorse,potency,1.491611428788004e-14,0.10365206220813938,0.0,0.5025000000000001,0.7,True,True,True,True
groq_llama-4-maverick-17b-128e-instruct,remorse,unpredictability,0.1713165073470192,5.551115123125783e-17,0.07664854858377942,0.4000000000000001,0.4250000000000001,False,True,True,True
groq_llama-4-maverick-17b-128e-instruct,remorse,valence,1.0,1.1102230246251565e-16,1.1102230246251565e-16,-0.8000000000000002,-0.8000000000000002,False,True,True,True
groq_llama-4-maverick-17b-128e-instruct,sadness,activity,0.3234749451713881,0.03122498999199198,0.0,0.40499999999999997,0.4,False,True,True,True
groq_llama-4-maverick-17b-128e-instruct,sadness,arousal,0.4025654913836908,0.030000000000000006,0.021794494717703373,0.39,0.395,False,True,True,True
groq_llama-4-maverick-17b-128e-instruct,sadness,dominance,0.1864114354584792,0.0,0.047696960070847276,-0.5,-0.515,False,True,True,True
groq_llama-4-maverick-17b-128e-instruct,sadness,evaluation,,0.0,0.0,-0.8,-0.8,False,True,True,True
groq_llama-4-maverick-17b-128e-instruct,sadness,pleasure,0.019171875090717817,0.021794494717703387,0.04769696007084733,-0.7950000000000002,-0.7650000000000002,True,True,True,True
groq_llama-4-maverick-17b-128e-instruct,sadness,potency,2.289635283463131e-05,0.049434299833212986,0.013169567191065936,0.35750000000000004,0.39625,True,True,True,True
groq_llama-4-maverick-17b-128e-instruct,sadness,unpredictability,0.4018352088820052,0.09205976319760983,0.11389798066691084,0.555,0.5834999999999999,False,True,True,True
groq_llama-4-maverick-17b-128e-instruct,sadness,valence,1.0,1.1102230246251565e-16,1.1102230246251565e-16,-0.8000000000000002,-0.8000000000000002,False,True,True,True
groq_llama-4-maverick-17b-128e-instruct,serenity,activity,,0.0,0.0,0.2,0.2,False,True,True,True
groq_llama-4-maverick-17b-128e-instruct,serenity,arousal,,0.0,0.0,0.2,0.2,False,True,True,True
groq_llama-4-maverick-17b-128e-instruct,serenity,dominance,1.0,2.7755575615628914e-17,2.7755575615628914e-17,0.20000000000000004,0.20000000000000004,False,True,True,True
groq_llama-4-maverick-17b-128e-instruct,serenity,evaluation,,0.0,0.0,0.8,0.8,False,True,True,True
groq_llama-4-maverick-17b-128e-instruct,serenity,pleasure,0.000960554604149597,1.1102230246251565e-16,0.07262919523166979,0.8000000000000002,0.735,True,True,True,True
groq_llama-4-maverick-17b-128e-instruct,serenity,potency,0.15991096003143315,0.021794494717703363,0.0,0.205,0.2,False,True,True,True
groq_llama-4-maverick-17b-128e-instruct,serenity,unpredictability,0.002094821763962349,0.04898979485566355,2.7755575615628914e-17,0.24000000000000005,0.20000000000000004,True,True,True,True
groq_llama-4-maverick-17b-128e-instruct,serenity,valence,1.0,1.1102230246251565e-16,1.1102230246251565e-16,0.8000000000000002,0.8000000000000002,False,True,True,True
groq_llama-4-maverick-17b-128e-instruct,submission,activity,3.1834901871423222e-43,0.030000000000000006,0.021794494717703363,0.39,0.205,True,True,True,True
groq_llama-4-maverick-17b-128e-instruct,submission,arousal,2.9876633425468283e-20,0.04582575694955841,0.0,0.33,0.2,True,True,True,True
groq_llama-4-maverick-17b-128e-instruct,submission,dominance,9.564184016653668e-12,0.059999999999999984,0.043588989435406726,-0.52,-0.6899999999999998,True,True,True,True
groq_llama-4-maverick-17b-128e-instruct,submission,evaluation,0.323474945171383,0.0,0.03122498999199199,-0.5,-0.495,False,True,True,True
groq_llama-4-maverick-17b-128e-instruct,submission,pleasure,0.00012788401419655985,0.04358898943540673,0.31843366656181316,-0.49000000000000005,-0.13999999999999999,True,True,False,False
groq_llama-4-maverick-17b-128e-instruct,submission,potency,0.02673180260232569,0.015612494995995992,0.03799671038392665,0.2975,0.28250000000000003,True,True,True,True
groq_llama-4-maverick-17b-128e-instruct,submission,unpredictability,3.7534490241918814e-05,5.551115123125783e-17,0.04898979485566358,0.4000000000000001,0.33999999999999997,True,True,True,True
groq_llama-4-maverick-17b-128e-instruct,submission,valence,1.3200861370862818e-17,0.0,0.029999999999999995,-0.5,-0.2899999999999999,True,True,True,True
groq_llama-4-maverick-17b-128e-instruct,surprise,activity,0.08316048921733732,0.02633913438213187,0.0,0.7925000000000001,0.8,False,True,True,True
groq_llama-4-maverick-17b-128e-instruct,surprise,arousal,,0.0,0.0,0.8,0.8,False,True,True,True
groq_llama-4-maverick-17b-128e-instruct,surprise,dominance,0.04208628671050212,0.08,0.0,-0.4600000000000001,-0.5,True,True,True,True
groq_llama-4-maverick-17b-128e-instruct,surprise,evaluation,9.983420250071443e-05,0.09367496997597598,0.0,0.065,0.0,True,True,True,True
groq_llama-4-maverick-17b-128e-instruct,surprise,pleasure,1.0,2.7755575615628914e-17,2.7755575615628914e-17,0.20000000000000004,0.20000000000000004,False,True,True,True
groq_llama-4-maverick-17b-128e-instruct,surprise,potency,7.390618436886905e-33,0.0,0.015612494995996012,0.7,0.7975,True,True,True,True
groq_llama-4-maverick-17b-128e-instruct,surprise,unpredictability,1.109867397357295e-09,0.043588989435406726,1.1102230246251565e-16,0.6899999999999998,0.8000000000000002,True,True,True,True
groq_llama-4-maverick-17b-128e-instruct,surprise,valence,6.23359172525154e-08,0.04358898943540674,0.08,0.19000000000000003,0.04,True,True,True,True
groq_llama-4-maverick-17b-128e-instruct,terror,activity,0.7779377754861526,0.03799671038392665,0.039999999999999994,0.8825,0.8800000000000001,False,True,True,True
groq_llama-4-maverick-17b-128e-instruct,terror,arousal,0.012359142085014485,0.03570714214271424,0.0,0.8850000000000001,0.9,True,True,True,True
groq_llama-4-maverick-17b-128e-instruct,terror,dominance,1.0,1.1102230246251565e-16,1.1102230246251565e-16,-0.8000000000000002,-0.8000000000000002,False,True,True,True
groq_llama-4-maverick-17b-128e-instruct,terror,evaluation,,0.0,0.0,-0.9,-0.9,False,True,True,True
groq_llama-4-maverick-17b-128e-instruct,terror,pleasure,0.16254999902972672,0.029999999999999995,2.220446049250313e-16,-0.9099999999999998,-0.8999999999999998,False,True,True,True
groq_llama-4-maverick-17b-128e-instruct,terror,potency,,0.0,0.0,0.9,0.9,False,True,True,True
groq_llama-4-maverick-17b-128e-instruct,terror,unpredictability,1.0,1.1102230246251565e-16,1.1102230246251565e-16,0.8000000000000002,0.8000000000000002,False,True,True,True
groq_llama-4-maverick-17b-128e-instruct,terror,valence,1.0,2.220446049250313e-16,2.220446049250313e-16,-0.8999999999999998,-0.8999999999999998,False,True,True,True
groq_llama-4-maverick-17b-128e-instruct,trust,activity,4.072018461098679e-12,0.0,0.10951598056904752,0.3,0.4725,True,True,True,True
groq_llama-4-maverick-17b-128e-instruct,trust,arousal,2.9876633425467856e-20,0.04582575694955839,0.0,0.27,0.4,True,True,True,True
groq_llama-4-maverick-17b-128e-instruct,trust,dominance,0.10360315910662699,2.7755575615628914e-17,0.05099019513592785,0.20000000000000004,0.22000000000000003,False,True,True,True
groq_llama-4-maverick-17b-128e-instruct,trust,evaluation,0.345961263610722,0.048412291827592754,0.04465142774872942,0.7375,0.7275,False,True,True,True
groq_llama-4-maverick-17b-128e-instruct,trust,pleasure,0.16254999902973152,0.03000000000000003,1.1102230246251565e-16,0.7099999999999997,0.6999999999999998,False,True,True,True
groq_llama-4-maverick-17b-128e-instruct,trust,potency,,0.0,0.0,0.7,0.7,False,True,True,True
groq_llama-4-maverick-17b-128e-instruct,trust,unpredictability,4.571438028987099e-08,5.551115123125783e-17,0.040000000000000015,0.4000000000000001,0.31999999999999995,True,True,True,True
groq_llama-4-maverick-17b-128e-instruct,trust,valence,3.9182110854727547e-07,0.043301270189221974,1.1102230246251565e-16,0.775,0.6999999999999998,True,True,True,True
groq_llama-4-maverick-17b-128e-instruct,vigilance,activity,3.307904985699118e-15,0.040000000000000036,0.0,0.72,0.8,True,True,True,True
groq_llama-4-maverick-17b-128e-instruct,vigilance,arousal,2.653989979466478e-16,0.03799671038392669,0.021794494717703387,0.7175,0.7949999999999999,True,True,True,True
groq_llama-4-maverick-17b-128e-instruct,vigilance,dominance,2.5123256838179747e-291,0.0,1.1102230246251565e-16,0.5,0.6999999999999998,True,True,True,True
groq_llama-4-maverick-17b-128e-instruct,vigilance,evaluation,1.9460977396195586e-23,0.03122498999199199,0.1805373922488081,-0.495,0.1125,True,True,True,True
groq_llama-4-maverick-17b-128e-instruct,vigilance,pleasure,7.843309035710352e-11,0.12359207094308275,2.7755575615628914e-17,-0.16500000000000004,0.20000000000000004,True,True,True,True
groq_llama-4-maverick-17b-128e-instruct,vigilance,potency,2.3659946646190576e-07,0.0,0.050000000000000044,0.7,0.75,True,True,True,True
groq_llama-4-maverick-17b-128e-instruct,vigilance,unpredictability,0.0012028481377303886,0.1260952021291849,5.551115123125783e-17,0.51,0.4000000000000001,True,True,True,True
groq_llama-4-maverick-17b-128e-instruct,vigilance,valence,5.807718562028436e-06,0.10246950765959599,0.021794494717703367,-0.35,-0.20500000000000002,True,True,True,True
groq_llama-4-scout-17b-16e-instruct,acceptance,activity,1.4465361399478358e-51,0.0,0.01561249499599599,0.5,0.20249999999999999,True,True,True,True
groq_llama-4-scout-17b-16e-instruct,acceptance,arousal,0.3234749451713881,0.01561249499599599,0.0,0.20249999999999999,0.2,False,True,True,True
groq_llama-4-scout-17b-16e-instruct,acceptance,dominance,1.3889920371598427e-15,0.09630680142129112,0.13228756555322954,0.16500000000000004,-0.35,True,True,True,True
groq_llama-4-scout-17b-16e-instruct,acceptance,evaluation,,0.0,0.0,0.8,0.8,False,True,True,True
groq_llama-4-scout-17b-16e-instruct,acceptance,pleasure,0.024762222512061647,0.07262919523166979,0.040000000000000036,0.735,0.7800000000000001,True,True,True,True
groq_llama-4-scout-17b-16e-instruct,acceptance,potency,0.012359142085013632,0.035707142142714254,0.0,0.31500000000000006,0.3,True,True,True,True
groq_llama-4-scout-17b-16e-instruct,acceptance,unpredictability,0.32987680092112726,0.0,0.04358898943540673,0.5,0.49000000000000005,False,True,True,True
groq_llama-4-scout-17b-16e-instruct,acceptance,valence,0.010162572120690633,0.04582575694955845,1.1102230246251565e-16,0.7700000000000001,0.8000000000000002,True,True,True,True
groq_llama-4-scout-17b-16e-instruct,admiration,activity,,0.0,0.0,0.6,0.6,False,True,True,True
groq_llama-4-scout-17b-16e-instruct,admiration,arousal,2.3659946646190576e-07,0.09999999999999998,0.0,0.5,0.6,True,True,True,True
groq_llama-4-scout-17b-16e-instruct,admiration,dominance,5.465844575394031e-20,0.0458257569495584,2.7755575615628914e-17,-0.23000000000000004,0.20000000000000004,True,True,True,True
groq_llama-4-scout-17b-16e-instruct,admiration,evaluation,,0.0,0.0,0.8,0.8,False,True,True,True
groq_llama-4-scout-17b-16e-instruct,admiration,pleasure,1.0,1.1102230246251565e-16,1.1102230246251565e-16,0.8000000000000002,0.8000000000000002,False,True,True,True
groq_llama-4-scout-17b-16e-instruct,admiration,potency,,0.0,0.0,0.6,0.6,False,True,True,True
groq_llama-4-scout-17b-16e-instruct,admiration,unpredictability,0.3298768009211247,0.0,0.021794494717703367,0.5,0.495,False,True,True,True
groq_llama-4-scout-17b-16e-instruct,admiration,valence,1.0,1.1102230246251565e-16,1.1102230246251565e-16,0.8000000000000002,0.8000000000000002,False,True,True,True
groq_llama-4-scout-17b-16e-instruct,aggressiveness,activity,0.0,0.0,0.0,0.7,0.8,True,True,True,True
groq_llama-4-scout-17b-16e-instruct,aggressiveness,arousal,7.390618436886905e-33,0.0,0.015612494995996012,0.7,0.7975,True,True,True,True
groq_llama-4-scout-17b-16e-instruct,aggressiveness,dominance,0.01016257212069054,0.0,0.04582575694955839,0.5,0.53,True,True,True,True
groq_llama-4-scout-17b-16e-instruct,aggressiveness,evaluation,,0.0,0.0,-0.8,-0.8,False,True,True,True
groq_llama-4-scout-17b-16e-instruct,aggressiveness,pleasure,8.074624172631934e-14,1.1102230246251565e-16,0.021794494717703387,-0.6999999999999998,-0.7950000000000002,True,True,True,True
groq_llama-4-scout-17b-16e-instruct,aggressiveness,potency,,0.0,0.0,0.8,0.8,False,True,True,True
groq_llama-4-scout-17b-16e-instruct,aggressiveness,unpredictability,1.0,1.1102230246251565e-16,1.1102230246251565e-16,0.6999999999999998,0.6999999999999998,False,True,True,True
groq_llama-4-scout-17b-16e-instruct,aggressiveness,valence,1.0197324336468626e-05,0.047696960070847325,1.1102230246251565e-16,-0.735,-0.8000000000000002,True,True,True,True
groq_llama-4-scout-17b-16e-instruct,amazement,activity,,0.0,0.0,0.8,0.8,False,True,True,True
groq_llama-4-scout-17b-16e-instruct,amazement,arousal,,0.0,0.0,0.8,0.8,False,True,True,True
groq_llama-4-scout-17b-16e-instruct,amazement,dominance,,0.0,0.0,-0.5,-0.5,False,True,True,True
groq_llama-4-scout-17b-16e-instruct,amazement,evaluation,,0.0,0.0,0.8,0.8,False,True,True,True
groq_llama-4-scout-17b-16e-instruct,amazement,pleasure,1.0,1.1102230246251565e-16,1.1102230246251565e-16,0.8000000000000002,0.8000000000000002,False,True,True,True
groq_llama-4-scout-17b-16e-instruct,amazement,potency,,0.0,0.0,0.8,0.8,False,True,True,True
groq_llama-4-scout-17b-16e-instruct,amazement,unpredictability,1.0,1.1102230246251565e-16,1.1102230246251565e-16,0.8000000000000002,0.8000000000000002,False,True,True,True
groq_llama-4-scout-17b-16e-instruct,amazement,valence,1.0,1.1102230246251565e-16,1.1102230246251565e-16,0.8000000000000002,0.8000000000000002,False,True,True,True
groq_llama-4-scout-17b-16e-instruct,anger,activity,5.29468732176135e-10,0.04769696007084732,0.015612494995996012,0.7350000000000001,0.7975,True,True,True,True
groq_llama-4-scout-17b-16e-instruct,anger,arousal,,0.0,0.0,0.8,0.8,False,True,True,True
groq_llama-4-scout-17b-16e-instruct,anger,dominance,2.7131096953921965e-19,0.1260952021291849,0.10712142642814275,-0.41,0.24500000000000002,True,True,True,True
groq_llama-4-scout-17b-16e-instruct,anger,evaluation,,0.0,0.0,-0.8,-0.8,False,True,True,True
groq_llama-4-scout-17b-16e-instruct,anger,pleasure,1.0,1.1102230246251565e-16,1.1102230246251565e-16,-0.8000000000000002,-0.8000000000000002,False,True,True,True
groq_llama-4-scout-17b-16e-instruct,anger,potency,,0.0,0.0,0.8,0.8,False,True,True,True
groq_llama-4-scout-17b-16e-instruct,anger,unpredictability,0.01016257212069054,0.045825756949558386,1.1102230246251565e-16,0.6699999999999998,0.6999999999999998,True,True,True,True
groq_llama-4-scout-17b-16e-instruct,anger,valence,1.0,1.1102230246251565e-16,1.1102230246251565e-16,-0.8000000000000002,-0.8000000000000002,False,True,True,True
groq_llama-4-scout-17b-16e-instruct,annoyance,activity,0.3234749451713723,0.0,0.015612494995995995,0.6,0.5974999999999999,False,True,True,True
groq_llama-4-scout-17b-16e-instruct,annoyance,arousal,,0.0,0.0,0.6,0.6,False,True,True,True
groq_llama-4-scout-17b-16e-instruct,annoyance,dominance,0.002094821763962339,0.04898979485566356,0.0,-0.54,-0.5,True,True,True,True
groq_llama-4-scout-17b-16e-instruct,annoyance,evaluation,0.023351920363456458,0.03307189138830741,0.0,-0.7875,-0.8,True,True,True,True
groq_llama-4-scout-17b-16e-instruct,annoyance,pleasure,0.32987680092112504,0.021794494717703387,1.1102230246251565e-16,-0.7950000000000002,-0.8000000000000002,False,True,True,True
groq_llama-4-scout-17b-16e-instruct,annoyance,potency,,0.0,0.0,0.6,0.6,False,True,True,True
groq_llama-4-scout-17b-16e-instruct,annoyance,unpredictability,,0.0,0.0,0.5,0.5,False,True,True,True
groq_llama-4-scout-17b-16e-instruct,annoyance,valence,1.0,1.1102230246251565e-16,1.1102230246251565e-16,-0.8000000000000002,-0.8000000000000002,False,True,True,True
groq_llama-4-scout-17b-16e-instruct,anticipation,activity,3.3179083583538553e-19,0.03307189138830737,0.0,0.6875,0.6,True,True,True,True
groq_llama-4-scout-17b-16e-instruct,anticipation,arousal,7.390618436886377e-33,0.01561249499599599,0.0,0.6975,0.6,True,True,True,True
groq_llama-4-scout-17b-16e-instruct,anticipation,dominance,8.905422740311542e-21,2.7755575615628914e-17,0.029999999999999992,0.20000000000000004,0.51,True,True,True,True
groq_llama-4-scout-17b-16e-instruct,anticipation,evaluation,1.7820587130875242e-09,0.0821203385282842,0.0,0.6025,0.5,True,True,True,True
groq_llama-4-scout-17b-16e-instruct,anticipation,pleasure,1.3366004671014445e-19,0.021794494717703363,0.0,0.6949999999999998,0.5,True,True,True,True
groq_llama-4-scout-17b-16e-instruct,anticipation,potency,0.15991096003143096,0.0,0.021794494717703363,0.6,0.605,False,True,True,True
groq_llama-4-scout-17b-16e-instruct,anticipation,unpredictability,,0.0,0.0,0.5,0.5,False,True,True,True
groq_llama-4-scout-17b-16e-instruct,anticipation,valence,2.5123256838179747e-291,1.1102230246251565e-16,0.0,0.6999999999999998,0.5,True,True,True,True
groq_llama-4-scout-17b-16e-instruct,apprehension,activity,0.3234749451713723,0.015612494995995995,0.0,0.6025,0.6,False,True,True,True
groq_llama-4-scout-17b-16e-instruct,apprehension,arousal,0.15991096003143096,0.0,0.021794494717703367,0.6,0.605,False,True,True,True
groq_llama-4-scout-17b-16e-instruct,apprehension,dominance,0.0026656663175474524,0.04898979485566356,0.03570714214271424,-0.54,-0.5849999999999999,True,True,True,True
groq_llama-4-scout-17b-16e-instruct,apprehension,evaluation,1.4615046311009797e-10,0.04769696007084726,0.0272717802865893,-0.635,-0.7024999999999999,True,True,True,True
groq_llama-4-scout-17b-16e-instruct,apprehension,pleasure,5.7897791466169807e-08,0.04582575694955839,0.04582575694955844,-0.6299999999999999,-0.7299999999999999,True,True,True,True
groq_llama-4-scout-17b-16e-instruct,apprehension,potency,,0.0,0.0,0.6,0.6,False,True,True,True
groq_llama-4-scout-17b-16e-instruct,apprehension,unpredictability,0.3298768009211247,0.021794494717703363,1.1102230246251565e-16,0.6949999999999998,0.6999999999999998,False,True,True,True
groq_llama-4-scout-17b-16e-instruct,apprehension,valence,5.205104791031329e-09,0.039999999999999994,0.021794494717703387,-0.6199999999999999,-0.7049999999999998,True,True,True,True
groq_llama-4-scout-17b-16e-instruct,awe,activity,0.012359142085013378,0.0,0.03570714214271428,0.7,0.7150000000000001,True,True,True,True
groq_llama-4-scout-17b-16e-instruct,awe,arousal,5.54781004909784e-27,0.0,0.021794494717703384,0.7,0.795,True,True,True,True
groq_llama-4-scout-17b-16e-instruct,awe,dominance,,0.0,0.0,-0.5,-0.5,False,True,True,True
groq_llama-4-scout-17b-16e-instruct,awe,evaluation,1.331208261324443e-28,0.0653834841531101,0.0,0.485,0.8,True,True,True,True
groq_llama-4-scout-17b-16e-instruct,awe,pleasure,0.0,2.7755575615628914e-17,1.1102230246251565e-16,-0.20000000000000004,0.8000000000000002,True,True,True,True
groq_llama-4-scout-17b-16e-instruct,awe,potency,,0.0,0.0,0.8,0.8,False,True,True,True
groq_llama-4-scout-17b-16e-instruct,awe,unpredictability,0.3298768009211247,1.1102230246251565e-16,0.021794494717703363,0.6999999999999998,0.6949999999999998,False,True,True,True
groq_llama-4-scout-17b-16e-instruct,awe,valence,2.4626120502189386e-26,0.030000000000000002,1.1102230246251565e-16,0.19000000000000003,0.8000000000000002,True,True,True,True
groq_llama-4-scout-17b-16e-instruct,boredom,activity,,0.0,0.0,0.2,0.2,False,True,True,True
groq_llama-4-scout-17b-16e-instruct,boredom,arousal,,0.0,0.0,0.2,0.2,False,True,True,True
groq_llama-4-scout-17b-16e-instruct,boredom,dominance,,0.0,0.0,-0.5,-0.5,False,True,True,True
groq_llama-4-scout-17b-16e-instruct,boredom,evaluation,1.2830116310053315e-20,0.0,0.035266839949164706,-0.5,-0.6025,True,True,True,True
groq_llama-4-scout-17b-16e-instruct,boredom,pleasure,0.3298768009211247,0.0,0.021794494717703367,-0.5,-0.505,False,True,True,True
groq_llama-4-scout-17b-16e-instruct,boredom,potency,1.1771819014101102e-17,0.0,0.03570714214271424,0.2,0.28500000000000003,True,True,True,True
groq_llama-4-scout-17b-16e-instruct,boredom,unpredictability,,0.0,0.0,0.5,0.5,False,True,True,True
groq_llama-4-scout-17b-16e-instruct,boredom,valence,1.9418318074246103e-05,0.0,0.09273618495495702,-0.5,-0.6199999999999999,True,True,True,True
groq_llama-4-scout-17b-16e-instruct,contempt,activity,,0.0,0.0,0.6,0.6,False,True,True,True
groq_llama-4-scout-17b-16e-instruct,contempt,arousal,,0.0,0.0,0.6,0.6,False,True,True,True
groq_llama-4-scout-17b-16e-instruct,contempt,dominance,1.9213266422509667e-12,0.047696960070847276,0.045825756949558386,-0.515,-0.6699999999999998,True,True,True,True
groq_llama-4-scout-17b-16e-instruct,contempt,evaluation,,0.0,0.0,-0.8,-0.8,False,True,True,True
groq_llama-4-scout-17b-16e-instruct,contempt,pleasure,1.0,1.1102230246251565e-16,1.1102230246251565e-16,-0.8000000000000002,-0.8000000000000002,False,True,True,True
groq_llama-4-scout-17b-16e-instruct,contempt,potency,1.0176526986282565e-07,0.015612494995996012,0.049749371855331036,0.7975,0.7449999999999999,True,True,True,True
groq_llama-4-scout-17b-16e-instruct,contempt,unpredictability,1.0,1.1102230246251565e-16,1.1102230246251565e-16,0.6999999999999998,0.6999999999999998,False,True,True,True
groq_llama-4-scout-17b-16e-instruct,contempt,valence,1.0,1.1102230246251565e-16,1.1102230246251565e-16,-0.8000000000000002,-0.8000000000000002,False,True,True,True
groq_llama-4-scout-17b-16e-instruct,disappointment,activity,0.00029127305316525577,0.03799671038392667,0.0759934207678533,0.38249999999999995,0.43499999999999994,True,True,True,True
groq_llama-4-scout-17b-16e-instruct,disappointment,arousal,0.0,0.0,0.0,0.4,0.6,True,True,True,True
groq_llama-4-scout-17b-16e-instruct,disappointment,dominance,6.5420869613909e-07,0.05385164807134503,0.0,-0.59,-0.5,True,True,True,True
groq_llama-4-scout-17b-16e-instruct,disappointment,evaluation,6.460847885658554e-05,0.04943429983321301,0.021794494717703384,-0.7575,-0.7949999999999999,True,True,True,True
groq_llama-4-scout-17b-16e-instruct,disappointment,pleasure,0.000633913644361451,0.04898979485566361,0.03000000000000003,-0.7600000000000001,-0.7099999999999999,True,True,True,True
groq_llama-4-scout-17b-16e-instruct,disappointment,potency,1.5254325618845306e-23,0.05267826876426368,0.0,0.4149999999999999,0.6,True,True,True,True
groq_llama-4-scout-17b-16e-instruct,disappointment,unpredictability,1.0,1.1102230246251565e-16,1.1102230246251565e-16,0.6999999999999998,0.6999999999999998,False,True,True,True
groq_llama-4-scout-17b-16e-instruct,disappointment,valence,0.32987680092112504,1.1102230246251565e-16,0.021794494717703387,-0.8000000000000002,-0.7950000000000002,False,True,True,True
groq_llama-4-scout-17b-16e-instruct,disgust,activity,0.00017521744393931952,0.04898979485566354,0.039999999999999994,0.6599999999999999,0.62,True,True,True,True
groq_llama-4-scout-17b-16e-instruct,disgust,arousal,,0.0,0.0,0.6,0.6,False,True,True,True
groq_llama-4-scout-17b-16e-instruct,disgust,dominance,,0.0,0.0,-0.5,-0.5,False,True,True,True
groq_llama-4-scout-17b-16e-instruct,disgust,evaluation,,0.0,0.0,-0.8,-0.8,False,True,True,True
groq_llama-4-scout-17b-16e-instruct,disgust,pleasure,1.0,1.1102230246251565e-16,1.1102230246251565e-16,-0.8000000000000002,-0.8000000000000002,False,True,True,True
groq_llama-4-scout-17b-16e-instruct,disgust,potency,0.15991096003143135,0.021794494717703384,0.0,0.705,0.7,False,True,True,True
groq_llama-4-scout-17b-16e-instruct,disgust,unpredictability,0.004729458789911784,0.047696960070847276,1.1102230246251565e-16,0.6349999999999999,0.5999999999999999,True,True,True,True
groq_llama-4-scout-17b-16e-instruct,disgust,valence,1.0,1.1102230246251565e-16,1.1102230246251565e-16,-0.8000000000000002,-0.8000000000000002,False,True,True,True
groq_llama-4-scout-17b-16e-instruct,distraction,activity,0.0,0.0,0.0,0.2,0.7,True,True,True,True
groq_llama-4-scout-17b-16e-instruct,distraction,arousal,7.45558686403072e-46,0.0,0.03570714214271425,0.2,0.6849999999999999,True,True,True,True
groq_llama-4-scout-17b-16e-instruct,distraction,dominance,0.004035915381626981,0.0,0.07999999999999999,-0.5,-0.5599999999999999,True,True,True,True
groq_llama-4-scout-17b-16e-instruct,distraction,evaluation,2.354835333675199e-17,0.05361902647381803,0.0,-0.675,-0.8,True,True,True,True
groq_llama-4-scout-17b-16e-instruct,distraction,pleasure,4.0177224466787057e-07,0.06403124237432847,0.040000000000000036,-0.6699999999999998,-0.78,True,True,True,True
groq_llama-4-scout-17b-16e-instruct,distraction,potency,6.674514062928756e-76,0.02179449471770336,0.01561249499599599,0.29500000000000004,0.6975,True,True,True,True
groq_llama-4-scout-17b-16e-instruct,distraction,unpredictability,0.010162572120690687,0.0916515138991168,1.1102230246251565e-16,0.6399999999999999,0.6999999999999998,True,True,True,True
groq_llama-4-scout-17b-16e-instruct,distraction,valence,3.401422175285312e-17,0.04358898943540673,1.1102230246251565e-16,-0.51,-0.8000000000000002,True,True,True,True
groq_llama-4-scout-17b-16e-instruct,ecstasy,activity,,0.0,0.0,0.8,0.8,False,True,True,True
groq_llama-4-scout-17b-16e-instruct,ecstasy,arousal,,0.0,0.0,0.8,0.8,False,True,True,True
groq_llama-4-scout-17b-16e-instruct,ecstasy,dominance,3.305297714884387e-14,0.18999999999999997,0.0,0.37,-0.5,True,True,True,True
groq_llama-4-scout-17b-16e-instruct,ecstasy,evaluation,1.1486700453056005e-11,0.021794494717703363,0.04465142774872937,0.8949999999999999,0.8275,True,True,True,True
groq_llama-4-scout-17b-16e-instruct,ecstasy,pleasure,0.026638079137704277,0.045825756949558386,0.047696960070847276,0.8699999999999999,0.8350000000000002,True,True,True,True
groq_llama-4-scout-17b-16e-instruct,ecstasy,potency,0.012359142085015077,0.0,0.03570714214271424,0.8,0.8149999999999998,True,True,True,True
groq_llama-4-scout-17b-16e-instruct,ecstasy,unpredictability,2.4503597265303308e-17,0.08,0.021794494717703387,0.24000000000000005,0.7049999999999998,True,True,True,True
groq_llama-4-scout-17b-16e-instruct,ecstasy,valence,0.16254999902973533,2.220446049250313e-16,0.029999999999999992,0.8999999999999998,0.89,False,True,True,True
groq_llama-4-scout-17b-16e-instruct,fear,activity,0.15991096003143135,0.0,0.021794494717703384,0.7,0.705,False,True,True,True
groq_llama-4-scout-17b-16e-instruct,fear,arousal,1.3238059744567543e-12,0.021794494717703387,0.043301270189221974,0.7050000000000001,0.775,True,True,True,True
groq_llama-4-scout-17b-16e-instruct,fear,dominance,0.0004514133634810881,0.04974937185533099,0.021794494717703363,-0.6449999999999998,-0.6949999999999998,True,True,True,True
groq_llama-4-scout-17b-16e-instruct,fear,evaluation,,0.0,0.0,-0.8,-0.8,False,True,True,True
groq_llama-4-scout-17b-16e-instruct,fear,pleasure,1.0,1.1102230246251565e-16,1.1102230246251565e-16,-0.8000000000000002,-0.8000000000000002,False,True,True,True
groq_llama-4-scout-17b-16e-instruct,fear,potency,,0.0,0.0,0.8,0.8,False,True,True,True
groq_llama-4-scout-17b-16e-instruct,fear,unpredictability,1.0,1.1102230246251565e-16,1.1102230246251565e-16,0.6999999999999998,0.6999999999999998,False,True,True,True
groq_llama-4-scout-17b-16e-instruct,fear,valence,0.32987680092112504,0.021794494717703387,1.1102230246251565e-16,-0.7950000000000002,-0.8000000000000002,False,True,True,True
groq_llama-4-scout-17b-16e-instruct,grief,activity,7.390618436886377e-33,0.0,0.015612494995995992,0.6,0.6975,True,True,True,True
groq_llama-4-scout-17b-16e-instruct,grief,arousal,0.012359142085013894,0.03570714214271425,0.0,0.6849999999999999,0.7,True,True,True,True
groq_llama-4-scout-17b-16e-instruct,grief,dominance,0.16254999902973152,1.1102230246251565e-16,0.03000000000000003,-0.6999999999999998,-0.7099999999999997,False,True,True,True
groq_llama-4-scout-17b-16e-instruct,grief,evaluation,,0.0,0.0,-0.8,-0.8,False,True,True,True
groq_llama-4-scout-17b-16e-instruct,grief,pleasure,1.0,1.1102230246251565e-16,1.1102230246251565e-16,-0.8000000000000002,-0.8000000000000002,False,True,True,True
groq_llama-4-scout-17b-16e-instruct,grief,potency,0.3234749451713934,0.0,0.01561249499599599,0.8,0.8025,False,True,True,True
groq_llama-4-scout-17b-16e-instruct,grief,unpredictability,1.0,1.1102230246251565e-16,1.1102230246251565e-16,0.6999999999999998,0.6999999999999998,False,True,True,True
groq_llama-4-scout-17b-16e-instruct,grief,valence,0.329876800921135,0.021794494717703367,1.1102230246251565e-16,-0.805,-0.8000000000000002,False,True,True,True
groq_llama-4-scout-17b-16e-instruct,interest,activity,3.0798588044862227e-06,0.0484122918275927,0.04358898943540672,0.6375,0.6900000000000001,True,True,True,True
groq_llama-4-scout-17b-16e-instruct,interest,arousal,3.941161498485386e-17,0.046837484987987975,0.0,0.5925,0.7,True,True,True,True
groq_llama-4-scout-17b-16e-instruct,interest,dominance,1.289104510380442e-13,0.0,0.10712142642814274,0.0,0.45499999999999996,True,True,True,True
groq_llama-4-scout-17b-16e-instruct,interest,evaluation,0.1599109600314223,0.021794494717703384,0.0,0.7949999999999999,0.8,False,True,True,True
groq_llama-4-scout-17b-16e-instruct,interest,pleasure,0.7130792427051404,0.047696960070847325,0.10712142642814278,0.765,0.7550000000000001,False,True,True,True
groq_llama-4-scout-17b-16e-instruct,interest,potency,0.0,0.0,0.0,0.6,0.7,True,True,True,True
groq_llama-4-scout-17b-16e-instruct,interest,unpredictability,,0.0,0.0,0.5,0.5,False,True,True,True
groq_llama-4-scout-17b-16e-instruct,interest,valence,0.020991504670164803,0.043301270189221974,1.1102230246251565e-16,0.7750000000000001,0.8000000000000002,True,True,True,True
groq_llama-4-scout-17b-16e-instruct,joy,activity,0.3116976459921975,0.01561249499599601,0.026339134382131868,0.7025,0.7075000000000001,False,True,True,True
groq_llama-4-scout-17b-16e-instruct,joy,arousal,0.03367080309441943,0.0417582327212252,0.04974937185533104,0.7224999999999999,0.745,True,True,True,True
groq_llama-4-scout-17b-16e-instruct,joy,dominance,5.990444304398422e-11,0.029999999999999992,0.0,0.59,0.5,True,True,True,True
groq_llama-4-scout-17b-16e-instruct,joy,evaluation,0.3234749451713934,0.01561249499599599,0.0,0.8025,0.8,False,True,True,True
groq_llama-4-scout-17b-16e-instruct,joy,pleasure,1.0,1.1102230246251565e-16,1.1102230246251565e-16,0.8000000000000002,0.8000000000000002,False,True,True,True
groq_llama-4-scout-17b-16e-instruct,joy,potency,2.089591881885984e-05,0.0484122918275927,0.0,0.6375,0.6,True,True,True,True
groq_llama-4-scout-17b-16e-instruct,joy,unpredictability,1.1434609609506733e-09,0.04769696007084726,0.07399324293474371,0.465,0.29500000000000004,True,True,True,True
groq_llama-4-scout-17b-16e-instruct,joy,valence,0.16254999902972672,0.029999999999999995,1.1102230246251565e-16,0.8100000000000002,0.8000000000000002,False,True,True,True
groq_llama-4-scout-17b-16e-instruct,loathing,activity,0.0,0.0,0.0,0.7,0.8,True,True,True,True
groq_llama-4-scout-17b-16e-instruct,loathing,arousal,0.01375469496887803,0.029999999999999992,0.021794494717703384,0.69,0.7050000000000001,True,True,True,True
groq_llama-4-scout-17b-16e-instruct,loathing,dominance,0.0020948217639623367,0.04898979485566355,1.1102230246251565e-16,-0.6599999999999998,-0.6999999999999998,True,True,True,True
groq_llama-4-scout-17b-16e-instruct,loathing,evaluation,0.15991096003143096,0.0,0.021794494717703367,-0.8,-0.805,False,True,True,True
groq_llama-4-scout-17b-16e-instruct,loathing,pleasure,1.0,1.1102230246251565e-16,1.1102230246251565e-16,-0.8000000000000002,-0.8000000000000002,False,True,True,True
groq_llama-4-scout-17b-16e-instruct,loathing,potency,,0.0,0.0,0.8,0.8,False,True,True,True
groq_llama-4-scout-17b-16e-instruct,loathing,unpredictability,1.0,1.1102230246251565e-16,1.1102230246251565e-16,0.6999999999999998,0.6999999999999998,False,True,True,True
groq_llama-4-scout-17b-16e-instruct,loathing,valence,1.0,1.1102230246251565e-16,1.1102230246251565e-16,-0.8000000000000002,-0.8000000000000002,False,True,True,True
groq_llama-4-scout-17b-16e-instruct,love,activity,1.4115054883019755e-24,0.043588989435406726,0.04769696007084726,0.51,0.665,True,True,True,True
groq_llama-4-scout-17b-16e-instruct,love,arousal,,0.0,0.0,0.2,0.2,False,True,True,True
groq_llama-4-scout-17b-16e-instruct,love,dominance,0.0,0.0,0.0,0.0,-0.5,True,True,True,True
groq_llama-4-scout-17b-16e-instruct,love,evaluation,,0.0,0.0,0.8,0.8,False,True,True,True
groq_llama-4-scout-17b-16e-instruct,love,pleasure,1.0,1.1102230246251565e-16,1.1102230246251565e-16,0.8000000000000002,0.8000000000000002,False,True,True,True
groq_llama-4-scout-17b-16e-instruct,love,potency,,0.0,0.0,0.6,0.6,False,True,True,True
groq_llama-4-scout-17b-16e-instruct,love,unpredictability,0.020991504670164703,0.0,0.043301270189221926,0.5,0.475,True,True,True,True
groq_llama-4-scout-17b-16e-instruct,love,valence,1.0,1.1102230246251565e-16,1.1102230246251565e-16,0.8000000000000002,0.8000000000000002,False,True,True,True
groq_llama-4-scout-17b-16e-instruct,optimism,activity,,0.0,0.0,0.6,0.6,False,True,True,True
groq_llama-4-scout-17b-16e-instruct,optimism,arousal,0.7878786188092721,0.0835164654424503,0.07999999999999999,0.555,0.5599999999999999,False,True,True,True
groq_llama-4-scout-17b-16e-instruct,optimism,dominance,0.5605048581178453,0.029999999999999992,0.021794494717703367,0.51,0.505,False,True,True,True
groq_llama-4-scout-17b-16e-instruct,optimism,evaluation,0.32347494517137276,0.015612494995996009,0.0,0.7975,0.8,False,True,True,True
groq_llama-4-scout-17b-16e-instruct,optimism,pleasure,0.32987680092112504,0.021794494717703387,1.1102230246251565e-16,0.7950000000000002,0.8000000000000002,False,True,True,True
groq_llama-4-scout-17b-16e-instruct,optimism,potency,,0.0,0.0,0.6,0.6,False,True,True,True
groq_llama-4-scout-17b-16e-instruct,optimism,unpredictability,0.731493401651224,0.04582575694955841,0.04330127018922195,0.37000000000000005,0.37500000000000006,False,True,True,True
groq_llama-4-scout-17b-16e-instruct,optimism,valence,0.020991504670164314,0.043301270189221974,1.1102230246251565e-16,0.775,0.8000000000000002,True,True,True,True
groq_llama-4-scout-17b-16e-instruct,pensiveness,activity,,0.0,0.0,0.2,0.2,False,True,True,True
groq_llama-4-scout-17b-16e-instruct,pensiveness,arousal,,0.0,0.0,0.2,0.2,False,True,True,True
groq_llama-4-scout-17b-16e-instruct,pensiveness,dominance,4.4419317492081056e-07,0.043301270189221926,0.04769696007084729,-0.275,-0.36500000000000005,True,True,True,True
groq_llama-4-scout-17b-16e-instruct,pensiveness,evaluation,0.0,0.0,0.0,-0.2,-0.5,True,True,True,True
groq_llama-4-scout-17b-16e-instruct,pensiveness,pleasure,9.647791135792421e-15,0.04898979485566356,0.0,-0.25999999999999995,-0.5,True,True,True,True
groq_llama-4-scout-17b-16e-instruct,pensiveness,potency,3.191854102598518e-26,0.0,0.06614378277661476,0.3,0.575,True,True,True,True
groq_llama-4-scout-17b-16e-instruct,pensiveness,unpredictability,0.08281384258450951,1.1102230246251565e-16,0.03570714214271424,0.5999999999999999,0.6149999999999999,False,True,True,True
groq_llama-4-scout-17b-16e-instruct,pensiveness,valence,0.004729458789911838,2.7755575615628914e-17,0.14309088021254185,-0.20000000000000004,-0.305,True,True,True,True
groq_llama-4-scout-17b-16e-instruct,rage,activity,,0.0,0.0,0.8,0.8,False,True,True,True
groq_llama-4-scout-17b-16e-instruct,rage,arousal,0.3234749451713934,0.0,0.01561249499599599,0.8,0.8025,False,True,True,True
groq_llama-4-scout-17b-16e-instruct,rage,dominance,0.06088433561592637,0.043588989435406726,0.03570714214271428,-0.6899999999999998,-0.715,False,True,True,True
groq_llama-4-scout-17b-16e-instruct,rage,evaluation,0.04407718650802121,0.021794494717703363,0.039999999999999994,-0.805,-0.8200000000000001,True,True,True,True
groq_llama-4-scout-17b-16e-instruct,rage,pleasure,1.0,1.1102230246251565e-16,1.1102230246251565e-16,-0.8000000000000002,-0.8000000000000002,False,True,True,True
groq_llama-4-scout-17b-16e-instruct,rage,potency,9.158898673390908e-06,0.0,0.04898979485566354,0.8,0.8400000000000001,True,True,True,True
groq_llama-4-scout-17b-16e-instruct,rage,unpredictability,0.32987680092112504,1.1102230246251565e-16,0.021794494717703387,0.8000000000000002,0.7950000000000002,False,True,True,True
groq_llama-4-scout-17b-16e-instruct,rage,valence,0.6430165923073715,0.029999999999999995,0.03570714214271424,-0.8100000000000002,-0.8150000000000002,False,True,True,True
groq_llama-4-scout-17b-16e-instruct,remorse,activity,0.046089149569245556,0.05999999999999999,0.08930285549745874,0.5800000000000001,0.545,True,True,True,True
groq_llama-4-scout-17b-16e-instruct,remorse,arousal,,0.0,0.0,0.6,0.6,False,True,True,True
groq_llama-4-scout-17b-16e-instruct,remorse,dominance,,0.0,0.0,-0.5,-0.5,False,True,True,True
groq_llama-4-scout-17b-16e-instruct,remorse,evaluation,9.158898673391077e-06,0.048989794855663606,0.0,-0.76,-0.8,True,True,True,True
groq_llama-4-scout-17b-16e-instruct,remorse,pleasure,0.020991504670164803,0.043301270189221974,1.1102230246251565e-16,-0.7750000000000001,-0.8000000000000002,True,True,True,True
groq_llama-4-scout-17b-16e-instruct,remorse,potency,0.0,0.0,0.0,0.6,0.7,True,True,True,True
groq_llama-4-scout-17b-16e-instruct,remorse,unpredictability,1.0,1.1102230246251565e-16,1.1102230246251565e-16,0.5999999999999999,0.5999999999999999,False,True,True,True
groq_llama-4-scout-17b-16e-instruct,remorse,valence,3.7534490241918536e-05,0.048989794855663606,1.1102230246251565e-16,-0.74,-0.8000000000000002,True,True,True,True
groq_llama-4-scout-17b-16e-instruct,sadness,activity,9.82473994784615e-09,0.04841229182759273,0.021794494717703377,0.3375,0.395,True,True,True,True
groq_llama-4-scout-17b-16e-instruct,sadness,arousal,2.8048511403193926e-09,0.04898979485566358,0.0,0.34,0.4,True,True,True,True
groq_llama-4-scout-17b-16e-instruct,sadness,dominance,4.815134031597804e-06,1.1102230246251565e-16,0.08999999999999997,-0.6999999999999998,-0.57,True,True,True,True
groq_llama-4-scout-17b-16e-instruct,sadness,evaluation,6.907236657415263e-17,0.035707142142714275,0.02633913438213187,-0.7849999999999999,-0.7074999999999999,True,True,True,True
groq_llama-4-scout-17b-16e-instruct,sadness,pleasure,1.5372478282944536e-09,0.021794494717703387,0.07262919523166973,-0.7049999999999998,-0.5349999999999999,True,True,True,True
groq_llama-4-scout-17b-16e-instruct,sadness,potency,0.294693902290526,0.05267826876426368,0.07141428428542848,0.41500000000000004,0.43,False,True,True,True
groq_llama-4-scout-17b-16e-instruct,sadness,unpredictability,3.6313123638511284e-05,0.03,0.045825756949558386,0.6099999999999999,0.6699999999999998,True,True,True,True
groq_llama-4-scout-17b-16e-instruct,sadness,valence,2.893515959424974e-09,0.03570714214271428,1.1102230246251565e-16,-0.7850000000000001,-0.6999999999999998,True,True,True,True
groq_llama-4-scout-17b-16e-instruct,serenity,activity,,0.0,0.0,0.2,0.2,False,True,True,True
groq_llama-4-scout-17b-16e-instruct,serenity,arousal,0.0,0.0,0.0,0.2,0.1,True,True,True,True
groq_llama-4-scout-17b-16e-instruct,serenity,dominance,7.164397351222577e-26,0.05099019513592784,0.0,-0.48,0.5,True,True,True,True
groq_llama-4-scout-17b-16e-instruct,serenity,evaluation,0.32347494517137965,0.0,0.046837484987987996,0.8,0.7925,False,True,True,True
groq_llama-4-scout-17b-16e-instruct,serenity,pleasure,3.004055285296447e-09,1.1102230246251565e-16,0.16,0.8000000000000002,0.41999999999999993,True,True,True,True
groq_llama-4-scout-17b-16e-instruct,serenity,potency,0.0,0.0,0.0,0.2,0.1,True,True,True,True
groq_llama-4-scout-17b-16e-instruct,serenity,unpredictability,1.0,2.7755575615628914e-17,2.7755575615628914e-17,0.20000000000000004,0.20000000000000004,False,True,True,True
groq_llama-4-scout-17b-16e-instruct,serenity,valence,0.329876800921135,1.1102230246251565e-16,0.021794494717703367,0.8000000000000002,0.805,False,True,True,True
groq_llama-4-scout-17b-16e-instruct,submission,activity,9.640758294237446e-16,0.03872983346207417,0.03570714214271424,0.3,0.21500000000000002,True,True,True,True
groq_llama-4-scout-17b-16e-instruct,submission,arousal,7.390618436886587e-33,0.015612494995995992,0.0,0.2975,0.2,True,True,True,True
groq_llama-4-scout-17b-16e-instruct,submission,dominance,8.0687110349374e-17,0.0,0.043301270189221974,-0.5,-0.775,True,True,True,True
groq_llama-4-scout-17b-16e-instruct,submission,evaluation,0.3712002039027189,0.04736823830374104,0.07262919523166973,-0.2225,-0.23499999999999996,False,True,True,True
groq_llama-4-scout-17b-16e-instruct,submission,pleasure,8.585602719765477e-15,0.030000000000000013,0.04769696007084729,-0.39000000000000007,-0.21500000000000002,True,True,True,True
groq_llama-4-scout-17b-16e-instruct,submission,potency,,0.0,0.0,0.2,0.2,False,True,True,True
groq_llama-4-scout-17b-16e-instruct,submission,unpredictability,1.0,1.1102230246251565e-16,1.1102230246251565e-16,0.5999999999999999,0.5999999999999999,False,True,True,True
groq_llama-4-scout-17b-16e-instruct,submission,valence,0.1625499990297266,2.7755575615628914e-17,0.029999999999999992,-0.20000000000000004,-0.21000000000000005,False,True,True,True
groq_llama-4-scout-17b-16e-instruct,surprise,activity,9.561081508222971e-12,0.0,0.04582575694955844,0.7,0.7699999999999999,True,True,True,True
groq_llama-4-scout-17b-16e-instruct,surprise,arousal,0.0,0.0,0.0,0.7,0.8,True,True,True,True
groq_llama-4-scout-17b-16e-instruct,surprise,dominance,0.08281384258450959,0.10712142642814274,0.0,-0.45499999999999996,-0.5,False,True,True,True
groq_llama-4-scout-17b-16e-instruct,surprise,evaluation,,0.0,0.0,0.0,0.0,False,True,True,True
groq_llama-4-scout-17b-16e-instruct,surprise,pleasure,0.00017071625046405662,2.7755575615628914e-17,0.18708286933869708,0.20000000000000004,2.7755575615628915e-18,True,True,True,True
groq_llama-4-scout-17b-16e-instruct,surprise,potency,4.220203164688809e-21,0.0,0.030000000000000023,0.7,0.79,True,True,True,True
groq_llama-4-scout-17b-16e-instruct,surprise,unpredictability,,0.0,0.0,0.5,0.5,False,True,True,True
groq_llama-4-scout-17b-16e-instruct,surprise,valence,0.0,0.0,0.0,0.0,-0.5,True,True,True,True
groq_llama-4-scout-17b-16e-instruct,terror,activity,8.717358341634605e-33,0.021794494717703363,0.01561249499599599,0.8949999999999999,0.8025,True,True,True,True
groq_llama-4-scout-17b-16e-instruct,terror,arousal,0.3234749451713723,0.0,0.015612494995995995,0.9,0.8975,False,True,True,True
groq_llama-4-scout-17b-16e-instruct,terror,dominance,1.0,1.1102230246251565e-16,1.1102230246251565e-16,-0.8000000000000002,-0.8000000000000002,False,True,True,True
groq_llama-4-scout-17b-16e-instruct,terror,evaluation,4.1051011141575255e-25,0.0,0.047696960070847276,-1.0,-0.8150000000000001,True,True,True,True
groq_llama-4-scout-17b-16e-instruct,terror,pleasure,3.5121076028726e-12,0.050990195135927834,1.1102230246251565e-16,-0.9799999999999999,-0.8000000000000002,True,True,True,True
groq_llama-4-scout-17b-16e-instruct,terror,potency,0.043983786916771905,0.0,0.029999999999999992,0.9,0.89,True,True,True,True
groq_llama-4-scout-17b-16e-instruct,terror,unpredictability,1.0,1.1102230246251565e-16,1.1102230246251565e-16,0.8000000000000002,0.8000000000000002,False,True,True,True
groq_llama-4-scout-17b-16e-instruct,terror,valence,2.5123256838179747e-291,0.0,1.1102230246251565e-16,-1.0,-0.8000000000000002,True,True,True,True
groq_llama-4-scout-17b-16e-instruct,trust,activity,3.8893961907218415e-40,0.0,0.029999999999999995,0.5,0.20999999999999996,True,True,True,True
groq_llama-4-scout-17b-16e-instruct,trust,arousal,0.3234749451713881,0.0,0.01561249499599599,0.2,0.20249999999999999,False,True,True,True
groq_llama-4-scout-17b-16e-instruct,trust,dominance,1.0,2.7755575615628914e-17,2.7755575615628914e-17,0.20000000000000004,0.20000000000000004,False,True,True,True
groq_llama-4-scout-17b-16e-instruct,trust,evaluation,,0.0,0.0,0.8,0.8,False,True,True,True
groq_llama-4-scout-17b-16e-instruct,trust,pleasure,0.3892298887917378,0.040000000000000036,0.03000000000000003,0.7800000000000001,0.7900000000000003,False,True,True,True
groq_llama-4-scout-17b-16e-instruct,trust,potency,,0.0,0.0,0.6,0.6,False,True,True,True
groq_llama-4-scout-17b-16e-instruct,trust,unpredictability,1.3917056150793506e-11,0.0,0.053619026473818054,0.5,0.325,True,True,True,True
groq_llama-4-scout-17b-16e-instruct,trust,valence,1.0,1.1102230246251565e-16,1.1102230246251565e-16,0.8000000000000002,0.8000000000000002,False,True,True,True
groq_llama-4-scout-17b-16e-instruct,vigilance,activity,2.3659946646191095e-07,0.04999999999999999,0.0,0.65,0.7,True,True,True,True
groq_llama-4-scout-17b-16e-instruct,vigilance,arousal,0.08316048921733693,0.02633913438213184,0.0,0.6925,0.7,False,True,True,True
groq_llama-4-scout-17b-16e-instruct,vigilance,dominance,1.089478573830293e-18,2.7755575615628914e-17,0.03999999999999999,0.20000000000000004,0.52,True,True,True,True
groq_llama-4-scout-17b-16e-instruct,vigilance,evaluation,9.55437678467619e-38,0.04683748498798798,0.0,-0.1925,0.2,True,True,True,True
groq_llama-4-scout-17b-16e-instruct,vigilance,pleasure,0.32987680092112726,0.021794494717703367,2.7755575615628914e-17,-0.20500000000000002,-0.20000000000000004,False,True,True,True
groq_llama-4-scout-17b-16e-instruct,vigilance,potency,0.043983786916771905,0.029999999999999992,0.0,0.61,0.6,True,True,True,True
groq_llama-4-scout-17b-16e-instruct,vigilance,unpredictability,1.4608229546341927e-05,0.08306623862918072,0.0,0.6099999999999999,0.5,True,True,True,True
groq_llama-4-scout-17b-16e-instruct,vigilance,valence,3.04940416442795e-07,0.12000000000000002,0.049749371855331,-0.06000000000000001,0.14500000000000002,True,True,True,True
openai_gpt-5,acceptance,activity,5.713520634804425e-19,0.027495454169735038,0.02874021572639983,0.29700000000000004,0.22199999999999998,True,True,True,True
openai_gpt-5,acceptance,arousal,1.1161527946996294e-21,0.019298639848445272,0.025514701644346147,0.28775000000000006,0.21800000000000003,True,True,True,True
openai_gpt-5,acceptance,dominance,5.2834046421011765e-05,0.06268173577685927,0.22325993818865042,0.29100000000000004,0.025000000000000012,True,True,False,False
openai_gpt-5,acceptance,evaluation,0.09882920355941863,0.05571355310873646,0.05124390207624708,0.641,0.66125,False,True,True,True
openai_gpt-5,acceptance,pleasure,4.130402354610943e-06,0.04150602365922324,0.07219937672861172,0.6535,0.5465,True,True,True,True
openai_gpt-5,acceptance,potency,0.01790033153171987,0.05045728391421798,0.05787054518492114,0.4387499999999999,0.409,True,True,True,True
openai_gpt-5,acceptance,unpredictability,0.15833384254763888,0.031999999999999994,0.02539192785118925,0.27399999999999997,0.2605,False,True,True,True
openai_gpt-5,acceptance,valence,0.04862145592790937,0.035252659474144646,0.04428317965096908,0.7064999999999999,0.7329999999999999,True,True,True,True
openai_gpt-5,admiration,activity,0.008816835499993913,0.05893004327166237,0.04992431772192787,0.48650000000000004,0.51975,True,True,True,True
openai_gpt-5,admiration,arousal,0.2998503950483962,0.04031051351694741,0.04421467516560535,0.55475,0.56475,False,True,True,True
openai_gpt-5,admiration,dominance,0.003692679735855139,0.08725107449195109,0.23314373249135392,-0.19150000000000003,-0.007999999999999998,True,True,False,False
openai_gpt-5,admiration,evaluation,4.815109634347337e-14,0.03624137828504873,0.02725344014982326,0.7537499999999999,0.8215,True,True,True,True
openai_gpt-5,admiration,pleasure,3.4447898425910525e-07,0.014924811556599287,0.04207136793592527,0.6984999999999999,0.7700000000000001,True,True,True,True
openai_gpt-5,admiration,potency,0.6071917404457963,0.07700608742170972,0.06815011005126843,0.44275000000000003,0.4342499999999999,False,True,True,True
openai_gpt-5,admiration,unpredictability,0.2093750896592992,0.03940494892776794,0.029849623113198595,0.36150000000000004,0.34700000000000003,False,True,True,True
openai_gpt-5,admiration,valence,0.00013515227632271347,0.027730849247724117,0.03155946767611901,0.751,0.792,True,True,True,True
openai_gpt-5,aggressiveness,activity,0.1071825634033256,0.03047950130825633,0.02770266232693166,0.789,0.7997500000000001,False,True,True,True
openai_gpt-5,aggressiveness,arousal,6.09687266472535e-05,0.020970216975510773,0.014696938456699083,0.8344999999999999,0.852,True,True,True,True
openai_gpt-5,aggressiveness,dominance,0.033511046928844865,0.08040366907050946,0.06197580172938468,0.6554999999999999,0.707,True,True,True,True
openai_gpt-5,aggressiveness,evaluation,7.456975913432524e-09,0.027636027210870967,0.04156245300749225,-0.7925000000000001,-0.73975,True,True,True,True
openai_gpt-5,aggressiveness,pleasure,0.01962249581982469,0.025475478405714017,0.04255584566190641,-0.7109999999999997,-0.6829999999999999,True,True,True,True
openai_gpt-5,aggressiveness,potency,0.6867250408073429,0.023020371413163616,0.02054111730164649,0.8627499999999999,0.86075,False,True,True,True
openai_gpt-5,aggressiveness,unpredictability,0.0011372019539148545,0.05754128952326321,0.1322270774085248,0.627,0.506,True,True,True,True
openai_gpt-5,aggressiveness,valence,0.09085661410678399,0.028368115905008588,0.04848711168960265,-0.7754999999999999,-0.7529999999999999,False,True,True,True
openai_gpt-5,amazement,activity,5.05858894727525e-12,0.024185481181899206,0.022688102609076832,0.8627500000000001,0.8195,True,True,True,True
openai_gpt-5,amazement,arousal,1.0538134110012665e-12,0.018841443681416787,0.019873034494007194,0.8899999999999999,0.85275,True,True,True,True
openai_gpt-5,amazement,dominance,0.051965875907657604,0.1007608554945818,0.08064738061462381,-0.49349999999999994,-0.4339999999999999,False,True,True,True
openai_gpt-5,amazement,evaluation,1.0226806665091966e-05,0.05721396245672902,0.10296115772464876,0.59375,0.503,True,True,True,True
openai_gpt-5,amazement,pleasure,0.0009033246514643736,0.1214454610102823,0.09387624832725261,0.489,0.3615,True,True,True,True
openai_gpt-5,amazement,potency,0.09414706665544043,0.034035826712451096,0.03876128867826765,0.30375,0.31775000000000003,False,True,True,True
openai_gpt-5,amazement,unpredictability,0.03516845664283109,0.01512448346225415,0.01299038105676658,0.9275,0.9175000000000001,True,True,True,True
openai_gpt-5,amazement,valence,0.20810332414311145,0.0746240577829965,0.11344051304538429,0.5674999999999999,0.5275,False,True,True,True
openai_gpt-5,anger,activity,0.9189270096392871,0.0192028643696715,0.023790754506740626,0.7975,0.797,False,True,True,True
openai_gpt-5,anger,arousal,0.29790898523564885,0.018505066873697046,0.01729161646579057,0.83025,0.8260000000000002,False,True,True,True
openai_gpt-5,anger,dominance,0.0018188226147140265,0.1081249277456406,0.05766064515768099,0.39699999999999996,0.3005,True,True,True,True
openai_gpt-5,anger,evaluation,0.13591311694767666,0.033166247903554026,0.04110884941226161,-0.78,-0.76725,False,True,True,True
openai_gpt-5,anger,pleasure,0.236035362908705,0.05448623679425845,0.04186585721085863,-0.7374999999999999,-0.7565000000000001,False,True,True,True
openai_gpt-5,anger,potency,0.22471242398618105,0.04073082370883262,0.04224630161327735,0.756,0.7445,False,True,True,True
openai_gpt-5,anger,unpredictability,0.000733711763654442,0.08587636461797857,0.0266270539113887,0.5605,0.6410000000000001,True,True,True,True
openai_gpt-5,anger,valence,0.07788784631089966,0.040311288741492764,0.03229163978493508,-0.775,-0.7535000000000001,False,True,True,True
openai_gpt-5,annoyance,activity,0.0013646198121991533,0.05305421755148219,0.06395261918013992,0.4205,0.4647499999999999,True,True,True,True
openai_gpt-5,annoyance,arousal,0.4931000695976532,0.05215122242095576,0.04711090638058239,0.5405,0.54825,False,True,True,True
openai_gpt-5,annoyance,dominance,0.014264111068804708,0.2079879804219465,0.20599211149944552,-0.119,0.05349999999999999,True,False,False,False
openai_gpt-5,annoyance,evaluation,0.0034927469571357553,0.048669805834829445,0.04658325879540846,-0.5475,-0.58,True,True,True,True
openai_gpt-5,annoyance,pleasure,0.01763723942037615,0.05068283733178322,0.048669805834829445,-0.5075000000000001,-0.5475000000000001,True,True,True,True
openai_gpt-5,annoyance,potency,9.699612784513078e-07,0.0630555310817378,0.06355656929067206,0.43800000000000006,0.51425,True,True,True,True
openai_gpt-5,annoyance,unpredictability,0.9158603258728942,0.027472713735632304,0.030409702399069937,0.36550000000000005,0.3645,False,True,True,True
openai_gpt-5,annoyance,valence,0.15819134624542824,0.05659284407060666,0.04548351349665062,-0.5434999999999999,-0.5674999999999999,False,True,True,True
openai_gpt-5,anticipation,activity,2.5954930362419375e-12,0.033569889782362985,0.0343474889911912,0.68325,0.6195,True,True,True,True
openai_gpt-5,anticipation,arousal,1.053306267861442e-15,0.029393876913398134,0.03278719262151001,0.706,0.635,True,True,True,True
openai_gpt-5,anticipation,dominance,8.766284071415396e-13,0.05239274758971894,0.08380184962159247,0.275,0.5335,True,True,True,True
openai_gpt-5,anticipation,evaluation,0.000189687864059542,0.04240798863421843,0.05161818962342635,0.64625,0.6042500000000001,True,True,True,True
openai_gpt-5,anticipation,pleasure,0.6387559485978832,0.039761790704142076,0.04475209492303125,0.6469999999999999,0.6535,False,True,True,True
openai_gpt-5,anticipation,potency,2.198686679096048e-15,0.03953163290328391,0.026257141885589908,0.5765,0.65425,True,True,True,True
openai_gpt-5,anticipation,unpredictability,1.1384092437779789e-11,0.061,0.0157797338380595,0.387,0.199,True,True,True,True
openai_gpt-5,anticipation,valence,0.8849832829216884,0.05002749244165652,0.07446307809914925,0.6315,0.6345,False,True,True,True
openai_gpt-5,apprehension,activity,2.576936101740913e-06,0.03581113653599953,0.03188945750557698,0.5977499999999999,0.6367499999999999,True,True,True,True
openai_gpt-5,apprehension,arousal,7.3542168256395e-09,0.04159026328361003,0.03166129340377615,0.6255,0.68025,True,True,True,True
openai_gpt-5,apprehension,dominance,0.01771441612698035,0.061763662456172395,0.033451457367355455,-0.5705,-0.611,True,True,True,True
openai_gpt-5,apprehension,evaluation,6.574877094774939e-07,0.034172357249683545,0.038958311051687025,-0.6085,-0.6535,True,True,True,True
openai_gpt-5,apprehension,pleasure,0.0024713949330423847,0.046029881598804924,0.033166247903554,-0.5774999999999999,-0.62,True,True,True,True
openai_gpt-5,apprehension,potency,0.10129020239670324,0.01999843743896007,0.023764469276632286,0.29275,0.28450000000000003,False,True,True,True
openai_gpt-5,apprehension,unpredictability,0.5589780062218817,0.043692104549906956,0.03986226285598948,0.699,0.6910000000000001,False,True,True,True
openai_gpt-5,apprehension,valence,0.03551866692622747,0.025666125535421205,0.03787809393303733,-0.6124999999999999,-0.6355,True,True,True,True
openai_gpt-5,awe,activity,0.5446395726189923,0.033829535911685235,0.04192552921550306,0.6082500000000001,0.6134999999999999,False,True,True,True
openai_gpt-5,awe,arousal,0.38995168856462137,0.03249615361854383,0.03872983346207416,0.693,0.7,False,True,True,True
openai_gpt-5,awe,dominance,0.021228767536912906,0.04322904116447645,0.04646235034950341,-0.5725,-0.6074999999999999,True,True,True,True
openai_gpt-5,awe,evaluation,4.155482150899877e-20,0.05721396245672904,0.08426149773176357,0.29375,0.505,True,True,True,True
openai_gpt-5,awe,pleasure,4.807722758949161e-11,0.06204836822995428,0.08554969316134337,0.27999999999999997,0.5075,True,True,True,True
openai_gpt-5,awe,potency,0.0005651115110984914,0.03331572451560974,0.031108680460604565,0.29275,0.2665,True,True,True,True
openai_gpt-5,awe,unpredictability,0.16881481674162999,0.032496153618543855,0.04538722287164087,0.732,0.75,False,True,True,True
openai_gpt-5,awe,valence,5.534587162490418e-10,0.05068283733178323,0.09522998477370456,0.2675,0.49250000000000005,True,True,True,True
openai_gpt-5,boredom,activity,0.3346403140362877,0.03073678577860736,0.03290516676754579,0.22949999999999998,0.2365,False,True,True,True
openai_gpt-5,boredom,arousal,0.042863010987961886,0.030232432915661946,0.02149273132945182,0.229,0.21675,True,True,True,True
openai_gpt-5,boredom,dominance,0.34786222787171783,0.04510820324508615,0.05191098149717457,-0.3805,-0.3655,False,True,True,True
openai_gpt-5,boredom,evaluation,0.26966466980085885,0.0474236228055175,0.04985917668794782,-0.5290000000000001,-0.54125,False,True,True,True
openai_gpt-5,boredom,pleasure,0.041617427394845044,0.06778458526833368,0.04472135954999579,-0.4605,-0.5,True,True,True,True
openai_gpt-5,boredom,potency,0.7786793297906341,0.032824343100814675,0.03747999466382032,0.29775,0.2955,False,True,True,True
openai_gpt-5,boredom,unpredictability,0.006151569984051987,0.054120236510939224,0.014491376746189446,0.22900000000000004,0.19000000000000003,True,True,True,True
openai_gpt-5,boredom,valence,0.6571490545603426,0.05370986873936668,0.04198511641046145,-0.5205,-0.5135000000000001,False,True,True,True
openai_gpt-5,contempt,activity,0.0009298861930895881,0.03157431709475282,0.034409301068170514,0.34325,0.369,True,True,True,True
openai_gpt-5,contempt,arousal,0.005600340127153712,0.041605288125429456,0.0281069386451104,0.372,0.39499999999999996,True,True,True,True
openai_gpt-5,contempt,dominance,0.9526524147142276,0.054632865566433535,0.048298550702893774,0.6244999999999998,0.6235,False,True,True,True
openai_gpt-5,contempt,evaluation,1.313968524156648e-07,0.038729833462074204,0.04978955713801842,-0.725,-0.784,True,True,True,True
openai_gpt-5,contempt,pleasure,1.4144565885248202e-08,0.043011626335213125,0.04574658457196561,-0.6199999999999999,-0.7234999999999999,True,True,True,True
openai_gpt-5,contempt,potency,0.26631909955431615,0.037563279941985904,0.03536859482648413,0.718,0.70875,False,True,True,True
openai_gpt-5,contempt,unpredictability,0.020555168803371403,0.0708519583356734,0.11386395390991828,0.35000000000000003,0.4250000000000001,True,True,True,True
openai_gpt-5,contempt,valence,8.805188950893422e-05,0.050127337850717754,0.044373415464667595,-0.7034999999999999,-0.771,True,True,True,True
openai_gpt-5,disappointment,activity,0.5846806560226532,0.01828763243287659,0.017916472867168912,0.33575,0.33799999999999997,False,True,True,True
openai_gpt-5,disappointment,arousal,0.5694208963990579,0.019209372712298542,0.019435791725576804,0.33399999999999996,0.3365,False,True,True,True
openai_gpt-5,disappointment,dominance,0.05392222729334853,0.0574108003776293,0.05080354318352215,-0.5080000000000001,-0.5429999999999999,False,True,True,True
openai_gpt-5,disappointment,evaluation,0.1928050171627978,0.041047990206586234,0.030376800358168077,-0.62725,-0.6165,False,True,True,True
openai_gpt-5,disappointment,pleasure,0.13036938223305863,0.034910600109422346,0.023637893307145625,-0.6125,-0.5974999999999999,False,True,True,True
openai_gpt-5,disappointment,potency,0.14298335302224682,0.020938899206978386,0.022310311517323104,0.30625,0.3135,False,True,True,True
openai_gpt-5,disappointment,unpredictability,0.021865841119276343,0.0412189276910499,0.03998437194704951,0.389,0.35750000000000004,True,True,True,True
openai_gpt-5,disappointment,valence,0.1569590825389535,0.03170173496829473,0.020217566619155747,-0.625,-0.6125,False,True,True,True
openai_gpt-5,disgust,activity,0.13112606788995435,0.03957192818147733,0.038567311288188084,0.6287499999999999,0.64225,False,True,True,True
openai_gpt-5,disgust,arousal,0.8379207304963098,0.033614542983655134,0.04128861828639945,0.6727500000000001,0.6745000000000001,False,True,True,True
openai_gpt-5,disgust,dominance,0.06790450527345045,0.33421400329728856,0.1924389513586062,-0.211,-0.3785,False,False,True,False
openai_gpt-5,disgust,evaluation,0.12821855376649408,0.02479793338163487,0.022533308678487518,-0.8752500000000001,-0.8835000000000001,False,True,True,True
openai_gpt-5,disgust,pleasure,0.5308833462880025,0.0248746859276655,0.02384848003542365,-0.8525,-0.8574999999999999,False,True,True,True
openai_gpt-5,disgust,potency,0.3056154592679313,0.07848526931851607,0.08821812455499153,0.38275000000000003,0.40225,False,True,True,True
openai_gpt-5,disgust,unpredictability,0.0052668239140571185,0.048072861366887654,0.03734635189680512,0.367,0.3255,True,True,True,True
openai_gpt-5,disgust,valence,0.2147027026269761,0.028613807855648977,0.019202864369671523,-0.8425,-0.8524999999999998,False,True,True,True
openai_gpt-5,distraction,activity,4.49020217863644e-27,0.024787849846245245,0.06086409039819785,0.3857499999999999,0.6082500000000001,True,True,True,True
openai_gpt-5,distraction,arousal,2.045809363406875e-48,0.028168022649806296,0.03908244490816816,0.39375,0.68225,True,True,True,True
openai_gpt-5,distraction,dominance,6.555828893834843e-10,0.09204754206387045,0.028508770580296855,-0.38150000000000006,-0.6064999999999998,True,True,True,True
openai_gpt-5,distraction,evaluation,5.969955897664616e-09,0.05883823161856583,0.040705497171758004,-0.60075,-0.67675,True,True,True,True
openai_gpt-5,distraction,pleasure,0.005067970765817104,0.05156306817868773,0.0540624638728203,-0.6325,-0.6834999999999999,True,True,True,True
openai_gpt-5,distraction,potency,3.794107819334803e-08,0.02961313053359945,0.028998922393771807,0.33925,0.29874999999999996,True,True,True,True
openai_gpt-5,distraction,unpredictability,8.108673676637071e-05,0.062327762674429445,0.035703641270884386,0.6194999999999999,0.6945,True,True,True,True
openai_gpt-5,distraction,valence,0.007782830582452476,0.0514076842505087,0.04833218389437828,-0.6164999999999999,-0.6619999999999999,True,True,True,True
openai_gpt-5,ecstasy,activity,0.0404662701098363,0.023386694935368706,0.01989974874213242,0.8932500000000001,0.883,True,True,True,True
openai_gpt-5,ecstasy,arousal,0.00377233063154668,0.012939764294607501,0.017029386365926373,0.94025,0.93,True,True,True,True
openai_gpt-5,ecstasy,dominance,7.764594473807515e-17,0.21237408033938607,0.09373366524360391,0.43150000000000005,-0.5820000000000001,True,False,True,False
openai_gpt-5,ecstasy,evaluation,1.5512011552027545e-08,0.006666145812986698,0.011177544453054088,0.9782500000000001,0.9647500000000001,True,True,True,True
openai_gpt-5,ecstasy,pleasure,0.0002814747395391919,0.0035707142142714274,0.00963068014212912,0.9814999999999999,0.9715,True,True,True,True
openai_gpt-5,ecstasy,potency,0.12557746203809805,0.06313477647065838,0.22746648104720837,0.782,0.723,False,True,False,False
openai_gpt-5,ecstasy,unpredictability,0.0003273814127878502,0.030899029110960735,0.04667976006793523,0.6794999999999999,0.731,True,True,True,True
openai_gpt-5,ecstasy,valence,3.5024771586508668e-06,0.010049875621120901,0.0078102496759066605,0.9730000000000001,0.9570000000000001,True,True,True,True
openai_gpt-5,fear,activity,0.10537660325290799,0.029116146723081316,0.027459060435491945,0.8085000000000001,0.819,False,True,True,True
openai_gpt-5,fear,arousal,0.0008572341469901788,0.017012862780849076,0.011616260155488953,0.84575,0.85725,True,True,True,True
openai_gpt-5,fear,dominance,0.654285317777316,0.060072872413428006,0.040311288741492736,-0.6824999999999999,-0.6749999999999999,False,True,True,True
openai_gpt-5,fear,evaluation,0.05611155286955638,0.03201562118716422,0.030593095626301046,-0.8150000000000001,-0.8012499999999999,False,True,True,True
openai_gpt-5,fear,pleasure,0.38582194272077197,0.033166247903554026,0.02998332870112993,-0.78,-0.789,False,True,True,True
openai_gpt-5,fear,potency,0.19233143473581954,0.023546496554689406,0.03274045662479373,0.21825,0.22675,False,True,True,True
openai_gpt-5,fear,unpredictability,0.0034022201772085114,0.03508560958569768,0.06857659950741216,0.633,0.5765,True,True,True,True
openai_gpt-5,fear,valence,0.13743948797449324,0.036996621467371885,0.021650635094610987,-0.7725000000000001,-0.7875000000000002,False,True,True,True
openai_gpt-5,grief,activity,5.127025686916801e-05,0.11160169129542796,0.13637356782016083,0.46725000000000005,0.5885,True,True,True,True
openai_gpt-5,grief,arousal,1.6091174215609573e-06,0.049686517285879486,0.09706666523580584,0.37749999999999995,0.47074999999999995,True,True,True,True
openai_gpt-5,grief,dominance,0.020727958958928084,0.04497499305169486,0.043116122274620215,-0.7935000000000001,-0.759,True,True,True,True
openai_gpt-5,grief,evaluation,0.003950041228016027,0.019233759382918325,0.011575836902790206,-0.9352499999999999,-0.9460000000000001,True,True,True,True
openai_gpt-5,grief,pleasure,0.5164774221398412,0.023637893307145594,0.023425413550244918,-0.9275,-0.9224999999999998,False,True,True,True
openai_gpt-5,grief,potency,0.27987884405414354,0.029223278392404916,0.015163690184120752,0.21100000000000002,0.20525000000000002,False,True,True,True
openai_gpt-5,grief,unpredictability,0.002402810380152849,0.02596150997149432,0.040727754664356366,0.696,0.7325,True,True,True,True
openai_gpt-5,grief,valence,0.58437120712803,0.01681517172080023,0.02193171219946128,-0.9135,-0.9169999999999998,False,True,True,True
openai_gpt-5,interest,activity,0.2910014339072986,0.04731212846617661,0.05613321209408918,0.54375,0.53125,False,True,True,True
openai_gpt-5,interest,arousal,0.5087518939719486,0.020922475952907662,0.025416530054277655,0.5965,0.593,False,True,True,True
openai_gpt-5,interest,dominance,0.14579240736791096,0.05692978130996113,0.05722543140947039,0.29700000000000004,0.2695,False,True,True,True
openai_gpt-5,interest,evaluation,0.015613523301138634,0.048723710860319326,0.036972117872797056,0.471,0.44675000000000004,True,True,True,True
openai_gpt-5,interest,pleasure,0.0003031090546018775,0.04296510211788166,0.05749782604586021,0.47800000000000004,0.41200000000000003,True,True,True,True
openai_gpt-5,interest,potency,6.598688912319165e-05,0.06551288041293865,0.0476386135398586,0.50675,0.56175,True,True,True,True
openai_gpt-5,interest,unpredictability,2.2263633257309673e-11,0.04517742799230607,0.0646741834119303,0.5429999999999999,0.3665,True,True,True,True
openai_gpt-5,interest,valence,0.04425768365519614,0.06383376849285963,0.06792643079096679,0.4805,0.43599999999999994,True,True,True,True
openai_gpt-5,joy,activity,9.547912226483524e-16,0.03725251669350677,0.04160453701220577,0.7415,0.65125,True,True,True,True
openai_gpt-5,joy,arousal,3.772589940978285e-13,0.023182698289888518,0.03238826948140331,0.7877500000000001,0.731,True,True,True,True
openai_gpt-5,joy,dominance,0.20662275728018425,0.07843946710680791,0.06475144786026024,0.6235,0.5934999999999999,False,True,True,True
openai_gpt-5,joy,evaluation,0.003009290198662956,0.013395428324618795,0.023210988776870292,0.94575,0.9324999999999999,True,True,True,True
openai_gpt-5,joy,pleasure,0.11413487929391428,0.010897247358851671,0.019974984355438152,0.9474999999999998,0.9389999999999998,False,True,True,True
openai_gpt-5,joy,potency,0.8278413940330062,0.04915218713343282,0.051994591064840584,0.66875,0.66625,False,True,True,True
openai_gpt-5,joy,unpredictability,0.5685834802765088,0.041167341424969375,0.039191835884530846,0.34950000000000003,0.342,False,True,True,True
openai_gpt-5,joy,valence,0.8618619548737098,0.01841195263952194,0.016733200530681478,0.9409999999999998,0.9399999999999998,False,True,True,True
openai_gpt-5,loathing,activity,0.020682302763491756,0.04519333468554849,0.04166533331199932,0.70975,0.733,True,True,True,True
openai_gpt-5,loathing,arousal,0.7682651825720157,0.04080364567045451,0.04133702940463914,0.74475,0.7474999999999999,False,True,True,True
openai_gpt-5,loathing,dominance,0.12091183165637422,0.285462782162579,0.2274510936443261,0.161,0.294,False,False,False,False
openai_gpt-5,loathing,evaluation,0.0188301848193239,0.020855155237974113,0.02056088519495206,-0.91525,-0.9264999999999999,True,True,True,True
openai_gpt-5,loathing,pleasure,0.002047225701792181,0.01813835714721707,0.02165063509461094,-0.8909999999999998,-0.9125,True,True,True,True
openai_gpt-5,loathing,potency,0.47077321086106194,0.04817675788178361,0.06613433298975654,0.698,0.7074999999999999,False,True,True,True
openai_gpt-5,loathing,unpredictability,0.06733496868514033,0.032291639784935044,0.03781534080237807,0.31150000000000005,0.29,False,True,True,True
openai_gpt-5,loathing,valence,0.3149218778041145,0.02197157254271983,0.020365411854416305,-0.9065,-0.8995,False,True,True,True
openai_gpt-5,love,activity,0.00014561148804768514,0.06538157232737678,0.053758138918679095,0.6495,0.5952500000000001,True,True,True,True
openai_gpt-5,love,arousal,0.0019376480599758875,0.04236448984704052,0.05136572300668996,0.6505000000000001,0.61625,True,True,True,True
openai_gpt-5,love,dominance,0.7316522597005038,0.08326313710160096,0.1109448060974465,0.3785,0.3675,False,True,True,True
openai_gpt-5,love,evaluation,0.004720701957546152,0.015779733838059497,0.02096276460775154,0.9039999999999999,0.89175,True,True,True,True
openai_gpt-5,love,pleasure,0.00021317002125755872,0.01920286436967152,0.022688102609076877,0.8974999999999997,0.8695,True,True,True,True
openai_gpt-5,love,potency,0.5634410376908967,0.05590169943749474,0.05050742519669756,0.62,0.627,False,True,True,True
openai_gpt-5,love,unpredictability,2.213732275486431e-06,0.07303423854604085,0.12357588761566715,0.346,0.537,True,True,True,True
openai_gpt-5,love,valence,0.8452457829787988,0.017571283390805582,0.013518505834595787,0.9024999999999999,0.9034999999999999,False,True,True,True
openai_gpt-5,optimism,activity,0.3859891675932895,0.061422715667739734,0.040105330069705195,0.4065,0.39624999999999994,False,True,True,True
openai_gpt-5,optimism,arousal,2.376602996980395e-08,0.05836897720536141,0.03067470456255447,0.48925,0.42125,True,True,True,True
openai_gpt-5,optimism,dominance,0.8649436388132556,0.0617636624561724,0.08088726723038678,0.5845,0.5884999999999999,False,True,True,True
openai_gpt-5,optimism,evaluation,0.8919279588011813,0.03271085446759225,0.03207802986469087,0.8399999999999999,0.8390000000000001,False,True,True,True
openai_gpt-5,optimism,pleasure,0.7858985570923273,0.04720963884632035,0.0428106295211832,0.7775000000000001,0.7735000000000001,False,True,True,True
openai_gpt-5,optimism,potency,0.612276015681144,0.03853245385386195,0.039560080889704974,0.6405000000000001,0.645,False,True,True,True
openai_gpt-5,optimism,unpredictability,0.0098029637677014,0.027856776554368235,0.03793085815006035,0.312,0.2825,True,True,True,True
openai_gpt-5,optimism,valence,0.3582639484269694,0.024310491562286443,0.025391927851189246,0.8630000000000001,0.8554999999999999,False,True,True,True
openai_gpt-5,pensiveness,activity,2.5197335298546336e-08,0.026191601707417595,0.0250798724079689,0.24299999999999997,0.279,True,True,True,True
openai_gpt-5,pensiveness,arousal,3.193958328253099e-08,0.025548972582082437,0.015256146302392349,0.2615,0.2915,True,True,True,True
openai_gpt-5,pensiveness,dominance,0.3369187925376207,0.1030279088402749,0.18290092946729386,-0.15050000000000002,-0.10350000000000001,False,True,True,True
openai_gpt-5,pensiveness,evaluation,0.2207018210294056,0.03222964473896663,0.04984413205182732,-0.2125,-0.22424999999999998,False,True,True,True
openai_gpt-5,pensiveness,pleasure,0.5648498450320727,0.004358898943540678,0.044440972086577935,-0.19900000000000004,-0.20500000000000002,False,True,True,True
openai_gpt-5,pensiveness,potency,0.0004404812163604291,0.046203354856546947,0.07020995299813268,0.3645,0.41425,True,True,True,True
openai_gpt-5,pensiveness,unpredictability,0.014627619929705689,0.018547236990991405,0.017578395831246936,0.30600000000000005,0.29100000000000004,True,True,True,True
openai_gpt-5,pensiveness,valence,0.7619188038547642,0.0223606797749979,0.036482872693909395,-0.20000000000000004,-0.203,False,True,True,True
openai_gpt-5,rage,activity,0.009713556396216272,0.01391941090707503,0.015196627915429122,0.9275,0.91875,True,True,True,True
openai_gpt-5,rage,arousal,7.00273821601288e-06,0.01071214264281427,0.008856494791959144,0.9545,0.94375,True,True,True,True
openai_gpt-5,rage,dominance,0.20676306592405977,0.4633516483190709,0.35382587525504694,-0.0455,0.1265,False,False,False,False
openai_gpt-5,rage,evaluation,0.09996969408972271,0.02167804188574233,0.01936491673103707,-0.92275,-0.915,False,True,True,True
openai_gpt-5,rage,pleasure,0.2637941520389519,0.017109938632268673,0.015451537140362431,-0.9014999999999999,-0.9075,False,True,True,True
openai_gpt-5,rage,potency,0.0009025914422666122,0.028596328435657622,0.024974987487484373,0.9035,0.8825,True,True,True,True
openai_gpt-5,rage,unpredictability,0.00012201255913978923,0.021931712199461318,0.028999999999999984,0.843,0.807,True,True,True,True
openai_gpt-5,rage,valence,0.14804503017087825,0.015124483462254153,0.019974984355438197,-0.9075,-0.899,False,True,True,True
openai_gpt-5,remorse,activity,4.0273899168537735e-05,0.03120496755325985,0.03507046478163642,0.38249999999999995,0.41525,True,True,True,True
openai_gpt-5,remorse,arousal,6.89630786953721e-14,0.026828156850592633,0.026547127904916566,0.3655,0.4205,True,True,True,True
openai_gpt-5,remorse,dominance,0.0011668575334091644,0.0532423703454307,0.0444156503948777,-0.5755,-0.6315,True,True,True,True
openai_gpt-5,remorse,evaluation,6.778328238616452e-09,0.039362894964674565,0.03389321466016463,-0.76825,-0.8225,True,True,True,True
openai_gpt-5,remorse,pleasure,0.004057410423803986,0.04264680527307999,0.025903667693977228,-0.7675,-0.8030000000000003,True,True,True,True
openai_gpt-5,remorse,potency,0.3189531729139076,0.029563490998188967,0.027636027210870957,0.24900000000000003,0.2425,False,True,True,True
openai_gpt-5,remorse,unpredictability,0.15220236099296106,0.032446109165815244,0.04631144566951025,0.3265,0.34550000000000003,False,True,True,True
openai_gpt-5,remorse,valence,6.3774559236248395e-09,0.02685144316419513,0.029711109033491133,-0.7530000000000001,-0.8215,True,True,True,True
openai_gpt-5,sadness,activity,0.2007707929377695,0.014997916521970637,0.020487801248547877,0.29525,0.3005,False,True,True,True
openai_gpt-5,sadness,arousal,7.79001846490441e-06,0.024206145913796356,0.01599804675577615,0.26875,0.29125,True,True,True,True
openai_gpt-5,sadness,dominance,0.7051481266085899,0.06297618597533514,0.066332495807108,-0.5819999999999999,-0.59,False,True,True,True
openai_gpt-5,sadness,evaluation,0.013210407585933656,0.03232549303568317,0.04029190365321552,-0.7847500000000001,-0.76375,True,True,True,True
openai_gpt-5,sadness,pleasure,0.8258469403293385,0.036742346141747706,0.03269174207655508,-0.7199999999999999,-0.7174999999999999,False,True,True,True
openai_gpt-5,sadness,potency,0.14182762342421687,0.03999921874237045,0.03731537886716414,0.24725000000000003,0.26025,False,True,True,True
openai_gpt-5,sadness,unpredictability,0.2453899645850387,0.0271062723368596,0.02774887385102321,0.33949999999999997,0.35000000000000003,False,True,True,True
openai_gpt-5,sadness,valence,0.00017350416572998182,0.03344772040064916,0.0367423461417477,-0.7775000000000001,-0.7299999999999999,True,True,True,True
openai_gpt-5,serenity,activity,5.295536259302876e-18,0.027276363393971714,0.013601470508735445,0.151,0.09,True,True,True,True
openai_gpt-5,serenity,arousal,6.24327836239796e-21,0.029324690961713473,0.018355857375780625,0.14275,0.06675,True,True,True,True
openai_gpt-5,serenity,dominance,0.003618713893363367,0.10610725705624476,0.0973139250056229,0.4875,0.5900000000000001,True,True,True,True
openai_gpt-5,serenity,evaluation,3.5350608734201077e-06,0.03320297426436371,0.05096812729539905,0.82775,0.7785,True,True,True,True
openai_gpt-5,serenity,pleasure,1.7990208154487488e-06,0.04516635916254487,0.060489668539346446,0.78,0.6809999999999999,True,True,True,True
openai_gpt-5,serenity,potency,0.5470983414389582,0.07760114367713919,0.10946432067116665,0.56925,0.5822499999999999,False,True,True,True
openai_gpt-5,serenity,unpredictability,0.00012227696090895637,0.022242976419535227,0.03278719262151,0.18450000000000003,0.14500000000000002,True,True,True,True
openai_gpt-5,serenity,valence,0.3102961942746875,0.03169779172119091,0.021089096708963116,0.8145,0.8055000000000001,False,True,True,True
openai_gpt-5,submission,activity,4.039896642327826e-26,0.02615339366124404,0.021815991840849227,0.319,0.23125,True,True,True,True
openai_gpt-5,submission,arousal,3.2610676479112705e-26,0.03215198283154556,0.011779218989389743,0.3375,0.2225,True,True,True,True
openai_gpt-5,submission,dominance,0.5292201439043005,0.026697378148424957,0.035707142142714234,-0.8215,-0.8150000000000001,False,True,True,True
openai_gpt-5,submission,evaluation,2.8614887966555014e-18,0.052138637304785795,0.05699780697535651,-0.37374999999999997,-0.2325,True,True,True,True
openai_gpt-5,submission,pleasure,4.24145530566359e-05,0.06342515273927214,0.1126177161906598,-0.28850000000000003,-0.14650000000000002,True,True,True,True
openai_gpt-5,submission,potency,0.14958185464913526,0.02911614672308134,0.028530685235374213,0.1585,0.14900000000000002,False,True,True,True
openai_gpt-5,submission,unpredictability,0.20017219781133683,0.025670995305986873,0.028613807855648994,0.23899999999999996,0.22749999999999998,False,True,True,True
openai_gpt-5,submission,valence,7.223417505278762e-15,0.04955804677345546,0.05237127075028827,-0.41800000000000004,-0.21350000000000002,True,True,True,True
openai_gpt-5,surprise,activity,1.2890345898899689e-08,0.04484417464955733,0.03840491505002972,0.757,0.8172499999999999,True,True,True,True
openai_gpt-5,surprise,arousal,6.311411101360828e-07,0.01951922129594311,0.02188035648704105,0.807,0.8324999999999999,True,True,True,True
openai_gpt-5,surprise,dominance,0.00022707666269509126,0.04898979485566356,0.08487638069569177,-0.4600000000000001,-0.554,True,True,True,True
openai_gpt-5,surprise,evaluation,,0.0,0.0,0.0,0.0,False,True,True,True
openai_gpt-5,surprise,pleasure,,0.0,0.0,0.0,0.0,False,True,True,True
openai_gpt-5,surprise,potency,0.17363114059201723,0.028857408061016155,0.040801348016946695,0.3265,0.3155,False,True,True,True
openai_gpt-5,surprise,unpredictability,0.005335431597412603,0.15903144343179434,0.1672206625988547,0.627,0.7835,True,True,True,True
openai_gpt-5,surprise,valence,,0.0,0.0,0.0,0.0,False,True,True,True
openai_gpt-5,terror,activity,0.014487607674795084,0.009588404455382518,0.012288205727444474,0.93925,0.9329999999999998,True,True,True,True
openai_gpt-5,terror,arousal,0.046104242358838816,0.008799857953399009,0.009695359714832636,0.9502500000000002,0.9460000000000001,True,True,True,True
openai_gpt-5,terror,dominance,0.15502469661647306,0.029051678092667902,0.038209946349085595,-0.9059999999999999,-0.8899999999999999,False,True,True,True
openai_gpt-5,terror,evaluation,0.20183537589627482,0.017318703762117978,0.015198684153570657,-0.94725,-0.952,False,True,True,True
openai_gpt-5,terror,pleasure,0.6930763706866667,0.009733961166965885,0.004974937185533082,-0.9504999999999999,-0.9494999999999999,False,True,True,True
openai_gpt-5,terror,potency,0.0498105673421435,0.025630792028339663,0.029613130533599447,0.10674999999999998,0.11925,True,True,True,True
openai_gpt-5,terror,unpredictability,0.13005020157933891,0.0204939015319192,0.02132486811213614,0.85,0.8605,False,True,True,True
openai_gpt-5,terror,valence,0.014809735612846736,0.00538516480713449,0.016515144564913712,-0.9490000000000001,-0.9385,True,True,True,True
openai_gpt-5,trust,activity,0.972704774996464,0.029873692440004804,0.03429285639896449,0.27775,0.278,False,True,True,True
openai_gpt-5,trust,arousal,8.077918831618823e-05,0.031300958451779076,0.02365243116468157,0.27549999999999997,0.30175,True,True,True,True
openai_gpt-5,trust,dominance,7.323311427874233e-06,0.08731981447529535,0.08299999999999999,0.4245,0.281,True,True,True,True
openai_gpt-5,trust,evaluation,0.019152168310718178,0.03807558272699187,0.03376388603226829,0.7404999999999999,0.76,True,True,True,True
openai_gpt-5,trust,pleasure,0.03407302234647103,0.040323690307311914,0.03667083309661779,0.7119999999999999,0.6845,True,True,True,True
openai_gpt-5,trust,potency,0.005870362086171665,0.08202095768765444,0.07606576102294645,0.46225000000000005,0.513,True,True,True,True
openai_gpt-5,trust,unpredictability,0.046355376445815236,0.030397368307141327,0.024591665254715882,0.22400000000000006,0.20550000000000002,True,True,True,True
openai_gpt-5,trust,valence,0.20543484820835606,0.040308187753854675,0.030736785778607383,0.7795,0.7645000000000001,False,True,True,True
openai_gpt-5,vigilance,activity,5.945671051123641e-06,0.027798381247835277,0.028526303651191822,0.6535,0.6224999999999999,True,True,True,True
openai_gpt-5,vigilance,arousal,0.02612319684786746,0.033282878481285236,0.03854867053479276,0.7115,0.693,True,True,True,True
openai_gpt-5,vigilance,dominance,0.0004962770214546829,0.18727252868480204,0.07689440811918642,0.24300000000000005,0.4285,True,True,True,True
openai_gpt-5,vigilance,evaluation,3.0156863625785313e-07,0.061130495662966786,0.05253034837120348,-0.34075,-0.26825,True,True,True,True
openai_gpt-5,vigilance,pleasure,0.00012675863551822017,0.04432832051860301,0.06368673331236263,-0.35500000000000004,-0.278,True,True,True,True
openai_gpt-5,vigilance,potency,0.18130505112920386,0.03526240916330024,0.05290321351298048,0.61375,0.6275000000000001,False,True,True,True
openai_gpt-5,vigilance,unpredictability,1.2402023452737862e-06,0.02669737814842498,0.030801785662522892,0.29150000000000004,0.2375,True,True,True,True
openai_gpt-5,vigilance,valence,2.4028013547952685e-05,0.056202757939446346,0.05594640292279745,-0.3075,-0.22000000000000003,True,True,True,True
